,Depression
3429,1
57741,0
83234,0
136573,0
93261,1
71350,1
133876,0
106580,0
90468,0
48581,0
56163,0
104420,0
124379,0
101377,0
56880,0
46843,0
29496,0
12303,0
103717,0
45835,0
102897,0
90595,0
58835,0
95058,0
125499,0
48578,0
6705,0
131165,0
102203,0
30761,0
21917,0
19378,0
104733,0
53045,0
121628,0
10569,1
87935,0
113815,0
98248,0
92383,0
129507,1
112945,0
70734,0
65715,0
40482,0
72005,0
40057,0
57667,0
34985,0
90878,0
8341,0
4570,0
97276,0
61764,0
127583,0
2696,1
33709,0
4473,0
1056,0
100533,0
36512,0
31217,0
48393,0
59734,0
115852,0
30637,0
47111,0
117705,0
95791,0
18355,0
3935,0
113438,1
132293,0
127297,0
85381,0
133978,0
5298,0
27504,0
119869,1
19127,0
9232,0
6395,0
56302,0
26717,0
124069,0
7072,0
65414,0
36601,1
114569,1
62970,0
70047,0
109567,0
125423,0
122173,0
59784,0
133345,0
121457,0
94591,1
18089,0
134189,0
72090,1
31694,0
95864,1
15944,0
52766,0
28593,0
106662,0
137754,0
35601,0
86241,0
19690,0
115696,1
55526,1
111037,0
137839,0
127969,0
124269,1
91473,0
62899,0
137819,0
24907,0
82073,0
63152,0
69832,0
137269,0
9732,0
121471,1
4310,0
135063,0
96482,1
42112,0
33501,0
19922,1
29206,0
49647,0
13835,0
122563,0
56884,0
119821,0
133781,1
6316,0
12526,1
47977,0
41065,1
109150,0
24366,0
118725,0
107533,0
95026,0
131308,0
95664,0
75204,1
77457,0
55707,0
23285,0
90863,0
76707,0
22876,1
89229,0
105920,0
35769,1
117284,1
91589,0
127936,0
78908,0
97096,0
81842,0
71105,0
45979,0
56087,0
51731,0
21467,0
73308,0
53546,0
129527,0
52457,0
62025,0
11827,0
79567,0
133118,0
91182,0
12848,0
6873,0
104111,0
39788,0
134737,1
88201,0
122488,0
93249,0
125584,0
20586,0
41522,0
38310,0
112643,0
121797,0
47119,1
86163,1
71436,1
130631,0
22935,0
65992,1
139958,0
40938,0
50414,1
126137,1
127264,0
28192,0
15060,0
50302,0
110885,0
104427,0
92212,0
40036,0
24583,0
31130,0
95606,0
122160,0
51303,1
110411,0
64556,0
96345,0
104129,0
56353,1
108106,0
84631,0
85220,1
33230,0
3355,0
112756,1
105892,0
7143,0
66553,0
60125,1
133967,0
111078,0
9538,0
22254,0
51753,0
65862,0
58947,0
140151,1
68855,1
17535,1
27708,0
23016,0
118041,0
34238,0
42479,0
73812,0
250,0
75932,0
33731,0
113579,0
124877,0
140269,0
111646,1
87895,1
56347,0
64205,0
132260,0
28484,0
105031,0
135849,0
133123,0
96860,0
104957,0
47263,1
100982,1
76638,0
79087,0
137052,0
48221,0
50138,0
102862,0
73059,0
92596,0
83352,0
73642,0
84121,0
47678,0
85212,0
42686,0
42921,0
50930,0
119792,0
67793,0
94126,0
28941,0
26799,1
16316,0
131697,1
123334,0
83820,0
35020,0
78075,0
70386,0
117353,0
25061,0
7373,0
48033,0
57773,0
90276,0
52396,1
2769,0
74630,1
6631,0
109105,0
83181,0
91331,0
81242,0
2533,0
71062,0
47782,0
120295,1
118918,0
397,0
10347,0
5496,0
62351,0
62372,0
132723,0
85746,0
68300,0
78415,0
100813,0
106678,1
30602,1
127917,0
20911,0
63440,1
115240,0
47546,0
91563,0
28370,0
1571,0
170,0
87566,0
25297,0
9540,0
126974,0
129352,0
66834,0
130827,0
50695,0
73627,0
62234,0
16539,0
13933,1
118716,0
46182,0
92164,0
26561,0
118837,0
846,0
41204,0
64657,0
68256,0
96713,1
94339,0
83995,0
119163,0
120677,0
132463,1
110561,0
67511,0
121593,0
72329,0
126032,0
12230,0
119703,1
78043,0
53035,0
109372,0
24061,0
139410,0
16283,0
48686,0
58425,1
108969,0
30336,0
122477,0
117087,0
117265,0
99417,0
91263,0
42478,0
114431,0
116750,0
105114,0
139036,0
20644,0
37977,0
77864,0
110960,0
88452,0
15521,0
139181,0
4072,0
108761,0
52818,0
72317,0
98821,0
46639,0
92556,1
42767,0
51643,0
74512,0
48517,0
48067,0
55415,1
138687,0
84796,1
8461,0
114755,1
137714,0
76221,0
712,1
60281,0
36039,0
42255,1
2489,0
54799,0
26869,0
139225,0
70658,0
91240,0
125232,0
119477,0
29499,0
116883,0
81059,1
23962,0
58919,1
67248,1
52527,0
56369,0
1592,0
123101,1
38457,0
89486,0
78747,0
108297,0
109846,1
115080,0
137456,0
50628,1
15737,0
70870,0
43242,0
115175,0
94428,0
19587,0
123706,0
9689,0
96780,0
121650,0
8658,0
121638,1
111814,0
57515,0
28047,0
138367,0
24783,0
14627,1
73883,0
89698,0
33157,1
88375,1
64134,0
5541,1
72061,1
83900,0
73337,1
88380,0
68847,0
96135,0
37260,0
112444,0
94344,0
47447,0
48027,0
1868,0
14632,0
41982,0
123853,0
62452,0
112135,1
8515,0
31841,0
92080,0
6177,1
50256,0
70030,1
44546,0
68015,1
108679,0
97953,0
53350,0
22489,0
109622,0
2204,0
2387,0
69046,0
2081,0
125029,0
130871,0
40767,0
73778,0
29087,1
29509,0
20588,1
139785,0
131957,0
98410,0
92107,1
67146,0
69857,0
113436,0
51751,1
47925,0
100167,0
60014,0
79101,0
54470,0
55806,0
26661,0
83570,0
90180,0
20367,1
97997,1
29760,0
25030,1
65012,0
54240,1
45604,0
133165,0
100986,1
61213,0
114506,0
22562,0
72137,0
17805,0
21110,0
90787,0
22098,0
32562,0
136969,0
90416,0
134926,0
48584,0
126527,1
39892,0
74036,0
51141,0
107469,0
96490,0
93915,0
121163,1
49880,0
26050,0
72133,0
96218,0
8985,0
4626,0
76960,0
27780,0
55025,1
85027,0
32346,0
66348,0
118974,0
47500,0
120268,0
108318,0
39013,0
41598,0
107034,0
49609,0
86145,0
75126,0
46324,0
7097,0
126173,0
16346,0
9226,1
54757,0
58879,0
35788,0
100546,0
117426,1
17470,0
104461,0
116797,0
7677,0
52368,0
48113,0
105279,0
27578,0
25626,0
138308,0
105706,0
86522,0
61151,0
62023,0
136421,0
91247,0
83270,0
114296,0
34538,0
45888,1
72921,0
53476,1
38354,0
124119,0
41474,1
15579,0
97283,0
82991,0
72624,0
138567,0
127242,0
69062,0
47584,0
128944,0
124809,0
23261,0
49475,0
45752,0
70070,0
30301,1
134168,1
139381,0
55254,0
1325,0
135216,0
130009,1
7540,0
21229,0
34763,0
61153,0
139819,0
7690,1
81740,0
45174,1
110648,0
26301,0
52508,0
91431,0
12908,0
30360,0
111011,1
77361,0
90697,0
4251,0
84185,0
74728,0
54719,0
68777,0
10046,0
130229,0
93656,0
12574,0
35502,0
118797,0
125460,0
123660,0
53480,0
62961,0
97047,0
83554,0
29874,1
58303,1
79430,0
119897,0
111040,0
103744,1
121377,0
60745,0
57185,0
9664,0
42023,0
34492,0
77485,0
112970,0
105032,0
122019,0
130530,0
60446,1
84138,0
130920,0
14743,0
96257,0
104693,0
44220,0
87474,0
62965,0
109479,0
5630,0
104918,1
78807,0
118633,0
63905,0
59538,0
40302,0
109172,0
96586,0
28817,0
93387,1
70832,0
131127,0
118105,0
50312,0
78537,0
22160,0
72156,0
108321,1
76509,0
66204,1
122822,0
90754,0
68388,0
62626,0
43897,0
103428,0
41271,1
72524,0
29670,1
110443,1
127615,0
129557,0
12382,1
77220,1
101457,0
91684,0
78567,1
673,0
109020,0
133814,0
50743,0
129151,0
54282,0
112887,1
821,1
68746,0
92900,1
48096,0
125889,0
17714,0
117439,0
137616,1
28788,0
110429,1
88994,0
140024,1
43378,0
94856,0
6803,0
93814,0
29192,0
5860,0
101440,1
92137,0
9682,0
63456,0
50843,1
44240,1
86356,0
114907,0
94029,0
11982,1
11064,0
12722,0
133650,0
58081,1
52413,0
121967,0
119465,0
15245,0
113416,1
28906,0
23516,0
138331,0
19218,0
60224,0
58594,0
21939,0
7667,0
83502,0
69492,1
43599,1
120245,0
12379,0
89317,1
101743,0
93306,0
121915,0
22009,0
416,0
77890,0
134036,0
630,0
28926,0
39246,0
67076,0
36177,0
65287,0
81552,0
36699,0
123095,1
44910,0
62002,0
126222,0
42194,0
87459,0
64227,1
46298,1
3285,0
78550,0
122167,0
58967,1
109546,0
19264,0
6313,0
115768,0
81209,0
17795,0
401,1
56466,0
15984,0
6832,0
65858,0
136194,0
48207,0
24501,1
107169,0
22979,1
62062,0
102360,0
72683,0
123970,1
33226,0
129574,1
13267,0
82333,0
96062,0
118127,0
8268,0
67151,1
121864,0
11653,0
101943,0
74172,0
36719,1
76388,0
2522,0
108234,0
19126,1
138497,0
117373,0
73455,0
26689,0
52638,0
49185,0
84011,0
5641,0
46334,0
128595,0
81856,0
39059,1
26598,0
95465,0
60259,0
63495,0
85583,1
12226,1
24871,0
33341,0
69352,0
86815,0
58473,0
77194,0
89794,0
117241,0
53715,0
42666,0
10191,1
118913,1
63343,0
71629,0
49457,0
71108,0
26789,1
33068,0
137192,0
101700,0
1092,0
90088,1
40049,0
9236,0
429,0
90965,1
40779,1
129405,1
54938,1
75330,0
9094,0
88484,0
132647,0
50650,0
131871,1
110228,0
117575,0
6417,0
68839,0
1544,0
16131,0
134722,1
106073,1
7792,0
80933,0
504,0
4426,0
52252,1
122805,0
85569,0
93808,0
68427,0
138127,0
96481,0
57818,0
7141,0
37444,0
102981,0
16581,1
65759,0
97666,0
91858,1
50775,0
131901,1
129174,0
100345,0
17296,0
38753,1
132670,0
68365,0
90908,0
74077,0
88404,0
113109,0
99740,0
73216,0
128839,0
115459,0
63840,0
110935,0
135806,0
61020,0
4058,1
19193,0
17873,0
53663,0
11804,0
126906,0
66284,0
140506,0
56582,0
8137,1
36588,1
138358,0
131798,1
75486,0
136205,0
63057,0
66610,0
33894,0
103058,0
114136,0
130604,1
36279,1
108490,0
130707,0
80514,0
42819,1
59066,0
108556,1
9806,1
26349,1
137099,0
139213,0
4574,0
29804,0
103550,0
11567,0
92417,0
35048,0
36113,0
87407,0
118226,0
54668,1
90398,0
2532,0
33115,0
19831,0
74759,0
131943,0
113542,0
8158,1
118893,0
126246,1
34638,0
80400,1
78465,0
137623,0
83963,1
123286,0
32672,0
88604,0
132417,0
68044,0
32175,0
95727,0
70714,0
123962,0
85344,0
29302,0
60735,0
69421,0
75155,1
57778,0
115264,0
131975,0
72101,0
19222,0
62237,0
12798,0
49803,0
117560,0
78225,1
100677,0
52666,0
37825,1
56658,0
1810,0
115983,0
27163,0
88527,0
112097,0
8289,1
7107,1
78010,0
1483,0
40138,0
13866,0
24483,0
119087,0
16533,0
53365,0
49084,1
119507,0
71168,0
66258,0
52103,0
27137,0
77166,0
20695,0
103003,0
44229,0
52738,0
15237,0
128106,0
107370,0
10770,0
78689,0
128049,0
5478,0
74054,0
111236,0
12973,0
120700,0
127909,0
120185,0
135848,0
55996,0
57998,0
102232,0
57456,0
135694,1
41169,0
113480,0
59290,0
130131,0
67568,0
133385,0
78540,0
55922,0
59348,0
39664,1
7499,0
125311,0
97534,0
30212,0
96545,1
81253,0
98149,0
8434,1
69764,0
38418,0
77158,0
69746,0
73131,0
85081,0
132146,0
124800,0
124225,0
126213,0
56147,0
44667,1
73768,0
78171,0
20849,0
41953,0
52224,1
8475,0
106429,1
114319,0
89195,0
132024,0
104753,0
17725,0
55591,0
3098,1
105013,0
127664,0
134412,0
104848,0
4790,1
126652,0
52291,0
123181,0
114902,0
56690,0
110386,0
73783,0
38973,0
91499,0
76044,1
57816,1
49965,1
104285,0
111352,0
109251,0
98611,0
14245,0
8199,0
116554,0
40623,0
77396,0
123640,0
21685,0
127170,1
39699,0
66827,1
115049,1
58663,0
135323,0
105231,0
12858,0
4031,0
69150,0
61946,0
99151,1
52873,0
29700,0
37659,0
119116,0
100376,0
116064,0
80469,0
73433,0
11931,1
28209,0
69327,0
109340,0
17694,0
56134,1
122391,0
135915,0
61487,0
139402,0
19874,1
102722,1
107396,1
36122,0
124396,0
62457,0
4936,0
75796,1
130541,0
70770,1
95012,0
73204,0
79895,0
68143,0
95543,1
15127,0
110201,0
105821,0
66424,0
89279,0
81204,1
65823,0
95930,1
53082,0
105901,0
26753,0
76068,0
79743,1
23858,1
68737,0
51516,0
96783,0
2523,0
34666,0
16634,0
4296,0
64067,0
66276,0
136928,0
123242,0
121251,0
137024,0
119326,0
62668,0
82783,0
21944,0
106958,0
95266,1
57061,1
15083,0
125852,0
90682,0
83135,0
81357,0
61330,0
117592,0
41599,0
52212,0
43161,0
29274,0
139120,0
43548,0
25208,0
57466,0
60648,0
87684,0
54538,1
56768,0
7366,1
48369,0
103349,0
99614,0
58092,0
103897,0
57390,0
51721,1
122139,0
13810,0
1920,0
138921,0
56504,0
29821,0
6762,0
120818,0
28943,0
52353,1
12140,1
8239,0
20161,0
36664,0
2024,0
15895,1
84900,0
96230,0
128911,0
11485,0
92648,1
53017,1
12136,0
102684,0
8843,0
127214,0
139330,0
49580,0
46749,1
8285,0
140349,0
22895,0
59021,0
58901,0
101726,0
133014,0
26506,0
105209,0
126452,0
8488,1
61526,0
55586,0
82189,0
13660,0
17005,1
58211,0
72840,0
82314,0
114985,0
17282,0
68035,1
9705,0
89676,0
137649,0
42721,0
43610,0
65360,0
127812,0
108544,0
43345,0
132461,0
29657,0
95615,0
50348,0
103628,0
92794,0
125572,0
58125,0
53484,0
17390,0
55146,0
2021,0
98591,0
100439,1
30420,0
11045,0
104817,0
24658,0
129356,0
4544,0
66898,0
47337,0
39110,0
132113,0
55908,0
22095,0
68419,0
59449,0
89331,0
83788,0
95653,0
13677,0
138532,0
41981,0
39564,0
28581,1
69658,0
77957,1
64793,0
118047,0
92964,0
67597,0
35606,0
56861,0
35089,0
80593,0
51435,0
85440,0
56509,0
129485,0
4341,0
97680,0
38348,1
122581,1
47012,0
48257,0
13725,0
28492,0
105,0
80878,0
49151,0
137696,0
92062,1
14816,0
99212,0
101645,0
58130,0
62883,0
129621,0
11194,0
52115,0
60851,1
5432,0
130578,0
34309,0
106772,0
136497,0
120869,0
40852,0
90305,0
95231,0
53486,0
48080,0
60187,1
32586,0
120584,1
85425,0
90329,0
108310,0
110266,0
58028,0
131932,1
95185,1
133957,0
41642,0
96674,1
101775,0
134560,0
29562,0
102382,1
38876,0
64258,0
1182,0
16268,0
138424,0
38500,0
98129,1
36848,1
126622,0
11492,0
127555,1
97588,0
78299,0
76962,0
136068,0
97749,0
3793,0
119588,1
94499,1
37206,0
135998,1
107493,0
73685,1
92541,0
15511,1
78214,0
1643,1
110657,0
94941,1
98064,0
7821,1
105639,0
93489,0
131299,0
105344,0
88109,0
136234,0
35575,1
124274,0
29253,0
113298,0
76127,0
51559,0
19900,0
56936,1
61226,1
133921,0
21309,0
56592,1
135317,0
102173,1
48589,0
46077,0
42667,0
74181,0
980,0
47976,1
57157,0
25605,0
13786,0
117202,0
66117,0
52808,0
94572,0
129135,0
120718,0
93952,0
37345,0
15974,0
44395,0
104170,0
96802,0
61713,0
96457,0
14213,0
774,1
73637,0
56566,1
41518,0
56429,0
114668,0
93516,0
10972,0
3807,1
138577,0
127426,0
43103,1
99262,0
51202,0
31455,0
33414,1
94530,1
9734,0
34480,1
28026,1
121454,1
18745,0
55699,0
832,0
48195,0
21965,0
73558,0
22823,0
23066,0
83142,0
48288,0
139135,1
38935,0
91844,0
3353,0
20630,0
5100,0
59168,0
72292,0
140400,0
115107,0
93432,0
43803,1
91842,0
80598,0
97557,1
91000,0
38743,1
94317,0
65972,0
105071,0
118438,1
18338,1
72318,0
76448,0
22588,0
99653,0
3627,0
129657,0
108791,1
116755,1
46399,0
4441,0
135274,0
1461,0
44483,0
34189,0
45775,0
27060,0
136673,0
119454,0
46629,0
99440,0
27062,0
205,1
116308,1
127025,0
46514,0
62852,0
93552,0
113188,1
132821,0
85117,0
138224,0
92041,0
56748,0
5720,0
24116,0
1866,0
48629,0
135840,0
4961,0
19217,0
69197,0
112842,0
17456,1
78393,0
131642,0
14305,0
48718,0
47866,0
31404,1
29803,0
57075,0
126380,0
1875,0
88831,0
95562,1
63476,1
126023,0
120669,0
90332,0
6829,0
112655,0
31421,0
135196,0
51931,0
106656,0
50051,0
18637,1
87438,1
113863,1
130591,0
15190,0
10385,0
62335,0
114791,0
33193,0
113554,0
26904,1
55260,0
76367,0
58413,0
12795,1
21978,0
119598,0
96670,0
128753,0
109608,0
12627,0
75841,0
31821,0
80895,0
13868,0
53494,0
24453,0
135327,1
64239,0
61285,0
102760,1
104702,0
109673,0
116192,0
129334,0
90740,0
51318,0
111020,0
42084,0
71377,1
31723,0
39735,0
34805,0
130404,0
23059,0
63914,0
110464,0
71535,0
17419,1
51836,0
55774,0
58419,0
115439,0
134273,0
121453,0
122545,0
122165,1
63876,0
659,0
128904,0
8733,0
38203,0
46705,0
25836,0
96772,0
33785,0
83928,0
87568,1
21766,0
135652,0
68490,0
60788,0
53140,1
107618,0
6955,0
94138,0
25139,0
79724,0
13793,0
23219,0
120225,1
115747,0
16998,0
48381,0
35160,0
22023,0
18142,0
37751,0
65079,0
67865,0
38573,0
74166,0
67104,0
132899,0
30496,0
117290,0
118106,0
107675,1
72035,0
68773,0
86880,0
53505,0
82211,0
50858,0
79360,0
43559,0
60353,0
109106,0
4910,0
49657,0
77727,0
5575,0
9055,1
93709,1
52409,0
49634,0
126518,0
73162,1
54316,0
37098,0
99203,0
93309,0
18410,1
100589,0
122863,0
109257,0
110741,1
23093,0
81656,0
10498,0
21962,0
44700,0
81558,0
61898,0
10658,1
83446,0
18569,0
120716,0
106158,1
58566,0
138871,0
111411,0
109391,0
29287,0
72579,0
56624,0
7167,0
8384,0
21082,0
110697,0
126243,0
34864,0
65701,0
46556,0
112086,1
33600,0
29428,0
101815,0
98569,1
28780,0
19719,0
71315,1
38227,0
85015,0
81121,0
115009,0
24581,1
100242,1
139792,0
124499,0
61976,0
124547,1
108113,0
99204,0
22276,0
26910,1
110863,0
23088,0
104450,0
20066,0
139726,0
57124,1
68267,0
62134,0
95792,1
49724,1
98106,0
22654,0
122093,0
124217,0
139428,0
12099,0
139021,0
135859,0
63751,1
103743,0
134166,0
93572,1
122122,0
80668,1
82055,0
127736,0
140120,0
108506,1
130796,0
43136,1
99839,1
58284,0
73366,0
87947,1
72563,0
60196,0
130290,0
35948,0
93957,0
37470,0
1053,0
68636,0
25655,0
121920,0
95532,0
59244,0
2856,0
90161,0
118517,0
88973,0
119896,0
24608,0
39635,0
76678,0
19991,0
35952,0
22592,0
103407,0
75456,0
52975,0
47549,0
24079,0
66214,0
131857,1
26466,0
14426,0
122871,0
39228,1
42944,0
109734,0
130185,1
91051,0
3871,0
3079,0
131343,0
82879,0
22423,1
76510,1
128236,0
34098,1
7745,0
98619,1
112094,1
13281,0
21569,0
96647,1
52584,1
73365,0
46549,0
49868,0
38895,0
38827,0
53681,0
117538,0
25452,0
54909,0
106969,0
97001,0
135934,0
1268,0
117435,1
88879,1
109109,0
77863,0
94909,0
3729,0
121098,1
83849,0
15637,1
50658,0
17260,0
38086,1
94501,0
109775,0
124975,1
2096,0
101157,0
37082,0
17936,1
91393,0
54352,0
10003,0
134986,0
121793,0
80029,0
122444,0
42561,0
1809,0
118350,0
80813,1
137091,0
118253,0
53749,0
41557,0
27497,0
71160,1
133691,0
77998,0
30514,0
110197,0
41279,0
121215,1
50897,1
123032,0
134577,0
68255,0
129336,0
33471,0
21716,0
25730,0
39990,0
66221,0
25195,0
99829,0
106651,0
85807,0
9369,0
29868,0
33729,1
99608,0
13515,0
54195,0
132791,0
14664,0
109077,0
33212,1
43711,0
132180,0
26697,0
56303,0
53128,0
44934,0
23345,0
91928,0
30,1
36837,0
87294,0
13050,0
139704,0
15743,0
37078,0
78080,0
67920,0
100554,0
117360,1
66906,1
22141,0
82619,0
40667,0
91805,0
81278,0
18098,0
93907,1
65248,0
77019,0
138068,0
44409,0
2526,0
104973,1
65455,0
25828,0
89118,0
39113,0
51544,0
55688,0
93116,0
95916,1
38911,1
52094,0
94503,0
137527,0
42402,0
90765,0
113820,0
95687,0
14490,0
114639,0
13162,0
114173,0
95627,0
57374,0
82645,1
118016,1
33528,0
90486,0
98373,0
65729,0
137468,0
34818,0
64148,0
60080,0
102404,0
49773,1
82752,1
29355,0
50595,1
81272,1
138039,0
96365,0
18858,0
74012,0
92952,0
85553,0
21046,0
118310,0
97470,0
102161,0
107635,0
4586,0
52877,0
107114,0
13075,0
140483,0
88632,1
116582,0
53725,1
106249,0
119664,0
139146,0
114101,1
84134,0
118244,0
18695,0
61860,0
22730,0
83395,0
84678,1
64909,0
30429,0
92378,0
91760,0
85239,0
78229,0
3027,0
82516,0
65779,0
14809,1
122044,0
130336,0
95547,0
41445,1
10004,1
47978,1
100035,0
53871,0
105715,0
105425,1
35100,0
22751,0
60530,0
132786,1
82206,0
139587,0
60255,0
13526,0
86319,0
124647,0
88634,0
100619,1
42052,0
127250,0
53993,0
33718,0
110191,1
77411,1
92050,0
17822,0
102743,0
76636,0
68224,0
26250,0
34485,0
38485,0
122727,0
126762,0
6967,0
100980,0
131131,0
123589,0
29794,0
72274,1
1986,0
138461,0
35331,0
76929,0
7232,0
121738,0
14045,0
28296,0
87394,0
99529,0
48299,0
95818,0
57960,0
47342,0
100211,0
65860,0
7943,0
2664,0
21303,0
70482,0
109904,1
128009,1
21468,0
121368,0
48030,0
69475,0
119518,0
44397,0
45024,0
5516,0
12595,0
49582,1
106185,1
15586,0
135297,0
114257,0
47622,0
85626,0
87954,0
28130,0
74567,0
19784,1
97718,1
126752,1
21742,0
109910,0
78443,0
69992,0
23379,1
133396,1
40734,1
135594,0
90107,0
4272,0
54528,0
98133,0
127042,0
13765,0
136551,0
38486,0
66804,1
59720,0
47981,1
97882,0
92007,1
119975,0
51501,0
20677,0
133723,0
41278,0
120496,0
23190,0
116398,0
116246,0
27848,0
89465,0
94288,0
25664,0
110089,0
29742,0
7826,0
3260,1
121401,0
18814,0
63178,1
67353,1
132974,0
101148,1
65894,0
39975,0
127607,0
1474,0
126315,0
113373,0
134791,0
86823,1
99563,0
56209,0
58153,0
97947,0
126033,0
16429,0
106478,0
117044,0
125923,0
31759,1
8986,0
108303,0
45288,1
30250,0
132739,0
86023,0
75609,0
96060,0
135661,0
35913,0
138559,1
117168,0
5096,0
56828,0
221,0
102901,1
125383,0
20545,0
93518,0
8498,0
34326,0
138641,0
11300,0
96794,0
39548,1
10865,0
62839,0
39295,0
1831,0
92790,0
136956,0
99990,0
128430,0
136335,0
2891,0
108133,0
29468,0
83534,0
44545,0
56198,0
20250,1
13340,0
50707,1
55829,0
136644,0
32921,0
112746,0
61408,0
76084,1
32947,0
63498,0
129413,0
111121,0
83054,0
59255,0
38510,0
27606,0
6214,0
104437,0
111730,0
57955,0
37303,0
125622,0
50473,1
127783,0
1995,0
21786,0
129714,1
121682,0
49538,0
112179,1
43611,0
59039,0
126604,1
59003,0
7529,0
21763,1
110204,0
132941,1
139500,1
134000,1
89973,0
15946,0
123547,0
94537,0
54332,1
93645,0
48596,1
44766,0
118977,0
137432,0
80421,0
66240,1
104874,0
71452,0
14616,0
31617,0
76734,0
89236,0
136168,0
136657,0
87060,0
68886,0
118641,0
118269,1
92686,0
84877,0
22985,0
78134,0
49244,1
23926,1
57739,1
391,0
101952,0
46090,1
19908,0
65243,0
11389,0
77219,0
109969,0
70578,0
134829,1
21623,0
22558,1
35478,1
117716,0
123050,0
101777,0
91714,0
84301,1
108457,0
38432,0
73441,0
72874,0
5061,0
90939,0
105648,0
91528,0
7136,0
129178,0
76728,0
116900,1
129837,0
122902,0
71556,0
65604,0
37254,0
140556,0
40412,0
3804,0
125012,0
57440,0
136966,0
74257,0
118862,0
55438,0
120532,0
52801,1
17754,0
106385,1
22439,0
6034,1
12305,0
91961,1
38422,0
101479,1
139602,0
36526,0
54260,0
86349,0
125618,0
54020,1
122680,0
82839,0
38775,0
107758,0
128365,0
128750,0
52570,0
53683,0
33213,0
30190,0
77368,0
48573,0
6298,0
11632,0
37686,0
15544,1
140224,0
94550,0
120573,1
77611,0
138877,0
55119,1
41083,0
40199,0
96661,0
117025,0
44199,1
80500,0
68370,0
17284,0
2830,1
25698,0
51784,0
42399,0
102749,0
10809,1
80681,0
85732,0
138186,0
76675,0
20188,0
110612,0
77927,0
139189,0
126382,0
63264,0
112707,0
41332,0
64327,0
127468,0
1547,0
61266,0
12125,0
92498,0
78353,0
64468,0
51984,0
27146,0
96074,0
111805,1
2688,0
38551,0
118782,0
135874,0
83924,0
132593,0
35019,0
116194,0
24461,0
107318,1
31720,1
68853,0
53784,0
31006,0
71353,0
3446,0
24259,0
54859,0
34715,0
68073,0
8749,0
126356,0
72843,0
48599,0
94128,1
24892,0
138122,0
3621,0
15523,0
102806,0
77523,0
20091,0
139448,0
104638,0
54500,0
32719,0
47909,0
32094,1
101517,0
128247,0
65556,0
42229,0
134073,0
30695,0
110859,0
104321,0
26387,0
60931,0
95884,0
2299,0
115335,0
48035,0
101266,0
110586,0
42454,1
137948,0
87171,0
38788,0
114975,0
26557,0
5420,1
99372,0
95993,0
77888,0
28409,0
21649,1
36412,1
88983,1
119525,0
31046,0
41417,0
4750,0
87174,1
27401,1
81370,1
122691,0
66504,0
96770,1
98982,1
74197,0
35303,0
43039,0
37495,0
99170,0
94391,0
29220,1
39107,0
95090,0
125627,0
23612,1
112044,0
17497,0
84091,0
15260,0
67274,0
74460,0
58238,0
81435,1
61365,0
22901,0
133595,0
16599,0
47756,0
54509,0
88745,0
75829,1
125818,0
114567,0
104357,1
4003,0
53813,0
18017,0
122283,1
56622,0
100055,0
119294,0
54638,0
83833,0
64980,0
80163,0
21793,0
98743,0
133830,0
55962,1
129083,0
87513,0
131939,0
2726,1
45637,0
124812,0
55740,0
69794,0
87590,0
87461,0
117637,0
77067,1
128940,1
104434,0
105094,0
98882,0
44351,0
137923,0
71176,0
27305,1
135277,0
55464,0
40853,0
34916,0
43379,0
24227,0
76632,0
61804,0
40476,0
135561,0
79386,0
12944,1
70808,0
110473,1
26967,1
29781,1
120577,0
26988,0
112327,0
96764,1
12116,0
18153,0
140281,0
114930,0
65785,0
78418,1
11116,1
124280,1
68302,0
1275,0
86374,0
10024,1
54354,0
15276,0
128550,0
39560,0
95906,0
79566,0
74493,0
54265,0
22400,0
109667,0
132920,0
121360,0
132152,0
34174,0
16984,1
58984,0
7375,0
92287,1
1453,1
49865,0
15189,0
34054,0
16640,0
72412,0
30019,0
68996,0
52811,1
36780,1
121606,0
76810,0
55733,1
167,0
49023,0
93242,1
9769,0
38110,0
81622,0
11217,0
109699,0
44179,0
48748,0
12990,0
68542,0
88173,0
48270,0
99549,0
103697,1
62637,0
110402,0
66470,0
138594,0
23793,0
130556,1
102310,0
60198,0
128414,0
94413,0
54235,0
124175,0
16577,0
1441,0
123,0
7867,1
126637,0
79817,1
137682,0
76987,1
55355,1
123579,0
103543,0
1994,0
35173,0
70127,0
45557,1
39868,0
20078,0
126550,0
16895,1
84211,0
47601,0
25761,0
76934,0
82866,1
5361,0
4601,0
39917,0
66761,0
23351,0
3206,0
104578,0
24949,1
106437,1
28069,0
28162,1
96347,1
22172,0
126308,1
83156,1
28240,0
132823,0
39756,1
32112,0
132978,0
17670,0
41788,0
62244,0
53172,0
138993,0
140225,0
42533,0
94228,0
131351,1
10174,0
49260,0
13596,1
80977,1
90996,0
118365,0
127828,0
28469,0
79279,0
50799,0
69100,0
83689,0
14435,0
3456,0
112993,0
120587,0
41433,1
40966,1
74094,0
9142,0
93728,0
55869,1
85267,0
7520,0
120621,0
125816,0
7741,0
57829,0
70722,0
74835,1
8394,0
27446,1
22310,0
137208,0
18344,1
83483,0
71110,0
41028,0
84226,0
112724,0
25872,0
138213,0
103859,0
22015,0
34088,0
76128,0
44081,1
37173,0
10571,0
65431,0
87151,1
33628,0
140208,0
37381,0
81597,1
27264,0
101106,0
55653,0
69842,0
28904,0
50077,0
138040,0
675,0
77248,0
105502,0
35399,0
78612,1
59823,0
99263,0
44018,0
85357,0
138780,0
98652,0
18359,0
140293,0
120222,0
92375,1
104345,0
114004,0
54681,0
110678,0
45456,0
100679,0
86350,0
106844,0
93052,0
34749,0
64156,0
125602,0
30717,0
43061,0
4340,0
136248,0
38770,0
78148,0
32950,0
137431,1
128572,0
22113,1
68768,0
64367,0
36163,0
73327,0
858,0
121664,1
69739,0
27473,0
110002,0
85194,1
38534,0
103403,0
113734,0
86008,0
18408,0
123138,0
138683,0
98732,1
14335,0
20184,0
123512,0
36164,0
114781,0
123704,0
106870,0
115720,1
39497,1
133186,1
94853,0
130651,0
87591,0
133580,1
11759,0
87246,1
86707,0
63679,0
13629,1
54956,0
56365,0
7132,0
70085,0
43422,0
40708,0
47928,0
122503,0
81340,0
113220,0
12562,0
57357,0
79592,0
113698,0
115513,0
9042,0
53029,0
80743,0
32901,1
2070,0
116630,0
80484,0
108500,0
69826,0
62319,0
13822,0
65187,0
45161,1
133767,1
85098,1
66662,0
22922,0
34079,0
48891,0
42738,0
41738,0
20981,0
99613,0
105365,0
23805,0
68374,0
51944,0
66600,0
112237,0
107852,0
111862,0
75962,0
108813,0
125099,0
84289,0
59399,1
111358,1
100306,0
134021,0
138974,1
10551,0
42214,0
72064,0
96930,1
11898,0
92484,1
66666,1
24313,0
134724,0
35893,0
32663,0
59834,0
4246,1
134790,0
72722,0
99684,1
21459,0
93881,0
53978,0
35569,0
7604,0
9881,0
22329,1
130311,0
61382,0
64650,0
15118,0
127995,1
11173,0
27696,0
117451,0
46763,0
126667,0
68858,0
104676,0
17867,0
6598,0
78009,0
19772,0
21009,1
65062,0
24369,0
11163,0
131619,1
50711,0
64547,0
18332,0
49612,0
84675,1
54110,0
119752,0
66083,1
94618,0
66196,0
16740,0
87221,0
63346,0
75050,1
120572,0
121370,0
8442,0
36709,0
33762,0
44498,0
33642,0
93679,0
75575,0
52297,0
54725,1
46057,0
70344,1
118984,0
115795,0
115713,1
96800,0
130111,1
133591,0
63865,0
58262,1
91859,1
130620,0
70262,0
6979,0
51052,0
119767,0
132346,0
73361,1
18927,1
97726,0
42576,0
4522,0
26659,0
40913,0
34665,0
5397,0
136422,0
136320,0
28345,0
41568,0
104525,0
136897,0
94446,0
43702,0
95335,0
61660,0
140018,0
132469,0
101384,0
454,1
31038,1
72083,1
90505,0
59767,0
116260,0
1815,0
65345,0
10779,0
115042,0
43983,0
53747,0
31886,0
116381,0
87018,0
47352,0
102918,0
16099,1
61561,0
21633,0
47853,0
93082,0
81187,0
136040,0
11727,1
117119,0
107347,1
109697,0
114996,0
57277,0
99159,0
6657,0
77200,1
123108,0
139740,0
19637,0
133068,0
104835,0
37226,0
82170,1
42813,1
36781,0
83001,0
33540,0
67694,0
108258,1
77472,0
83363,0
28127,1
128111,0
58926,1
79147,0
80267,0
7587,1
80828,0
14124,0
115972,0
26563,0
25014,0
2258,0
29914,1
14460,0
114915,1
5388,0
115156,1
108280,0
39671,0
89385,0
53306,0
126408,1
31643,0
64763,0
98641,0
48795,1
4271,1
47150,0
28282,0
14034,1
95273,0
72833,0
92438,0
6857,0
31168,0
33094,1
105163,0
120127,0
72429,0
116331,1
78114,0
122196,0
135471,0
113853,0
112156,0
62646,0
92381,1
93499,0
56317,0
37961,0
21912,0
53990,0
9000,0
117956,0
88833,0
50361,0
39941,0
29593,1
66921,1
44973,0
126102,1
13863,0
36875,0
132083,0
72729,0
21293,0
15425,0
80345,0
42637,0
7053,1
110662,0
72764,0
91618,0
66325,1
56851,1
110004,0
88345,0
23341,0
13724,0
87736,0
67477,0
13203,0
126577,0
25831,0
106792,0
90308,0
38021,0
29127,0
71001,0
73826,0
33759,1
103486,0
100608,0
73320,0
70339,0
46527,0
24427,0
18292,0
862,1
51835,1
129892,0
49937,0
3603,0
48333,0
82831,0
107221,0
109407,0
119948,0
8940,1
35605,0
119764,0
103571,0
55685,0
15368,0
46565,0
66008,1
127449,0
109230,1
60580,0
135655,0
20840,0
8701,0
68162,0
69952,0
25186,0
30399,0
18484,0
90684,0
4392,0
97566,0
37313,1
57626,1
86583,0
100353,0
28789,0
46027,1
87310,0
126236,0
94983,0
32158,1
79582,1
40273,0
102699,0
48476,0
9376,0
40095,0
81523,0
120512,0
57571,0
7030,1
55297,0
66965,0
34801,0
12231,0
77825,0
70021,0
110117,0
116615,0
24842,0
53580,0
116402,0
110953,0
107953,1
27283,0
114119,0
123345,1
60429,0
28356,0
102184,0
134583,0
33806,0
135250,0
48761,0
34332,0
124752,1
16363,1
73168,0
133005,0
77009,0
18680,0
4261,1
101590,0
107760,0
107867,0
64184,0
58664,0
44332,0
38667,1
18127,0
36687,0
3222,1
69761,0
9531,1
138932,0
71692,1
43489,0
82380,0
40746,0
134348,0
77188,0
137645,0
104202,1
100741,0
119786,0
110855,0
125350,0
30450,0
7857,0
75322,1
86964,0
139686,0
49175,0
118478,0
46615,0
125291,1
32010,0
48056,0
10996,0
92511,0
42532,0
59371,0
67614,0
51029,1
12030,0
109143,0
106498,0
33434,0
107146,0
49348,0
127458,0
97402,0
87485,0
74641,0
91072,0
11242,0
115413,0
86139,0
77869,0
32235,0
130017,0
20442,0
44975,0
17107,0
137182,1
50331,0
19677,1
23828,0
41610,1
98976,1
103447,0
25594,0
51172,0
128901,0
95522,0
102653,0
60071,0
127480,0
79835,0
17333,0
138256,1
53890,0
28624,0
48136,0
107331,1
42358,0
9470,0
62375,0
91068,0
79761,0
6818,0
126788,1
99461,1
70516,0
34856,0
39071,1
101328,0
11216,0
72906,0
19037,0
116348,0
5002,0
95130,0
21323,1
15356,0
13902,0
14675,0
103192,0
76131,0
128041,0
90973,1
7043,1
43687,1
36274,0
10425,1
36485,0
114794,0
23012,0
77622,0
43315,0
28291,0
40237,1
101616,0
45064,0
138955,0
136449,0
112508,0
134259,1
33893,0
80244,0
68038,0
95077,0
9444,0
8585,0
54206,0
133444,0
96235,0
133387,1
77310,1
16657,1
104035,0
4687,0
22006,0
134672,0
38000,0
72599,0
77121,0
119990,0
123840,0
135996,0
65658,1
50264,0
123023,0
105121,0
48039,0
98092,0
30391,0
3122,0
126737,1
51675,0
35260,0
4361,0
30759,1
90001,0
79313,0
7142,0
11133,0
25245,0
88047,0
132040,0
33755,0
50054,0
106179,0
89972,0
138182,0
1613,0
121245,1
103943,0
57130,0
30057,0
44805,0
120234,0
57620,1
36711,0
109162,0
107598,0
67595,0
70572,0
44046,0
94260,0
10407,0
66949,0
97583,1
63502,0
125604,0
74408,1
9666,0
131066,0
72971,0
80084,0
64630,0
105910,1
90967,0
6765,0
53866,1
103770,0
55739,0
139283,0
129820,0
44411,0
63484,0
29231,1
45705,1
106255,1
79916,0
137622,1
23211,0
40987,0
102804,0
98991,0
113094,0
121698,0
118451,0
119647,0
126502,0
57479,0
13865,0
62004,1
23207,0
62995,0
26891,0
113340,0
18601,0
32119,0
20674,0
27728,0
63995,1
12920,0
83481,0
127246,0
109901,1
138515,0
40143,0
50107,0
48163,0
60343,0
10568,0
62971,0
61888,0
51227,0
103309,0
119905,0
76584,1
72671,0
3611,1
46524,0
57598,1
87649,0
48405,0
123908,0
139102,1
112428,0
64708,1
38234,0
90335,0
59199,0
132843,0
135031,0
1882,0
135817,0
60253,0
59821,0
96898,0
7101,0
121826,1
47372,0
137618,0
108946,0
83495,0
103948,0
42674,0
5667,0
49797,0
102531,0
39505,0
90265,1
93433,0
99860,0
87058,0
101113,0
33524,0
36502,0
75715,0
117440,0
47814,1
110288,0
58072,1
68897,0
134756,0
88942,0
33587,0
30981,0
108495,0
69812,1
78354,1
129396,0
82180,0
6292,0
124916,0
124346,1
130223,0
55625,0
76226,0
38065,0
79598,0
9203,0
114535,0
118342,1
55120,1
28755,0
83368,0
92836,0
103763,1
58593,1
41585,1
1062,0
44772,1
43792,0
81478,0
89692,0
135665,0
88081,0
10466,0
136587,0
58210,1
40834,1
29689,0
49082,0
3574,0
94690,0
76804,1
23816,0
89693,0
98582,1
34428,0
16859,0
123731,0
56574,0
84869,0
96493,0
53704,0
20251,0
8472,0
126753,0
16058,0
43822,0
30455,0
122112,0
79009,0
125273,1
85338,0
17817,0
28218,0
37999,0
133820,0
92644,1
46464,0
117911,0
116325,0
114092,0
26487,1
102957,1
95621,0
61505,1
112478,0
97248,0
90352,1
109590,0
50840,0
21977,1
96575,0
35183,0
138576,1
113006,0
88549,0
30713,0
12553,0
106989,0
98052,0
37547,0
15965,1
33592,0
88302,0
112571,0
115689,0
79691,1
30136,0
28996,1
32525,0
121976,0
4827,1
100230,0
903,0
471,0
50427,0
106828,0
91103,0
98113,1
45222,1
69301,0
93236,0
92480,1
29273,0
62495,1
96760,0
122107,0
103924,0
115308,0
136257,1
73445,0
54115,0
91168,0
123688,0
2253,0
30110,0
106308,1
68229,1
67445,0
89713,0
12672,0
58395,1
119295,0
108602,0
45586,0
102681,0
40829,0
134145,0
83520,0
77636,0
65769,1
136273,0
49483,0
113841,0
87354,0
35023,1
79257,1
99020,0
137092,1
96,0
74949,1
100369,0
140564,1
48189,0
76861,1
48368,0
9496,1
43607,0
136581,1
123873,0
88505,0
63441,0
83088,1
23451,0
34407,1
10936,0
33359,0
127317,0
99220,0
59799,1
98507,0
116764,0
19190,0
108899,0
43946,0
114654,0
6946,0
135520,0
133617,0
36121,0
106622,0
45423,0
52233,0
139712,0
113435,0
137363,0
94159,0
98881,0
20244,0
26505,0
135678,0
127159,0
74507,0
128979,0
53915,0
140574,0
95750,0
3356,0
2731,1
66873,0
39799,0
52624,0
41199,0
100889,1
70338,0
91388,0
44165,0
34357,0
131710,0
22052,0
82154,0
76703,1
59126,0
73302,0
52991,0
17745,0
134545,0
50294,0
93402,0
115549,0
30280,0
65180,0
73170,0
134114,0
24262,0
10490,0
119725,0
44407,1
40808,0
59067,0
66507,0
47086,0
22367,0
83453,0
121209,0
11847,0
81585,0
2777,1
11866,0
97848,0
66014,0
67017,0
64117,0
61321,0
96118,0
41196,0
74722,0
93849,0
28084,0
32362,0
23081,0
89781,0
122482,0
16471,0
91465,1
99243,0
91919,0
140237,0
118005,1
66829,0
107842,0
67634,0
139228,0
103358,0
103471,0
135712,0
125776,1
126012,0
103566,0
110924,0
87361,0
9694,0
102881,0
133929,0
93036,0
73973,0
103117,0
48858,1
98774,1
21381,0
31863,0
53192,0
88744,0
12650,0
98044,0
95057,0
102319,0
94711,0
23040,0
95197,0
37304,0
38384,0
99279,0
47502,0
120209,1
46946,1
24999,0
7486,1
20065,0
26168,0
5451,0
59862,0
31654,0
78232,0
137709,0
56708,0
81939,0
129947,0
55742,1
105867,1
70217,0
97878,0
113401,0
98891,1
129179,0
83459,0
53447,1
88192,0
41774,0
74621,0
122334,0
6851,0
31174,1
39853,0
98717,0
30370,0
81138,0
110879,0
90708,0
102372,1
75087,1
136874,0
72658,0
66620,1
93713,0
136642,1
81074,0
56837,1
24934,0
127060,0
119842,0
120484,0
898,0
138394,0
45679,0
92332,0
2841,0
131242,0
27223,0
78251,0
80755,0
128869,0
107779,1
119044,0
99053,0
136150,1
98904,0
24144,0
21208,0
17364,0
98541,1
97919,0
13220,0
40094,0
77257,1
86605,1
69395,0
45781,0
131094,1
113567,1
59004,0
48069,0
37525,0
16243,1
27312,0
61469,0
77448,0
129682,0
24060,0
74429,0
21680,0
56630,1
70688,0
101250,0
139897,0
27817,0
69900,0
94508,0
137938,0
52528,0
19314,0
105997,0
87654,0
73521,0
134512,0
122844,0
93039,0
83442,1
69638,0
20042,0
111417,0
123403,0
116969,0
117367,0
31459,0
136884,1
117390,0
9095,1
92935,0
10510,0
33941,1
36286,0
82944,0
129102,0
65641,1
19658,0
37706,0
106719,1
58961,0
108831,0
15643,1
81518,0
82063,0
64306,0
79639,1
139137,0
140654,0
32325,0
64868,1
140426,0
58973,0
37472,0
51489,0
134618,0
102138,0
65608,0
33340,1
7336,0
26489,0
56806,0
125314,0
108183,0
51550,0
109240,0
19692,0
121421,1
138901,0
99099,0
27887,0
33468,0
132284,0
41205,0
5739,0
63464,1
130466,0
90885,0
58596,0
45249,1
26470,0
82730,1
114090,1
127403,0
87369,0
2108,1
135326,0
104136,0
69403,0
31464,1
17602,0
47449,1
14207,0
77507,0
109341,0
3867,0
86369,0
86148,0
81525,0
136210,0
118046,0
115509,0
133169,0
37046,0
53634,0
29204,0
104906,0
28066,0
37683,1
118883,0
58617,0
30089,1
67261,0
63525,1
17964,0
13073,0
88178,0
26894,1
92677,0
89881,0
37833,0
120804,0
6093,1
120350,0
74889,0
102000,0
6110,0
109526,0
28336,0
112969,0
4225,0
38222,0
126591,0
24931,0
3128,1
27699,0
32855,0
19550,0
64589,0
41245,0
116345,0
30199,1
115648,1
81542,0
9445,0
24885,0
112182,0
6693,0
81257,0
10978,0
54540,0
109679,0
124196,0
78022,0
104723,0
121068,1
28860,1
9145,0
101172,0
88940,0
131931,0
32083,1
106588,0
8605,0
107759,0
117336,1
2102,0
133405,0
122401,0
134762,1
3829,0
102669,0
24833,1
79224,0
120306,0
48151,0
133467,0
19610,0
45073,1
101475,0
27602,0
93736,1
94017,1
50423,0
74697,0
27207,0
43306,0
110066,0
36818,1
60053,0
16380,0
52916,1
12433,0
76287,0
3404,0
57570,0
15558,0
67121,1
7302,0
104797,1
66484,0
95091,0
611,1
86027,0
24484,0
106417,0
112113,1
71699,0
105640,0
41791,0
42394,1
107626,0
42212,0
95618,0
56876,0
32835,0
85261,0
121089,0
15945,0
35680,0
129316,1
16917,0
79718,0
60268,0
49615,0
79481,0
23458,0
70442,0
57679,0
5208,0
129479,0
75044,0
11406,1
2097,0
12834,0
59300,0
120739,0
7042,0
13524,0
21820,0
2512,0
140644,0
95678,0
20263,0
5147,0
119222,0
21552,0
56310,1
125609,1
102580,0
93100,0
39626,0
64823,1
45619,0
78480,1
6842,0
116182,1
4775,0
33906,0
55761,1
98943,1
5065,0
91794,0
64817,0
34766,0
8445,0
36548,1
10056,0
53809,0
23462,0
53863,0
84617,0
33290,0
100125,0
56418,0
51177,0
67283,0
22816,1
43582,1
21038,0
29094,1
121744,0
123500,0
80072,0
4679,0
86724,0
30662,0
71145,0
73723,0
131183,0
91035,1
52521,1
1758,0
109678,0
109859,1
7045,1
96378,1
77678,1
7348,1
128880,0
90197,0
78848,0
46228,1
73708,0
116842,0
30207,0
25265,0
42298,1
23308,1
131712,0
74497,0
14253,1
83123,0
3048,0
82852,0
27650,0
1513,0
102490,1
81716,0
112927,1
116486,0
113828,0
114233,0
121704,0
106982,1
18207,0
61529,0
79103,0
91221,0
108526,0
128104,0
34184,0
5719,1
126322,0
75576,1
111155,0
41389,0
90212,1
68706,0
87138,0
95336,0
49393,0
77301,0
67362,0
69333,0
74296,1
125832,0
84628,0
98121,0
39568,0
94739,0
125268,0
27374,0
43030,0
46890,0
44213,1
68265,0
95442,0
74939,0
70984,0
41771,0
57119,0
107235,0
124053,0
3276,0
88373,0
70655,0
62742,0
127782,0
28387,0
88824,1
117266,0
12133,1
48938,0
80451,0
998,0
55141,0
128959,1
4178,0
69655,1
95348,0
61366,0
17445,0
43794,1
84686,0
85182,1
23546,1
53843,0
43135,0
50413,1
106998,1
26242,0
29279,0
2213,0
15610,0
98630,0
126640,0
98527,1
93658,0
38987,0
75072,1
43395,0
46489,0
92608,0
133000,0
140043,0
102012,1
75875,1
95162,0
41676,0
64881,0
21938,0
53060,0
117573,0
63784,0
138998,1
40759,0
103491,0
37615,0
102950,1
10798,1
138750,0
10869,1
41972,0
123567,0
72187,0
136197,0
61445,0
47684,0
3095,0
120397,1
84929,0
42769,0
125730,1
35770,0
23076,0
60497,0
108616,0
100502,0
59140,1
50179,0
21253,0
113486,0
35241,0
36298,0
120141,0
60471,0
83171,0
91250,0
104622,0
115816,0
638,0
21172,0
80058,0
105779,0
70311,0
113685,0
42884,0
70912,0
126403,0
62652,1
108991,0
67252,0
64101,0
7527,1
85458,0
40381,0
45299,0
121125,1
42299,0
12642,1
597,0
99821,0
88126,1
128623,0
131841,0
88789,0
16175,0
65073,0
52935,1
7079,1
68903,1
17074,0
77272,0
33204,0
106735,0
2046,0
41392,0
78907,0
8379,0
38781,0
20633,0
60314,0
39465,1
54373,0
447,1
90890,1
41602,0
14153,1
119110,0
138219,0
36181,0
35217,1
46265,0
100524,0
95980,0
138436,0
86101,0
24531,0
137750,0
20772,0
119481,0
87819,0
54163,0
124251,0
1619,0
13190,0
33714,0
86801,0
3423,0
39579,0
67664,0
44915,0
76784,0
130101,0
93740,0
135913,1
126584,0
80542,0
121911,0
115148,0
45983,0
78558,0
49944,0
63999,1
1630,0
113568,0
96089,0
117628,0
44185,0
93040,0
72889,0
61349,0
99884,0
14557,0
75462,0
97407,0
8226,0
90756,0
38578,0
49569,0
94806,0
133608,0
33173,0
47233,0
124312,0
68343,0
40239,0
83081,0
56954,0
51151,0
52951,0
122317,0
124337,0
125517,0
127305,0
125308,0
104891,0
3443,0
125128,0
24228,0
27577,1
62835,0
102426,0
29888,0
32642,0
41010,0
61502,0
98189,0
35203,0
8126,0
113725,0
40744,0
3996,0
81837,1
25997,1
9274,0
38361,0
89763,1
60664,1
84477,1
130492,0
114025,0
46601,0
122118,0
67579,0
57064,1
97725,1
138383,0
93316,0
96618,0
87889,0
99030,0
71203,0
28349,0
28728,0
75559,0
39000,0
31377,0
135624,0
77915,1
109484,0
102977,0
29485,1
57682,0
104033,0
72709,0
4786,1
45877,0
67230,0
120647,0
128186,0
34720,0
73848,0
80544,0
133817,0
102101,0
28455,0
3124,1
89110,0
106537,1
73197,0
21665,0
49455,1
136699,0
25300,0
24067,0
48160,0
55520,0
122832,1
3655,0
70133,0
74260,0
55671,1
79015,0
91609,0
19754,0
98258,0
140477,0
48265,0
74636,0
17428,0
1928,0
85448,0
133395,0
75239,0
119524,1
2064,0
114239,0
32916,0
108126,0
89131,0
36382,0
30888,0
10575,0
106849,1
56104,0
77618,0
38166,0
87110,1
38320,1
53095,0
27455,0
61655,0
87388,0
77081,0
96871,0
17083,0
25794,1
117465,0
122487,0
58330,1
109971,0
67932,1
59514,0
112947,0
73496,0
123699,1
3917,0
63043,0
57859,0
105180,0
19524,0
17935,0
34571,1
56117,0
82644,0
132082,0
39197,1
92197,0
125176,1
12782,0
51998,0
59524,1
103931,0
26788,0
128335,0
62786,0
77075,0
29559,0
11549,0
40103,0
26099,0
4295,0
38447,0
88306,0
79952,0
16776,1
82859,1
65558,0
3184,0
77460,0
105817,0
60378,0
103989,0
25309,1
12354,0
73078,1
95563,0
128090,0
6022,0
76564,0
86039,1
92785,0
90879,0
111750,0
25778,0
58581,0
50195,0
54968,0
19768,0
103325,0
111225,0
93958,0
29330,1
25026,0
111304,1
3703,0
104668,0
139416,0
65995,1
16507,1
128267,0
74424,0
133753,0
302,0
96581,0
48123,0
23185,0
7606,0
116424,0
69086,0
115028,0
9108,0
108137,0
14972,0
103472,0
28079,1
29863,0
103421,0
12044,0
50996,0
95237,1
57733,0
128239,0
79442,0
87650,0
75722,0
136667,0
49211,0
62581,1
105702,0
100383,0
64661,0
110542,0
137311,0
37280,0
95635,0
68240,0
19110,0
120265,1
87794,1
107091,0
89841,0
110533,0
102992,0
40373,0
102662,0
82958,1
48811,0
125010,1
107239,0
131038,0
130944,0
27129,0
85384,1
73754,0
42711,0
21178,0
68603,1
110168,0
103990,0
84219,0
95564,0
74008,0
14544,0
135286,0
62778,0
115381,0
64566,0
45208,1
68940,0
107644,0
27148,0
64046,0
80948,0
117341,1
62192,1
13098,0
25901,0
21948,0
40363,0
14713,0
2154,0
11969,1
118260,0
62338,0
17582,0
113199,1
1169,1
30413,0
38084,0
134007,0
19868,0
138418,0
34170,0
16114,0
72091,1
101177,0
13298,0
49214,0
119621,0
122398,1
79129,1
136355,1
140158,0
104207,1
102030,0
123163,0
9701,0
140561,0
98024,0
45782,0
42613,0
8064,0
55777,1
87114,0
98910,0
1814,0
4281,0
122968,1
83379,0
29616,0
2737,0
77581,1
42705,0
68884,1
115736,0
82954,0
130291,0
27864,0
89072,0
786,0
71512,0
122246,1
7521,1
130945,0
75515,1
20707,0
92640,0
8342,1
90934,1
80534,0
93662,0
4641,0
92586,0
44775,0
45636,0
73879,0
75093,0
121169,0
112915,0
10741,0
37114,1
116563,0
34130,0
75793,0
110158,1
114942,0
1484,1
140410,0
73926,0
134438,1
45193,0
12261,0
105326,0
43007,0
54144,1
55565,0
101010,0
110603,0
140662,0
74763,0
86123,0
50819,0
71128,0
87978,0
108434,1
26217,0
90576,0
80581,0
5088,0
69536,0
87222,0
54972,0
2742,0
114012,0
32804,0
94650,0
117494,0
120351,0
86845,0
34697,0
112709,1
98088,0
26707,0
62329,0
117173,0
3220,0
78810,1
45092,0
20823,1
123771,0
48107,0
8768,1
37044,0
17312,1
62445,0
72201,0
41716,0
41584,0
42620,0
78146,0
44701,1
3205,0
57193,0
50049,0
96677,0
27314,0
52676,1
23562,0
98700,1
72322,0
113267,1
96810,0
7654,0
17036,0
139316,0
132019,1
63006,0
42853,0
19733,0
122151,0
44971,1
36637,0
120438,0
12016,1
3056,0
40422,0
86019,0
73286,0
13531,0
19488,0
132206,0
17636,0
34039,0
83956,1
33263,1
122211,0
135788,0
10271,0
100904,0
128419,0
76198,1
97005,0
27285,0
63524,0
22725,1
16832,0
19943,1
3975,0
59962,0
74049,0
138269,1
35514,0
59605,0
69831,0
41401,0
6848,1
85125,0
5107,0
125971,0
2859,0
37499,0
25695,0
94643,1
31152,0
9417,1
72726,0
59663,0
136885,0
106017,0
43939,0
13198,0
42035,0
115279,1
85525,0
125126,0
23798,0
119596,0
85561,0
51487,0
135961,1
23297,0
46535,1
94576,0
37698,0
4314,0
80351,0
76362,0
61478,0
140629,1
2853,0
10526,0
65116,1
122419,0
96650,0
47570,0
75775,0
104737,0
100872,0
76376,0
101442,0
122685,0
48865,0
7955,0
20155,0
52640,0
37707,0
139444,0
61160,1
56327,0
997,0
66544,0
1019,0
127047,1
86452,0
22673,0
8178,0
98301,0
113441,0
113453,0
19287,0
116793,0
83382,0
36211,0
96709,0
81779,0
88073,0
54212,0
106582,0
83285,0
41803,0
118627,1
50315,1
127316,0
12906,0
22184,0
45387,0
56815,0
119961,1
49220,0
41648,1
15481,0
140008,0
69143,0
116171,1
12741,0
55680,0
125160,0
107070,0
71169,0
16721,0
109333,1
128566,0
28671,1
92368,0
131754,0
114176,0
33197,0
54736,0
31603,0
52417,0
85227,0
102624,0
16004,0
80901,1
125397,0
61559,0
59019,0
51232,0
75457,0
4331,0
102491,0
124066,0
74440,0
41386,0
118734,0
122008,0
132616,0
15429,0
127784,0
134688,0
125316,1
6133,0
84676,0
55483,0
115967,1
42758,0
72114,0
65256,0
110659,0
40872,0
106026,1
37561,0
49287,0
48963,0
43239,0
13825,0
98703,0
70317,0
83229,0
48784,0
39890,0
51967,0
84951,1
36978,0
139854,0
111031,1
37841,0
10363,1
39608,0
35098,0
95828,0
104244,0
75877,0
37747,0
138416,0
75370,0
9827,0
986,0
51533,0
8769,0
10291,0
129914,0
14623,0
112633,0
122219,0
55195,1
36272,0
81682,0
92010,0
100279,0
25964,0
22430,0
117940,1
87576,0
132439,0
26657,0
12492,0
102673,0
115630,0
79622,0
85552,0
35695,0
22777,0
124435,0
123486,0
19170,0
59221,1
78559,0
4221,0
93927,0
133261,0
5234,0
72659,1
114036,0
118560,1
71289,0
12532,0
123787,0
60848,0
17472,0
44721,0
51164,0
94925,0
12542,0
111101,0
93801,0
92458,0
46302,0
1578,0
28956,0
34101,1
46891,0
71016,0
95199,0
36919,0
29745,0
138136,1
112075,0
92886,0
87944,0
104360,0
43633,0
28592,0
10424,0
80773,1
88766,0
105720,0
138241,0
24161,0
139336,0
41966,0
76906,0
102680,1
42749,0
88738,0
64270,0
59929,0
91100,0
91274,0
64023,1
105870,0
128768,1
32709,1
12669,1
137906,0
117699,0
74133,1
84472,0
79282,0
66033,0
119268,0
34173,1
133365,0
30182,0
95740,0
31707,1
59326,0
60781,0
96256,0
139509,1
102907,0
5421,0
80946,0
95735,0
121162,0
11795,0
7288,1
75415,1
140210,0
53781,0
10332,0
69264,0
17431,0
39390,0
124425,0
132273,1
74155,0
83748,0
42632,1
62953,0
79533,0
81802,0
135946,0
58116,0
32622,0
9690,0
106085,1
70680,0
102772,0
81358,1
131405,1
104161,0
19210,0
33625,0
70594,0
19902,1
19103,0
24229,0
61706,0
48218,1
13931,0
31980,0
69553,0
105203,0
27959,1
122827,0
111505,0
138218,0
127526,1
30208,1
138087,1
33253,0
2922,0
32762,1
74608,0
5157,0
117925,0
1590,0
124161,0
33612,0
93931,1
115733,0
86622,0
50369,0
138422,0
21171,0
74186,0
14459,0
18909,0
69310,0
12504,0
132337,1
54239,0
56799,0
87916,0
15097,0
5884,0
43937,0
39708,0
87056,0
60651,0
41999,0
97183,0
118351,0
90207,1
27114,0
109945,0
1496,0
94129,0
62330,0
75325,0
62628,0
68859,0
108943,0
73599,0
51109,0
10183,0
65649,0
117946,0
121533,0
122426,0
139544,0
43784,0
42318,0
79427,0
82492,0
53923,0
48026,0
68832,0
19590,0
110060,1
132158,0
79551,0
119348,0
132011,0
105934,1
34996,0
133164,0
114217,0
133812,0
115106,0
100548,0
78684,0
127168,0
37263,0
36945,0
1661,1
104958,1
119591,0
69879,0
92118,1
130087,0
65112,0
29022,0
68278,1
109117,1
70374,0
80859,0
136182,0
50350,0
44230,0
1772,0
114774,0
10959,0
94577,0
26218,0
39713,0
23662,0
80675,0
115134,0
108169,0
38481,0
3170,0
23730,0
60689,0
97922,0
42183,0
84170,0
42988,0
21802,0
66742,0
128570,0
108293,1
107620,1
9999,0
135413,0
47030,1
84246,0
52887,0
26030,0
136075,1
3745,0
109204,0
26104,0
90537,0
9389,0
95550,0
52734,0
81853,0
52763,0
3590,1
29,0
27930,0
135658,1
96516,0
93850,0
114515,0
101631,1
40930,0
40695,1
51095,1
42687,0
85265,0
1798,0
118135,0
39370,0
12431,1
136028,0
74218,0
135135,0
123815,0
40720,0
116768,0
95808,0
36075,0
132526,0
98660,0
11001,0
35076,0
131434,0
81250,0
36267,0
110166,0
35683,1
135552,0
15608,1
60811,0
50878,0
81097,0
99175,0
128633,0
49826,1
116739,1
66569,0
136806,0
52736,0
14026,1
93604,1
39120,0
83984,0
72350,0
133339,0
80013,0
52608,0
92811,0
51411,0
22366,1
123790,0
76715,0
69354,0
22403,0
124624,0
1980,0
77260,0
42370,0
71233,0
52320,0
121444,0
77692,1
91065,1
40027,1
18621,0
97999,0
69786,0
97495,0
33901,1
65401,0
45358,0
136003,0
119698,0
112894,0
127516,1
3772,0
4578,0
81930,1
42028,0
54570,0
140428,0
136601,0
61099,0
124091,0
2641,0
11980,0
56750,0
66749,1
25628,0
80139,0
37900,0
84213,1
115301,0
73438,0
11660,0
43832,0
79394,0
62618,1
66723,0
66551,0
80692,0
139746,1
110074,1
106001,0
107606,0
3397,0
54355,0
40127,0
122016,1
40006,0
61491,1
89661,0
91774,1
88338,0
62219,0
93837,0
61383,0
27214,0
61543,1
1375,0
13767,0
61343,1
126694,0
2163,0
37426,0
97706,0
64387,0
114623,0
121620,0
27855,0
42335,0
133434,0
82077,1
5444,0
40719,1
63297,0
7994,0
131848,0
37662,0
113688,0
133389,0
77964,0
79114,1
86390,0
14770,1
96076,0
22361,0
14145,1
83098,1
36265,0
5846,0
136584,0
115921,1
98169,1
121648,0
26284,0
78906,1
61188,0
12951,0
25568,0
131189,0
45568,0
7418,0
33792,1
137699,1
76605,0
113846,1
84511,0
20876,0
8231,0
41825,0
106382,1
30776,1
15258,0
133940,0
82299,0
140329,0
71825,0
63400,0
31867,0
45798,0
99355,0
22785,1
16698,0
12406,0
100800,1
59415,0
20576,0
6212,0
38762,0
30478,0
82911,0
32843,0
127651,0
80120,0
120940,0
112388,0
96542,0
29139,0
56849,0
66259,0
113393,0
134999,0
117959,0
115084,0
129582,0
19465,0
86268,0
53246,0
59640,0
110359,0
43451,0
58174,0
3368,0
45936,0
73469,1
4751,0
10519,0
43453,1
122992,0
138343,0
54650,0
29172,1
66059,0
7263,0
27227,0
51402,0
11822,1
49786,1
132257,0
89374,0
95334,0
41070,0
7100,0
136797,0
99899,0
35,0
39476,0
58418,0
137546,0
67990,0
116687,1
76172,0
139069,0
59761,0
95824,1
24154,0
90757,1
124890,1
98720,0
114691,0
67219,0
138553,0
83529,1
75531,1
66973,0
117545,0
128067,0
129048,0
40821,1
24451,0
7447,0
80666,0
136663,1
39919,0
15913,0
83731,0
127565,0
76881,1
80346,0
36159,0
118732,1
50263,0
138091,0
117425,0
4321,0
25643,0
5829,0
5934,0
113971,1
24004,0
47999,0
71725,0
19872,0
9772,0
23307,0
90236,0
82104,0
60385,0
95897,0
140460,0
20845,0
128547,0
79879,0
11260,0
42121,0
35228,0
121322,1
43812,0
133228,0
11494,1
2840,0
105216,1
92416,1
90408,1
112389,0
85586,0
44960,0
35679,0
115838,0
87793,0
130726,0
1287,0
728,0
21251,0
57409,1
7417,0
113939,0
139653,0
47039,0
136088,1
76884,0
51958,0
3645,0
118446,0
81325,0
60543,0
75864,0
41933,0
136207,0
44897,0
111173,1
11151,0
113400,1
78431,0
117166,0
114193,0
101279,1
110216,0
128276,0
64931,0
1632,0
99717,0
19851,0
46787,0
108045,0
137667,0
103608,0
66948,1
96843,0
131751,0
95821,1
552,1
74365,0
38082,1
130818,1
126765,1
54228,0
124333,0
19765,0
80596,1
38852,0
35327,0
88369,0
132354,0
115791,0
1447,0
23501,0
69299,1
124893,0
47054,0
138747,0
130702,0
67197,0
11299,0
7468,0
37947,0
80289,0
118897,0
47847,0
14522,0
104898,1
138658,0
137480,0
35568,0
50074,0
12122,0
80837,0
133093,0
136291,0
63304,0
98278,1
49114,0
122377,0
40099,0
139633,1
57883,1
109573,0
124884,0
35386,0
41752,0
33376,0
64966,0
19082,0
38918,0
140458,0
54420,0
73103,0
41703,0
40680,0
105145,0
32163,0
72321,0
30845,0
32913,0
98332,0
74988,0
28222,1
106218,0
29182,0
60233,0
28086,0
127213,0
6210,0
107479,1
70992,0
18690,0
86796,0
80590,0
62949,0
33278,0
85427,0
46352,0
67873,0
126251,0
61617,1
65783,0
97027,0
28513,0
106042,0
13819,1
4084,0
67820,0
26875,0
23047,0
72860,0
98329,1
71155,1
81173,0
128464,1
17371,0
28677,0
28569,0
39312,1
103133,0
47859,0
26124,0
128336,0
29305,0
140398,0
140002,0
109946,0
110947,1
110957,0
16390,0
107115,0
44244,0
50261,0
91313,0
99412,0
25733,0
123860,0
6170,0
100170,0
53872,0
114769,0
8917,0
56038,1
31431,0
21643,0
36394,0
879,0
59380,0
121660,0
17373,0
92122,1
140614,0
91092,1
70963,0
36110,0
87336,0
87715,0
2205,0
73861,0
103059,0
93068,0
48975,0
1827,0
140040,1
73459,0
122931,0
25641,0
112810,0
123959,0
34041,1
100016,0
77462,0
31757,0
99172,0
86266,0
137865,0
79734,0
83187,0
1902,0
83388,0
3168,0
132018,0
118597,1
49383,0
90425,0
100578,0
43050,0
125119,1
34375,1
57153,1
33677,0
71335,1
76959,0
57347,0
60563,0
75590,0
100599,0
137426,1
109254,0
52923,0
65857,1
48358,0
125406,0
129114,0
113424,0
61775,0
112152,0
63618,0
111902,0
133009,1
3458,0
71307,1
136813,0
125938,0
8077,0
89944,0
42700,0
84358,0
123907,0
84633,0
50373,0
42012,0
10693,1
22653,0
43374,0
122388,0
26055,0
134920,0
99644,1
27750,0
25735,0
59641,0
103978,1
39191,0
89503,1
59596,0
5614,0
41117,0
69693,1
18728,0
53667,0
38851,1
35035,0
21655,0
70182,0
39796,1
136676,0
36560,0
18552,0
71884,0
31953,0
83448,0
76647,0
92102,1
5853,0
15032,0
85067,0
87123,0
94075,0
110267,0
107147,0
60212,0
85252,0
17763,0
46103,0
58877,0
123470,0
137567,0
8699,0
78482,0
5419,0
107921,1
84053,0
71206,0
1581,0
132123,0
96101,0
23970,0
11778,0
78228,1
113678,0
83183,1
120822,0
99504,0
85408,0
73624,0
130480,0
57422,0
41000,0
121806,0
75788,1
18757,0
137691,0
12786,0
98184,0
11519,0
131018,0
44326,0
20322,0
26546,0
593,0
45511,0
140540,0
130412,0
4400,0
80372,0
132702,0
68225,0
101525,0
41785,0
54588,1
119860,0
55494,0
34690,1
110399,0
135802,0
44627,0
127648,0
131353,0
92321,0
16614,0
1228,0
47737,0
140541,0
44186,0
89673,0
7099,1
52900,0
99064,0
27042,0
127100,0
86088,0
26654,1
37286,0
34281,1
113575,0
114367,0
121583,0
1209,1
106432,0
125344,0
77712,0
18580,0
27295,1
129038,0
101400,0
16576,0
10586,0
6410,0
80300,0
101770,0
31274,1
26471,0
62585,1
109645,0
43995,0
65157,1
90220,0
132237,1
73589,0
90997,0
72583,0
3818,1
36023,0
108855,0
52831,0
24422,0
14044,0
36134,0
62364,1
129022,0
11122,1
57777,0
4710,0
130166,0
10621,0
65258,1
82703,0
95754,0
31252,0
126368,0
126053,0
106794,0
83830,1
97489,0
39913,1
110737,0
30668,0
13007,0
106383,1
90427,1
80320,1
133533,0
116142,1
37647,1
42285,0
84606,0
86252,0
33706,0
116894,0
112908,0
107843,0
8485,0
36408,0
100897,0
75748,0
286,0
40132,0
92837,0
66249,0
124787,0
41714,0
122045,0
122665,0
10602,0
117926,0
54979,0
123858,0
19620,0
131651,1
54203,0
137987,0
115969,1
133115,1
51173,0
115019,0
53152,0
48650,0
12988,0
39705,0
24456,0
67091,0
106551,0
15210,0
42514,0
30703,1
104275,0
84791,0
85648,1
101544,0
34514,1
133482,0
49631,0
2663,1
50271,0
140173,0
51687,0
19530,0
85786,0
80965,0
115472,0
77652,0
134930,0
8521,0
117762,0
4932,0
91551,0
82976,1
62038,0
124803,0
126875,0
85889,0
139733,0
119704,0
58917,0
23522,0
110768,1
95275,0
32640,0
6969,0
121865,0
110854,0
97419,0
59795,0
130780,0
79770,0
118367,0
26188,0
85745,0
16009,0
104972,0
39625,0
26885,0
73431,0
100738,0
89412,0
90979,1
82867,0
136249,0
12591,0
86639,0
86429,0
131747,0
25484,0
493,0
75994,0
131489,0
61922,0
122119,0
64052,0
30472,0
84141,1
136482,0
102298,0
121681,1
73194,0
114872,0
114240,0
38989,0
51316,0
131960,1
106398,0
122715,0
93226,0
73707,0
37092,1
112261,0
83744,0
48921,0
50356,0
90414,0
113415,0
55112,0
88841,0
10393,0
108336,0
76160,0
46019,0
122862,0
110302,0
112717,0
83139,0
19812,0
88461,0
92098,0
71007,0
39544,0
13542,0
131799,0
13882,0
93298,1
15444,0
138413,0
20967,0
102720,0
82560,1
108989,0
19558,0
49579,0
89752,1
42259,1
135446,0
88784,0
565,0
26935,0
122554,0
105448,0
109835,0
2590,0
47969,0
106971,0
73878,0
92390,0
37753,1
65825,0
127530,0
96759,0
44850,0
124099,0
6466,0
111171,1
30490,0
116093,0
129710,1
28431,0
49527,0
79431,1
72401,0
113425,0
38547,0
97948,0
126850,0
135220,0
75921,0
80123,0
16181,1
94013,1
22097,1
106746,0
104490,0
71341,0
132480,0
17891,0
61354,0
13131,1
34493,0
62068,0
85100,0
12026,0
116508,0
48197,0
121041,0
81550,0
79107,0
113366,1
53905,0
75450,0
36694,0
57954,0
40154,0
68750,1
95662,0
120808,0
111652,1
18095,0
48376,1
129298,0
94616,0
126590,0
133331,0
45863,0
92048,0
107997,0
13715,0
81010,0
122999,1
36314,1
36422,1
61880,0
76273,0
53168,1
134971,0
118294,0
51374,0
5332,1
75835,1
21483,0
79469,1
123446,0
38664,0
133070,0
140060,0
129920,0
23145,0
32865,0
13195,0
36186,0
58406,0
81557,0
134676,0
74454,0
29263,0
88543,0
16608,1
123319,1
18295,0
140065,0
46889,0
12148,0
118414,0
7471,0
102171,1
126298,0
28527,0
23688,0
108636,0
96576,1
54994,0
4996,0
15291,1
15706,0
38285,0
89651,1
118356,0
126117,1
44531,0
118498,0
96064,0
50656,0
12901,0
96020,0
35928,0
34256,0
50011,0
28331,0
35712,0
29844,0
18298,0
89795,0
40593,0
106548,1
78126,0
2145,0
111445,0
91538,0
8364,0
74527,1
18685,0
71558,0
73429,0
129874,0
120605,0
134518,1
113830,0
108437,0
94737,0
79330,0
45526,0
71284,0
37733,0
26319,0
94543,0
53071,0
33470,0
120687,0
28953,0
69943,0
59940,0
134973,0
19174,0
46503,0
20406,0
31534,0
135344,0
57918,0
50248,0
81796,1
55675,0
10874,0
50185,0
122947,0
95637,0
110909,0
93675,0
129949,0
81098,0
69649,1
134109,0
91979,0
45811,1
110723,0
51822,0
40610,0
64384,1
34183,1
100613,0
4523,0
91786,1
138466,0
34030,0
38513,1
128199,0
91826,0
13249,0
22651,0
61429,0
105157,0
134626,0
68048,0
75071,0
31478,0
30476,0
86412,0
2290,0
135263,0
64417,1
58290,0
136045,1
80312,0
30693,0
111432,1
88850,0
127531,0
42984,0
82141,1
115180,0
17471,0
6384,1
51848,0
77228,0
115885,0
117445,0
130669,0
67053,0
30085,0
73825,1
39060,0
118691,0
135668,0
32813,0
88035,0
108016,0
96544,0
39205,0
100145,1
26976,0
105614,1
10792,0
85881,0
104670,0
21980,0
105352,1
89063,0
88701,0
1996,0
118217,0
134792,1
34954,1
132071,0
28043,0
79373,0
130812,0
91394,0
49924,0
64050,0
84326,0
111869,0
57554,0
89219,0
95284,0
53893,0
16793,0
105126,0
15615,1
117738,1
26685,1
138765,0
23635,0
38157,1
101366,0
12767,0
67319,0
85177,0
126951,0
31910,0
73992,1
32177,0
2673,0
36356,0
86351,0
36562,0
25083,0
18308,0
85968,1
23001,0
5755,0
56356,0
94041,0
112093,0
16863,0
26938,0
93312,0
82396,1
8328,1
101623,0
61212,0
122656,0
125145,0
112370,1
48244,0
47888,0
1958,0
89190,0
51186,0
19091,0
37586,0
113869,0
89761,0
78581,0
41793,0
56171,0
93394,0
113050,0
30936,0
76782,0
2921,0
4992,0
30772,0
18131,0
136675,0
83361,0
97353,0
2946,0
88135,1
95452,0
57179,0
39298,1
13334,0
9640,0
110716,1
131708,1
941,1
128762,1
115342,0
58791,0
90901,0
116410,0
12814,0
119033,0
34224,0
124838,0
31517,0
29724,0
32214,0
117450,1
55322,0
49571,1
51583,0
77131,0
93183,0
98779,0
78084,0
89275,0
123884,0
64450,0
96107,0
16508,0
13985,1
119705,0
8453,0
56621,0
95748,0
128769,0
50462,0
94506,0
95180,0
62860,0
42007,1
130030,0
94928,1
25681,0
125967,0
15227,0
56972,1
76281,0
34778,1
36487,0
43123,0
90794,0
122011,0
132772,1
64635,1
12614,0
113066,0
110629,1
74284,0
38250,0
79160,0
70436,0
47994,0
38295,0
82875,0
62636,0
42411,0
19156,0
35595,0
126446,0
121963,1
104632,0
110368,0
134763,0
40104,0
63701,0
67039,0
134390,0
83058,0
51499,0
128407,0
103626,1
19910,0
106991,0
71932,0
133631,0
122014,0
92000,0
104612,0
82205,0
40221,0
23161,0
120795,0
56753,1
91044,0
28009,0
11353,0
102586,0
2538,0
132658,0
29313,0
56250,0
44400,0
113895,0
46065,1
17778,1
6141,0
77662,1
97829,0
122465,0
86225,1
44816,0
52514,0
46098,0
40621,0
79686,0
140189,0
108952,1
58545,0
9637,0
88830,0
39480,0
88609,0
13019,1
91123,1
8369,0
45598,1
55973,0
37478,0
19921,1
103315,0
67606,0
105559,1
58620,1
115424,0
128290,0
35987,1
26989,0
20446,0
36941,0
23236,0
17506,0
22461,1
26609,0
47292,0
2480,0
114624,1
44344,0
134556,1
80041,1
47638,0
64916,0
120676,1
75879,1
126147,0
131092,0
53618,0
112690,0
37861,0
33131,0
33613,0
83693,1
99861,0
32152,0
6430,0
74217,0
53142,0
50946,1
140595,0
16688,1
138431,0
50599,0
132487,0
86786,0
117633,0
68671,0
61327,0
138429,0
126449,0
49664,1
75642,0
25700,0
99475,0
71527,0
112374,0
5366,0
73281,0
15640,0
115489,0
27017,0
70471,0
126521,0
58152,0
3843,0
99470,0
118814,0
114467,0
20099,0
109377,0
114375,0
53592,0
139049,0
116981,1
28284,1
60161,0
91506,0
106302,0
39445,0
19680,0
44902,0
63086,0
96104,0
138453,0
101446,0
79983,0
19476,0
76622,1
36506,1
133561,0
6249,0
120284,0
109996,0
419,0
117830,0
86878,0
2242,0
121957,0
78531,0
13962,0
51459,0
106889,0
76914,0
25948,0
38403,0
123718,0
118891,1
45523,0
26488,0
52958,0
4135,0
21878,0
47286,0
8615,0
34913,1
20590,0
46126,0
86636,0
139485,0
82041,1
1124,0
69426,0
78278,0
3333,0
12232,0
96186,1
74070,1
130768,1
87677,0
56771,0
102056,0
129168,0
97987,0
95105,0
70940,0
15626,0
18876,0
23963,0
41084,0
130829,0
58105,0
113607,0
41017,0
137115,0
128322,0
37905,1
115333,0
92083,0
19854,0
83295,0
74023,0
23277,0
53769,0
124675,0
84341,0
35926,1
76342,0
9877,0
59117,0
20719,0
51954,0
66417,0
1406,0
4659,1
111316,0
90749,0
13052,0
72179,0
106149,0
27232,1
109866,1
121880,0
104870,0
118104,1
68901,1
127845,0
16890,1
45443,1
116150,0
34931,0
85902,0
117763,0
5328,0
100390,0
137595,0
51993,0
26206,0
39222,0
58333,0
108509,1
110515,0
32306,0
34819,0
42308,0
64955,0
112171,0
98550,0
130415,1
17617,0
42922,1
132652,0
58676,1
88872,0
67996,0
63035,0
46268,0
82746,0
87983,0
34451,0
66255,1
127234,0
16638,0
55831,1
65422,1
23694,0
108945,0
120649,0
105663,0
14997,1
32552,1
62702,0
20809,0
123459,0
97360,0
9899,0
120452,0
68110,0
57417,0
32767,0
128891,1
139551,0
40866,1
69285,0
85321,1
100584,0
50839,0
127646,1
93182,0
73107,0
33066,0
27908,0
140260,0
129237,0
2864,1
45245,1
135846,0
72732,0
130491,0
73353,0
75745,0
140651,0
95146,0
45042,0
139451,1
45091,0
4729,0
9247,1
92461,0
120104,0
140609,1
84756,0
109034,0
115551,0
95085,1
125060,0
98303,0
116665,1
99736,0
22035,0
4824,0
112540,0
113518,0
135222,0
36975,0
30131,0
80524,0
42236,0
28376,1
28762,0
9571,0
106714,0
95364,0
14505,0
54029,0
48001,0
67096,0
31422,0
115978,0
124703,0
71719,0
41644,0
10341,0
1121,0
31946,0
60492,0
10659,0
62620,0
27243,0
20092,0
10473,0
53110,1
51618,0
133525,0
36718,0
42635,0
103694,1
114468,0
132579,0
130100,0
131692,1
94746,0
23917,0
43225,0
67458,0
19470,0
66648,0
101961,0
52281,0
17273,0
5602,0
25708,0
40881,0
136787,0
110747,0
32998,0
52121,0
43805,0
113427,0
3244,0
105925,0
72639,0
132069,0
77416,1
103070,0
33802,0
20750,0
17875,1
48238,0
69044,0
68635,0
85342,0
34953,1
43252,0
85273,0
120208,0
31428,0
3815,1
56224,0
36710,0
72043,1
28675,0
18696,0
38293,0
104239,1
69259,0
90106,0
92777,0
13532,0
119406,0
70072,0
44763,0
7828,0
136384,0
60144,0
32194,1
44161,0
86269,0
45846,0
109446,0
56802,0
8149,0
894,0
108649,0
88103,1
81346,1
88565,0
5237,0
6037,0
124704,0
51601,1
110571,0
82411,0
4670,0
82739,0
32830,0
54356,1
39538,1
108002,0
89208,0
44270,0
133248,0
126175,0
106403,0
90892,0
35517,0
113030,0
136916,0
72771,0
9773,0
123394,0
49302,0
110530,0
124633,0
120976,0
4603,0
122707,0
4317,0
117263,0
63102,0
55481,0
30863,1
75625,1
118986,0
67640,0
86610,0
80153,0
27753,0
32685,1
7643,0
35673,1
51098,0
124873,0
106716,1
101712,0
118330,0
8627,0
28928,0
78620,0
84012,1
37970,0
37652,0
115059,1
86203,0
125391,1
7554,0
33073,0
114981,0
37377,0
5686,0
12888,0
22577,0
17820,0
16683,0
46073,1
15346,0
22298,0
66376,0
73647,0
402,0
34228,0
63602,1
56984,1
34084,0
13829,0
60765,0
39348,0
107889,0
17555,0
61391,0
85245,0
22444,0
122752,0
105229,0
101430,0
114966,0
106028,0
133913,1
68181,1
25956,0
104272,0
79538,1
82282,0
63294,0
8476,0
44977,0
37514,0
120670,1
138210,0
135826,0
43688,1
127586,0
122938,1
134694,0
33474,0
64511,0
49040,1
21827,1
98449,0
77168,0
42584,0
32516,0
91253,0
23750,1
123886,0
36617,0
120060,1
139190,0
51802,0
48406,0
111214,0
108904,0
58319,0
54216,0
126868,0
102630,0
19976,1
27756,1
43990,0
60595,0
116678,1
78914,0
32071,0
109227,0
85254,0
101137,0
14398,0
82711,0
95605,0
18868,0
33976,0
136008,0
44066,0
83586,1
93155,1
74693,0
28577,0
120490,0
73670,0
58603,0
69806,0
107668,1
4740,0
137353,0
30941,0
106522,0
3139,0
106193,0
676,0
120228,0
75496,0
123705,0
81342,0
34935,0
97993,1
23137,1
69296,0
33787,0
137504,0
22792,0
131125,0
1714,0
136312,0
107621,0
2898,0
132369,0
54825,0
131205,0
37767,1
120644,0
104719,0
6330,0
5850,1
63652,0
45400,0
90015,0
48133,0
67097,0
12381,0
8263,0
86400,0
120781,0
105305,0
125222,0
42245,0
79314,0
90055,0
92174,0
44200,0
77468,0
131306,1
58744,0
28326,0
17669,0
21433,0
25149,0
93985,1
125973,0
44566,0
91600,0
31343,0
121636,1
116707,0
58908,0
140314,0
90597,0
48855,0
4397,0
68500,0
79542,0
60054,0
27868,0
12235,0
47485,0
125800,1
112755,0
81627,0
109728,0
24517,0
61699,0
18461,0
52657,0
132443,0
63248,0
110311,0
49443,0
134414,0
82641,1
95863,0
54465,1
45429,1
82992,1
61831,0
20024,0
52157,0
60945,0
34816,0
9533,0
30839,1
101994,0
48516,0
18122,1
103884,1
139856,1
116567,0
123728,0
51858,0
25501,0
101179,0
96401,0
83025,0
11839,0
75162,0
327,0
140436,0
78339,1
35172,0
112074,0
53391,0
55545,1
94309,0
21870,0
16519,0
56300,0
128705,1
61619,1
129717,0
1844,0
64118,1
13892,0
76394,0
27354,1
130345,0
70985,0
46572,0
128967,1
19199,0
67578,1
103234,0
88732,0
116167,0
16960,0
68658,0
87111,0
138997,0
20166,0
16999,0
107440,0
841,1
30205,0
112713,0
127397,0
9270,0
81979,0
122137,0
39749,0
111985,0
8456,0
95081,0
132047,0
127096,0
68270,0
77105,1
11060,0
96553,1
104241,0
58274,1
42025,0
74936,0
87783,0
53586,1
42368,0
51334,0
117171,0
54969,1
88905,0
102038,0
130892,0
114303,0
44737,1
103121,0
130060,0
7720,0
61536,0
53488,0
6182,0
105730,0
48240,0
91851,0
19339,0
108129,0
32832,1
66806,0
58311,0
116959,0
108078,0
48085,0
137759,0
60933,0
111969,0
127502,0
117267,0
25371,0
54556,0
118582,0
125789,1
115525,1
3647,0
8676,0
15721,0
70888,0
135450,0
29213,0
71721,0
95644,0
106381,0
137475,0
118190,0
31052,0
4365,0
24200,0
34922,0
132850,1
23818,0
71311,0
24670,0
87343,0
131896,0
132984,0
60112,1
52147,0
39575,0
62195,0
96191,0
65931,1
84311,1
49525,0
91789,0
37509,0
4020,0
80000,0
126669,0
135487,0
101858,0
109906,0
118625,1
95769,0
101909,1
114389,0
56008,0
35272,0
48407,0
68187,0
47771,0
134774,0
41881,0
44166,0
83079,0
83117,0
86443,0
31216,0
114795,0
88615,0
54861,0
94474,0
58025,0
88317,0
124739,0
36514,0
13262,1
99193,1
21544,1
131633,0
49123,1
42559,0
69669,1
88518,0
121611,0
50555,1
64936,0
78067,0
87119,1
87546,0
94,1
80992,0
124326,1
36282,0
19477,0
97736,0
112375,0
120291,0
106964,0
103671,0
103463,0
119516,0
13462,0
22768,0
78916,0
85142,0
84722,0
62124,0
109875,0
57617,0
21533,0
90170,0
93405,1
52821,1
54910,0
136769,0
11979,0
121480,0
77335,1
83353,0
38136,1
21074,0
93578,0
112225,0
114066,0
28729,0
75105,0
47229,0
103137,0
13458,0
147,0
56057,0
58771,0
138669,0
133138,0
13953,0
45,0
132428,0
91448,0
39522,0
49450,0
123585,0
112912,0
44133,0
28206,1
104769,0
140474,0
93355,0
1132,0
56500,0
140664,0
1625,0
11339,0
17022,0
80845,0
33527,1
136161,0
54548,0
33695,0
90949,0
76627,1
11376,0
89192,0
3066,0
97271,0
117076,1
47926,1
69596,0
43216,0
38319,0
85647,0
122351,0
118642,0
20233,0
38479,0
42551,0
80242,0
133377,0
57939,0
56482,0
70188,0
52851,0
113938,0
110623,0
125734,0
46568,0
59005,1
10355,0
2254,0
104860,0
66491,0
26261,1
74523,0
29676,0
33058,0
3915,0
37016,0
126795,0
37403,0
57463,0
137427,0
14563,1
3162,1
25001,1
102829,0
2311,0
64294,1
102546,0
103379,1
133671,1
125005,1
15708,1
47277,0
59252,1
52162,0
65015,0
108792,0
83728,0
121273,0
61317,0
116350,0
55559,0
72369,1
27829,0
94533,0
112053,1
14288,1
53159,0
103881,1
134495,1
125486,0
118267,0
27587,1
41503,1
29118,0
27299,0
1147,0
41304,0
27254,1
126940,1
115232,0
102304,1
139480,0
118916,0
30903,0
104350,0
51761,0
137788,0
16328,0
139697,0
129222,0
17718,0
91358,0
95217,0
12805,0
132693,0
78585,1
15462,1
76300,0
6083,0
1847,0
77522,0
93313,0
45214,0
76899,0
108140,1
11085,1
42125,0
22648,0
63658,0
50121,0
55204,0
86756,0
88147,0
15866,0
48610,0
118395,0
7078,0
1604,0
47961,0
126069,0
10365,0
43808,1
92147,0
61664,0
33412,0
129455,0
14268,0
118970,0
36729,1
70158,0
116420,0
133645,0
116650,0
18700,0
107113,0
117331,0
132420,0
40580,0
19379,0
66999,0
118484,0
55252,0
136730,0
68492,0
65952,0
39249,0
53670,0
37952,0
40408,0
86549,0
53902,0
60521,0
128010,0
65462,1
63275,0
21836,0
98012,0
38468,0
46144,0
116999,0
80978,0
86807,0
54244,1
78691,0
56931,0
950,0
81309,0
40534,0
7541,0
135535,0
68182,0
18195,0
100685,1
128826,1
50131,0
23396,0
26195,1
35603,0
58293,0
73601,0
39383,0
24636,1
105287,0
3500,1
130971,0
427,0
116201,1
90319,0
1368,0
128310,1
17482,0
123024,0
45644,0
60939,0
38493,0
25776,1
127427,0
27440,0
98409,0
117048,0
112315,0
7384,0
93567,0
47544,0
50048,0
23309,1
116524,0
92496,0
30873,0
12249,0
124724,0
98370,0
20507,0
77171,0
98461,1
54434,0
3685,0
23864,0
82717,0
51239,0
127286,0
133762,0
11424,0
112413,0
43860,0
90574,0
116909,0
40770,0
131926,0
48849,0
66422,0
58015,0
21399,0
35799,0
138616,0
19068,0
84978,1
124195,0
113305,0
53633,1
127395,1
86467,1
115510,1
5662,0
117997,1
35341,0
138755,0
53010,0
73814,1
25561,0
114863,0
93482,0
21331,1
57416,0
127229,0
52110,0
136112,0
73711,0
22519,1
75452,0
122998,1
90309,0
113200,0
68817,0
100307,0
122067,0
73040,0
120,1
25417,0
87662,0
73649,1
88067,0
137170,0
89028,1
35699,0
105212,0
796,1
66687,0
45887,0
118531,0
6173,0
27014,0
139997,1
11855,0
14077,0
20713,1
121189,0
113428,0
99248,0
109,0
94960,0
121731,0
116203,0
137243,0
24768,0
79124,0
101451,0
103167,0
130497,0
138399,1
29039,0
64320,0
82689,1
73539,1
20060,0
5466,0
101831,1
103285,0
105256,0
47208,0
66560,0
112772,0
122496,0
112787,0
864,0
51896,0
46119,1
29282,0
131722,0
78303,0
80055,1
105008,0
66936,1
137152,1
15789,1
48124,0
115269,0
103810,0
46231,0
26749,0
15699,0
45411,0
78527,0
47679,0
47417,0
67599,0
111176,1
127596,1
119129,1
73856,0
65266,0
38169,0
26072,0
129895,0
73673,0
118312,0
9022,0
108555,1
16977,0
116838,0
44538,0
45207,0
69873,0
43980,1
91464,0
89102,1
16675,0
137448,0
110249,0
55593,0
140591,0
48408,0
12021,1
110121,0
136251,1
56973,0
49741,0
74287,1
122186,0
1281,0
16232,0
19429,1
117158,0
41127,0
126261,0
13196,0
111280,0
14177,0
133972,0
58515,0
105584,0
119278,1
27387,0
5816,1
31820,0
92680,0
125961,0
108299,1
83257,0
71975,0
791,0
119738,0
47610,0
107898,1
45605,0
98021,0
57329,0
98071,0
138183,1
65405,0
98178,0
77986,1
53601,0
29004,1
24381,0
76694,0
53473,0
65327,0
108756,1
48355,0
58134,0
43206,0
64284,0
107748,0
67596,0
84255,0
23985,1
1792,0
46875,0
100610,0
139498,0
31566,0
49942,0
82124,0
47312,0
54840,0
67456,1
51785,0
66247,0
82084,0
19357,0
127791,0
3460,0
124107,0
66200,0
34903,0
41660,1
130308,0
115234,0
124172,0
121978,0
109563,1
138304,0
61964,0
57406,0
68446,0
109960,0
75494,0
65349,0
92445,1
71070,0
104526,0
70934,0
119330,0
65543,0
91105,0
128160,0
55566,0
123581,1
99767,0
61904,0
29827,1
90420,0
88977,0
30650,1
7211,1
43001,0
30720,1
124332,0
123356,1
49804,0
27924,0
43558,0
139723,1
23955,0
79795,0
53467,0
46732,1
85607,0
94028,0
129295,0
109330,0
74531,0
104354,0
14080,0
9347,0
15285,0
123381,0
61938,1
73071,1
79092,0
93066,0
40355,0
118945,0
127572,1
21565,0
103741,0
88071,0
57427,0
106290,0
63383,0
80877,0
43675,0
48208,0
79653,0
89695,0
115321,0
18652,1
52551,1
32255,0
58477,0
104503,0
130735,0
113770,0
72436,0
128299,0
93639,0
38921,0
139593,1
86594,0
103823,0
107490,0
79993,0
130155,0
22192,1
57490,0
85614,0
31306,0
42087,0
103477,0
80535,0
90059,1
61766,1
131723,0
67559,0
21588,0
65956,0
76088,1
132570,1
38441,0
53148,1
66194,0
108477,1
46982,0
90421,0
60843,1
46108,1
109464,1
47923,0
121356,0
57225,0
21480,1
10949,0
47382,0
74831,1
137979,1
122034,1
117261,0
36902,0
68950,0
60581,0
130904,0
14622,0
129049,0
62084,0
1131,0
116247,0
132473,0
92295,0
64969,0
125372,1
69115,1
28406,0
48601,0
122206,0
71374,0
103101,0
104658,1
12807,0
58977,0
125804,0
92157,0
88282,0
38077,1
6483,0
15890,0
137343,0
27028,0
117878,0
49810,0
77264,1
39920,0
125434,0
58574,0
78115,0
21932,0
5525,0
107536,1
129610,1
100336,0
75729,1
22415,0
44807,1
28917,1
51050,0
114861,0
89696,0
130359,0
42055,0
14112,0
6234,0
111400,0
97872,0
42553,0
12625,0
56528,0
65350,0
14717,0
28002,1
168,0
56245,0
129121,0
114917,0
97314,0
68157,0
98254,0
113612,0
121285,0
58151,0
592,1
27255,0
23414,1
135398,1
47663,0
33503,0
65221,0
120792,0
20106,0
90621,0
46155,0
8151,0
54559,0
28685,0
25209,0
107189,0
101407,0
118377,1
11436,0
98931,0
101602,0
25906,0
49279,0
18850,0
54054,0
127778,0
71739,0
135437,0
35958,0
8830,0
52827,0
52722,1
99734,0
2494,0
136066,0
44777,0
118095,0
84151,1
9002,0
120307,0
63473,0
57351,0
87050,0
53125,1
52378,0
130447,0
5590,0
5655,0
89803,0
68163,0
132449,0
10311,0
17600,1
90999,1
110389,0
52898,0
80575,1
545,0
132345,1
74078,0
82040,0
98605,0
97269,0
113996,1
127970,0
129470,1
78221,1
585,0
66823,0
49257,0
50744,0
2107,0
111238,0
88223,0
4963,0
44955,1
71052,0
105351,0
137729,0
131571,0
14316,0
84794,0
116552,0
93956,0
94610,0
77417,0
137361,0
82014,1
112329,0
3308,0
5194,0
14048,0
76964,0
70104,0
67166,0
61090,0
117219,0
116037,0
109632,0
121769,1
46794,0
87457,1
65883,0
136800,0
60185,0
77608,1
13857,0
74146,0
128190,0
52450,0
118302,1
92825,0
56083,0
71862,1
87789,0
30303,1
136765,1
3600,0
78185,0
92415,0
58256,0
33210,0
132759,0
118519,0
60167,0
28494,0
66338,1
21882,0
23665,0
135225,1
133881,0
79290,0
128334,0
107242,1
91901,0
112195,1
105658,0
73332,0
56868,1
55224,0
116229,0
53466,0
72654,0
32861,0
24190,0
134224,0
8201,0
119405,0
21524,0
82915,1
82442,1
4580,0
8788,1
45570,0
3599,1
126888,0
53522,0
114416,0
54192,0
56113,0
87812,0
8856,1
121740,0
105973,0
138935,0
22056,0
77320,0
99156,0
10661,1
42073,0
105149,0
68734,0
28794,0
123431,1
118156,0
18936,0
48392,0
68109,0
7310,1
105587,0
38962,0
63899,0
68909,0
80178,0
138404,0
61209,0
89815,1
40414,0
139186,0
17071,0
102562,0
13506,0
124038,1
31672,1
52140,0
120753,0
36547,0
74566,0
139433,0
45120,1
9862,0
121268,0
15079,0
7327,0
116590,0
100504,0
104818,0
120457,1
140301,0
109777,0
75989,0
59943,1
94024,0
17124,0
50469,0
2144,0
10293,0
118305,0
9814,0
113122,0
107412,0
53807,0
91405,0
100095,0
125513,0
9459,1
121313,0
31684,0
12139,0
107376,0
42651,0
10280,0
14824,0
102654,0
34473,1
58653,1
9641,0
69447,0
10175,0
131269,0
64120,0
79521,1
11141,1
106761,0
107900,1
107188,0
54907,0
64073,0
87116,0
77811,0
122811,0
93425,0
8207,0
17629,0
64770,0
115126,0
127919,0
103649,0
50395,1
17900,0
31885,0
30493,0
100166,0
24169,0
110194,0
22813,1
71753,0
47838,1
106391,1
73186,0
91958,1
114897,0
134891,1
35050,0
19672,0
77668,0
122446,0
37096,0
12449,1
125964,0
121299,0
105274,0
44795,0
101064,1
46430,0
98339,0
82198,0
27304,0
74290,0
102433,0
96701,0
104852,0
109597,0
129700,0
138796,0
87366,0
83936,0
78489,0
922,0
135736,0
19081,0
63788,0
48712,1
27056,0
79864,0
40299,0
8774,0
103038,0
61299,0
129160,0
60555,0
44191,0
35555,0
35043,0
988,0
127487,0
72294,0
95680,0
38543,0
47166,0
75295,0
7849,1
88054,0
78753,0
6126,0
77806,0
129846,0
96876,0
81885,0
44926,0
13316,0
36826,0
132842,0
75479,0
28256,0
74165,0
121634,1
91634,0
56948,0
20737,0
126111,0
11629,1
86533,0
73237,0
15560,0
33292,0
21925,0
51119,0
54802,0
99530,1
91723,1
110913,0
35350,0
14967,1
34114,0
35457,0
4463,0
89980,0
132326,0
113357,0
43714,0
2659,0
56689,1
3116,0
84117,0
61050,1
24734,0
69179,0
128515,1
78936,0
135872,0
20361,0
1284,0
67861,0
10953,0
131441,1
46797,1
63034,0
88143,1
99935,1
31205,0
66627,0
95474,0
76739,0
121081,0
134440,0
93096,1
51126,0
109277,0
35443,0
59396,1
90384,0
11422,0
119726,0
116874,0
66054,0
89354,0
68494,0
114420,0
89382,0
67330,0
31135,0
17803,0
80553,0
26892,1
82158,0
117221,0
140469,0
70248,0
36114,0
118383,0
135041,0
84942,0
116543,0
120743,1
8524,0
78385,0
60287,0
62331,0
94400,0
22727,0
122614,0
9649,0
57419,1
33959,0
7641,0
79261,1
45900,0
29881,0
109811,1
21053,0
137663,0
83387,0
29349,1
42834,0
60107,0
27784,1
109802,0
106214,1
89769,0
41560,0
89939,0
23545,0
68661,1
22720,1
47934,0
104536,1
65288,0
40428,1
54033,1
60356,0
84788,0
67372,0
61553,0
108221,0
58040,0
127117,0
26947,0
121577,0
77003,0
42831,1
131325,0
30979,0
132074,0
130805,0
480,0
32243,0
99743,1
47409,0
53737,0
42284,0
72896,0
95943,0
133078,0
125772,0
95695,0
78097,0
139520,0
102438,0
97587,0
91412,0
83186,0
75127,1
60670,0
62901,1
9074,0
116680,0
131323,0
14332,0
113922,0
49792,0
37542,0
905,0
42805,0
64741,0
123941,0
78798,0
74774,0
76514,0
83422,0
17149,0
56382,1
107010,1
45209,0
21511,0
44313,0
45254,0
64242,0
13279,0
91228,0
98936,0
78057,0
25193,1
8066,0
70839,0
84771,0
85643,1
14225,0
60299,0
35060,0
110684,1
47468,0
123150,0
62484,0
107829,0
87032,0
89152,0
43323,0
105771,0
103589,0
45118,0
77175,0
21042,0
109335,0
29462,0
93406,0
43541,1
112023,1
72153,0
100753,0
92621,0
18215,0
6418,0
110882,1
48490,0
64814,0
33815,0
15242,1
125947,0
134948,0
62754,1
100420,0
129039,0
41399,0
99245,1
28797,0
60243,0
38060,0
43652,0
129225,0
119756,0
46716,1
39966,1
76681,1
36822,0
43534,0
128053,0
115478,0
29600,0
131213,0
41903,0
119813,1
70504,1
97241,0
62308,0
19228,0
114007,0
80448,0
72147,0
124035,1
53743,0
44554,0
33665,0
71118,1
75008,0
49509,0
87425,0
78444,0
59374,0
90731,0
63975,0
28098,0
63626,0
70697,0
72879,0
121234,0
139052,0
129518,0
128078,0
93341,1
29317,0
15800,1
132300,0
70624,0
7481,0
37752,1
26880,0
105046,1
30698,0
72422,0
83691,0
71017,0
112636,0
16575,0
24899,0
2599,0
110041,1
92177,0
119679,0
97105,0
32356,0
105445,0
68601,0
133499,0
67942,0
96434,1
136181,0
71988,1
112814,1
122726,0
64860,0
4576,0
115686,0
42102,0
73404,1
29351,1
8045,0
9990,0
115794,1
135480,0
120301,1
24908,0
16067,1
92155,0
11988,0
127594,0
113901,0
81883,1
62461,0
32896,0
106934,0
82742,0
67382,0
10758,1
66809,0
34509,0
7803,0
46317,1
123752,0
8661,0
138144,1
140187,0
98193,0
31186,0
20945,1
85128,0
70449,0
63469,0
114704,1
55078,0
93534,0
49223,1
111042,0
116736,0
75631,0
83243,0
82589,0
32171,1
43014,0
24884,0
39979,0
55864,1
108758,0
73228,1
135691,0
56908,0
127475,0
45388,0
56231,0
129112,0
24631,0
65799,1
81107,0
663,1
38617,0
127967,1
79617,0
50568,0
99108,1
13927,1
605,0
132838,0
39140,0
91183,0
99143,0
106154,0
70763,1
96035,0
95487,1
41533,0
65877,0
49240,1
20318,0
57562,0
75014,1
49172,0
19214,0
48534,0
136396,0
122888,1
103104,0
102921,0
103483,0
101012,0
45873,0
25306,1
9207,0
90851,0
126291,0
83449,0
48798,0
95034,0
128491,1
33183,1
105794,1
5833,1
74585,1
71941,1
90876,0
27620,1
20297,0
118465,0
88439,0
28897,0
106032,0
72277,1
47936,0
106607,0
931,0
103900,1
6007,0
19045,0
95501,0
287,0
22748,0
85039,0
46487,1
84339,1
36737,0
86397,0
135508,0
78619,1
21975,0
44266,0
52384,0
100288,0
95642,0
119685,1
38282,0
87844,0
88235,0
111410,0
31280,0
48547,0
128301,0
95546,1
13442,0
52914,0
65682,1
118084,0
135094,0
94890,0
123561,0
19116,1
35882,0
26818,0
37081,0
88417,0
97130,0
117402,0
112381,0
44274,0
61086,0
15112,0
40910,0
2320,0
31914,0
35311,0
67743,0
120595,0
71173,0
81727,0
106244,0
68258,0
29556,0
116667,0
14562,0
133886,0
40687,1
58501,1
123489,0
57584,0
47410,0
71755,0
9947,0
70685,0
3609,0
73094,0
124613,0
44462,0
113392,0
139960,0
6487,0
23532,0
49399,0
133301,0
60645,0
43893,1
36501,0
105643,0
93107,1
90599,0
12258,0
123266,0
15151,0
65863,0
103811,0
86781,0
70790,0
65337,0
71718,1
54230,1
127662,0
9527,0
42789,0
40548,0
52251,1
2338,0
135478,0
77600,0
128440,0
139475,0
120160,0
26759,1
96720,1
76603,0
65503,0
88185,0
132299,0
765,0
7314,0
9021,1
128672,1
15554,0
115307,0
9580,0
25487,0
83634,0
105044,0
21441,0
32703,0
51638,0
91267,0
9928,0
109014,0
69890,0
113616,1
1916,0
133832,0
60578,0
21906,0
6391,0
44044,0
53692,0
34390,0
34976,0
23820,0
59309,0
41587,0
68933,0
98340,0
119965,0
120492,0
21243,0
109565,0
14882,0
48826,0
12803,0
67707,0
5375,0
98496,0
28651,0
54006,0
133037,0
74613,0
78170,0
34991,0
97347,0
5005,0
91630,0
114565,0
18069,0
37041,0
48868,0
94808,0
40202,0
87675,0
65978,1
21112,0
106531,0
38038,0
19064,0
29438,0
88368,1
83354,0
122260,0
26171,0
79498,0
26018,0
20249,0
58924,1
110003,0
37708,1
63856,0
92616,0
79233,1
26760,0
123358,0
56225,0
2330,1
101785,0
126152,0
91418,0
87811,0
84517,1
123248,0
26739,0
63741,0
83581,1
38312,0
59582,0
67179,0
101670,0
120602,0
133277,0
55342,0
131293,0
90762,1
76126,0
35887,0
41016,1
119336,0
105003,0
104946,0
15193,0
71328,0
26663,0
108120,0
100327,0
43316,0
103406,1
77533,0
40460,0
30934,1
69237,0
36470,1
97486,0
51292,0
136175,1
132356,0
119049,0
34774,1
132388,0
135040,0
8380,0
64749,0
125913,0
107681,0
11454,0
53212,0
108478,1
83528,0
41782,0
134235,1
102074,0
61715,0
23605,0
33884,0
109216,1
18774,0
9392,0
21617,0
29763,0
383,1
89274,0
53717,0
96027,0
8295,0
110123,0
68570,1
41978,0
130533,0
72453,0
82621,0
77724,0
12505,0
30585,0
11532,0
101362,0
125831,0
127186,1
48332,0
51658,1
11200,0
42839,1
7396,1
76083,0
56249,0
21484,0
80315,0
107167,0
61399,0
88079,0
7024,0
95645,1
27840,0
93805,0
1443,0
21733,0
50784,1
23569,0
128381,0
92649,0
83494,0
66783,0
41787,0
53836,0
3864,0
137205,0
132373,0
115812,0
40043,0
39931,0
80188,0
22146,0
11677,0
26687,0
8566,1
112574,1
59511,0
113981,0
112236,0
30473,0
539,1
127836,1
40642,0
34987,1
22703,0
56510,0
90030,1
46290,0
67764,0
118874,0
90407,0
137779,0
78856,0
72539,0
138853,0
127658,0
91357,1
115359,0
49530,1
116961,0
77150,0
139111,1
58446,0
1260,1
55907,0
42492,0
61005,0
130169,1
128505,0
93150,0
42327,0
2963,0
41440,0
53080,0
112977,1
50625,0
32706,0
55257,0
36882,0
60222,1
105239,1
81997,0
83710,0
43506,0
37167,0
39762,0
99128,1
5422,1
104086,0
77476,0
58733,1
71559,0
110817,0
56921,0
106834,0
100752,0
132466,0
63130,0
114970,0
125235,0
123393,0
26326,0
115058,0
120178,1
116606,0
140196,0
94489,0
59993,1
9017,0
56650,0
117028,1
25027,0
127941,0
140026,0
95998,0
44651,1
8166,1
129615,0
104621,0
88051,0
56705,0
70519,0
137552,1
78535,0
14806,0
52106,1
42524,0
122500,0
106153,1
21577,0
113110,0
5400,0
49226,0
28792,0
47271,0
50384,0
119852,0
103918,0
82798,0
9696,1
134221,0
89209,0
71239,0
70964,0
137814,0
34133,0
17494,0
41652,0
82262,0
138261,0
124180,0
71221,0
90887,1
81833,0
101620,1
81589,0
30422,0
49463,0
139479,0
125900,1
122003,0
106373,0
17606,0
136313,0
1125,1
123751,0
53260,0
55974,0
7939,0
38694,1
42932,0
134553,0
16477,0
64571,1
128578,0
119925,1
54001,0
114284,0
25991,0
58447,0
67569,0
16535,0
88019,1
31714,0
16663,0
123045,0
21556,0
41976,0
124437,0
53143,1
100363,0
70957,0
30102,0
112701,0
122040,0
24167,0
54880,0
97892,0
88647,0
61133,0
13066,1
101181,0
124949,1
17066,0
62718,1
66234,0
115912,0
95704,0
124947,1
139318,0
23672,0
76746,0
83312,1
4757,0
124211,0
136603,0
15043,0
134228,0
128696,1
24291,0
126645,0
116689,0
102978,0
53296,1
86250,1
21907,0
116685,0
25158,0
125166,0
104379,1
44607,0
101192,0
51271,0
68322,0
7539,0
1355,1
137868,1
1530,0
90846,1
39242,0
29361,0
18286,0
8684,0
21594,0
65230,0
91347,0
136700,1
61968,1
90098,0
49644,0
26409,0
124271,0
34855,0
99691,0
44139,0
7188,0
56077,1
109424,0
137519,0
113796,1
77694,0
94829,0
131881,0
91890,0
36594,1
51804,0
89671,1
5498,0
132062,1
2142,0
136030,0
117547,1
91037,0
1763,0
54726,0
9714,0
18594,0
88213,0
102417,0
8715,0
90713,0
76996,0
26490,0
69958,0
5030,1
48159,0
54406,0
119913,0
136319,0
77593,0
81924,0
89882,0
79669,0
118352,1
62749,0
10735,0
32038,0
56611,0
104112,0
136927,0
140466,0
7291,0
19867,0
102616,0
3902,0
18353,0
96531,1
64802,0
127679,1
568,0
42978,0
58787,0
119069,0
4542,0
67925,0
4987,1
24963,0
11322,0
15298,0
108445,0
132249,1
23263,0
129290,0
38064,1
71082,0
43767,0
61653,0
94518,0
17319,0
21157,0
38968,1
117089,0
36379,0
66550,0
94402,0
138415,0
105508,0
4622,0
134384,0
100350,0
119827,0
109881,0
135077,0
44868,1
54358,1
108527,1
120440,1
31036,0
71308,0
68846,1
22232,0
14278,0
11483,0
51357,1
95739,0
115918,0
51262,1
18281,1
12037,0
67554,0
84051,0
64090,1
75112,0
56776,0
38058,0
78983,0
47010,0
100652,1
42302,0
73391,1
121551,0
56947,0
83322,0
65678,0
136725,0
18505,0
116448,0
55109,0
31069,0
121426,0
24984,0
48760,0
81521,0
33271,1
105450,0
95712,0
91349,0
92301,1
17112,0
91304,0
123274,1
105576,1
9767,1
59393,0
38695,0
43477,0
96245,1
116106,0
64914,0
86990,0
79777,0
99737,0
29341,0
67469,0
119556,0
25150,1
35447,1
29114,0
124920,1
37904,1
133217,1
79647,0
36467,0
63985,0
3107,0
132691,0
32768,1
100939,0
46939,0
1198,0
59891,0
23192,0
76030,0
119646,0
66511,0
64886,1
22053,0
49227,0
124174,1
120586,0
59240,0
30549,0
45856,0
119597,0
11201,0
58662,0
97124,0
50290,0
32898,0
24371,0
77366,1
4125,0
72544,0
53620,0
50471,0
71469,0
40077,0
130242,1
81277,1
131315,0
35737,0
78003,0
62907,0
7415,0
61107,0
39910,0
62896,1
13428,0
94635,0
36602,0
67751,1
96296,0
15801,0
13917,1
16359,0
46479,0
2983,0
15599,1
69422,0
35708,0
8227,0
33343,0
47768,1
69139,0
9599,0
48905,0
87607,0
3961,1
43861,1
48284,1
124164,0
88778,0
92508,0
139778,1
26125,0
74514,0
63292,0
100122,0
42715,0
92060,0
93089,0
7378,0
11159,0
106722,0
22961,0
29418,0
31983,1
48298,1
8174,0
126450,0
53745,0
140249,1
74075,0
54722,1
23361,0
46425,1
90637,0
78008,0
66428,1
1501,1
7443,0
35820,0
70221,0
28247,0
4799,0
34977,0
120012,0
139808,0
86924,0
62514,0
110851,0
55064,0
138569,1
82983,0
77669,1
56296,0
29426,0
83293,1
110842,1
65511,0
105315,1
61484,0
122117,0
53358,0
20016,0
107226,0
78670,0
114151,1
128954,0
51021,0
50530,0
16240,0
90616,0
46190,0
125950,0
94520,0
8175,0
65750,0
132769,0
135578,1
83845,0
69710,0
38388,1
3587,0
56679,0
111172,0
64402,0
2548,0
71444,1
30748,0
81614,0
133601,1
128597,0
119035,0
123306,1
123636,0
130007,0
36829,0
138991,0
61686,1
544,0
59291,0
69675,0
23475,0
62423,1
115462,0
54219,1
102023,0
25883,1
11101,0
5632,0
94625,0
18812,0
108086,0
71358,1
117729,0
49838,0
64985,0
126735,0
33011,0
68981,0
97349,0
95636,0
27428,0
13668,0
100025,0
139837,0
118932,0
38051,0
81146,0
67854,1
137500,0
31476,0
73541,0
34673,0
105974,0
107320,1
134810,0
25291,0
54047,0
78993,0
73189,0
98137,0
23437,0
68932,1
2203,1
10550,0
138960,0
60767,0
32202,0
119210,0
138778,1
120833,1
100235,0
25784,1
93214,0
26902,0
86887,0
48706,1
19029,1
3530,0
135033,1
43263,0
116963,0
83760,0
124676,0
9150,0
7929,0
37219,0
19061,1
28402,1
22522,1
31325,0
1327,1
95594,0
104399,1
90,0
55855,0
71758,0
10889,0
51065,0
116067,0
69103,0
76186,1
53369,0
63416,0
114655,0
9810,1
32674,0
37246,0
137800,0
33215,0
66017,0
60638,0
40706,0
67345,0
138989,0
128822,0
77355,0
91753,1
137890,0
22512,1
44429,0
26919,0
13464,0
101318,0
87720,0
117030,0
105994,0
100933,0
117452,1
107352,0
31397,0
73873,0
134170,1
93087,1
11130,0
84935,0
11271,0
85628,0
66903,0
48525,0
47668,1
66941,0
28745,1
6299,0
109314,0
26179,0
25066,0
55524,1
98307,0
64406,0
99229,0
53136,0
54667,0
40531,1
92072,0
105303,0
135419,0
29451,0
123020,0
20049,0
123168,0
128749,1
139970,1
129335,1
76740,0
89542,0
68491,0
49852,0
1013,0
119614,0
36692,0
32129,0
4808,0
39012,0
86797,0
129214,0
114175,0
3668,0
99617,0
67915,1
94290,0
129333,0
1127,0
47047,0
17579,0
71925,0
9620,0
126541,0
5763,0
25714,0
38339,1
128156,0
123974,0
100791,0
52183,0
16687,0
118282,1
16974,0
28873,1
121052,0
71619,0
98789,0
101448,1
76704,0
117614,0
23389,0
123443,1
118831,0
5626,1
27276,0
112057,0
38901,0
33072,0
49595,0
65566,0
132930,1
124439,1
132155,1
91290,0
75544,0
80098,0
105847,0
49132,0
61464,1
132872,0
10326,0
82367,1
117461,0
95110,0
28332,0
131262,0
14543,0
97405,0
112573,1
67048,0
68333,0
24542,0
86015,0
139516,1
12619,1
90957,0
19606,0
119927,0
30129,0
8644,0
10567,0
111532,0
87712,0
89144,0
128706,0
45478,0
41088,0
47769,0
102857,0
68221,0
14008,1
108533,0
42268,1
81710,0
120377,0
69690,0
30727,0
65080,0
134116,1
60461,1
77216,0
104147,0
84142,1
5851,0
61163,1
63201,0
48004,0
42110,0
136348,0
122775,1
17269,0
89656,0
26136,0
35000,0
6919,0
94894,1
117070,0
67168,0
39474,1
7129,0
111851,1
30561,0
60239,0
10493,0
102943,0
91423,0
65190,1
34341,0
11673,0
83976,0
120232,0
67081,0
85851,0
28731,1
133168,0
5694,0
5648,0
71949,1
124819,1
67161,0
65490,0
123733,0
116656,1
130426,0
3866,0
123323,0
126606,0
58460,1
64358,0
77632,0
72602,0
84660,1
63041,0
64311,0
47742,0
56822,0
31410,0
28238,0
28559,0
80579,0
37607,0
110466,0
106063,0
91673,0
47633,0
84552,1
34366,0
13,0
129086,0
84646,0
103506,0
136247,1
125680,0
40847,0
5067,0
44639,1
123268,0
102300,0
37329,0
23067,0
67058,0
92722,1
95860,1
99856,0
133022,0
65032,0
52607,1
53554,0
64710,0
113855,0
24818,0
58200,0
133390,0
45048,1
12353,0
28042,0
54864,0
120246,0
129143,0
56081,0
51894,0
40327,0
33730,0
109038,0
37450,0
32820,1
121889,0
95247,1
7728,0
120214,1
113543,0
51462,0
61850,0
61609,0
11423,0
115952,0
136036,1
109683,0
46672,0
55046,0
23111,0
133438,0
125152,0
111685,0
78031,0
40217,0
14159,0
126551,0
122346,0
103757,0
88274,0
138081,0
129853,0
28933,0
403,0
4758,1
114832,0
48671,0
16292,0
79295,0
57485,0
9876,0
86763,0
84868,0
119522,0
33769,0
31235,0
91194,0
4714,0
119020,0
81917,0
26031,0
75465,0
61709,0
112752,0
118404,0
51120,0
133129,0
134313,1
35354,0
108263,0
114825,0
122647,0
71086,0
93742,0
34746,0
42840,0
21263,0
108856,0
111857,0
40379,0
115565,0
95491,0
109709,0
11245,0
60377,0
27449,1
127975,0
87442,0
129636,0
55623,1
41540,0
8962,0
128939,0
61273,0
55191,0
138891,0
139855,1
56448,0
137653,0
17141,0
128467,0
121288,1
137241,0
51147,0
84197,0
18949,0
97363,0
34049,0
109205,0
44837,0
38397,0
41203,0
15992,1
48802,0
78466,0
74346,0
100947,0
18994,0
66647,0
103451,0
5329,0
138705,0
102293,0
26180,0
46539,0
69074,0
26781,0
81470,1
68666,0
16885,0
131844,0
38400,0
20536,0
61681,0
50424,0
107923,0
4770,1
9502,0
73422,0
39469,0
116320,0
2513,0
19623,1
65510,0
125,0
83571,0
5566,0
119993,1
111166,0
87932,0
1913,0
69893,0
18551,0
12242,0
19663,0
136612,0
131273,0
84032,0
125258,0
40959,0
9264,0
47911,0
71343,0
105111,0
126806,1
103089,1
110537,0
125869,0
122940,0
22410,0
98969,0
114628,0
1893,0
26922,0
62595,0
22716,1
38546,0
96560,1
92476,0
53642,0
93509,0
55811,0
139756,0
112531,0
139700,0
176,1
7331,0
69661,0
129203,0
54257,0
3836,0
25110,0
85965,0
111122,0
7931,0
44154,0
136041,0
33023,0
2811,1
54127,0
16561,0
33869,0
112971,0
69315,0
78541,0
35368,0
116081,1
39138,0
20382,1
89037,0
61820,0
71150,0
45867,0
99010,0
102221,0
49150,0
4918,0
58137,0
86787,0
75033,0
5082,0
107966,0
67940,0
108644,0
64182,1
110974,0
60264,0
14142,0
49094,0
16059,1
35384,0
3537,0
120950,0
124015,0
45694,0
74999,0
76854,0
131616,0
5775,0
32068,0
51972,0
55312,0
41486,0
110200,0
53576,0
55903,0
111542,1
11089,0
74098,0
35949,0
76519,0
93797,0
83669,0
25124,1
272,0
99750,0
53832,0
21852,0
71924,1
54846,0
23252,0
91576,0
103745,0
122864,0
130142,0
30989,0
98563,0
122205,0
64820,0
74153,0
112903,1
105709,0
8728,0
3520,0
16623,0
88141,0
20989,0
120183,0
65689,0
108046,0
76624,0
99898,0
25525,0
27909,0
110354,0
41935,0
59895,1
44478,0
14652,0
33766,0
78671,0
128855,0
59409,1
69112,0
113502,1
42762,0
34415,0
139534,0
138292,0
68813,1
68209,0
138187,1
109710,0
136465,0
66396,0
77432,1
25860,0
38819,0
50442,0
8148,0
64911,0
16987,0
71390,0
99241,0
116841,0
26975,0
56628,0
57848,0
15409,0
6958,0
76569,0
57548,0
117529,0
95464,0
132583,0
109908,1
120465,0
114391,0
112416,0
34006,0
63590,1
61875,0
15391,0
84734,1
50296,0
98624,0
11291,0
17016,0
877,1
121824,0
107680,0
98518,0
8950,1
24738,0
54635,0
117252,0
94179,0
7458,0
41219,0
92216,0
129577,1
28565,1
92023,0
43058,0
12366,0
116892,0
44670,0
116653,0
67532,0
50593,1
61271,0
60411,0
120653,1
83326,0
86471,0
114457,0
74643,0
75283,0
102802,0
21851,1
137367,1
52691,0
97677,0
86774,0
111633,0
134068,0
138266,0
97717,0
131341,0
60195,0
26238,0
61233,0
6372,0
81738,0
37179,0
93302,0
129778,0
122027,0
60644,0
46132,0
121196,0
92019,0
87957,0
57715,0
85878,0
89286,0
26095,0
26977,0
16318,0
76039,0
41060,0
84411,0
49135,0
28623,1
44492,0
117528,0
122059,0
131595,0
67384,0
64016,0
70109,0
109065,0
123590,0
121760,0
79014,0
139706,0
4974,0
101588,0
76074,1
114220,0
61102,1
6358,0
19059,0
39495,0
41359,0
27076,0
89814,0
75684,0
8862,0
101805,0
97375,0
53282,0
26498,0
17477,1
15823,0
3903,0
17701,0
81841,0
85923,0
90747,0
77038,1
90842,0
92256,0
47023,0
2784,0
28245,0
36913,0
41045,0
52534,0
39244,0
19360,0
77381,0
110700,0
61683,1
21019,0
138045,0
102289,0
101488,0
22537,1
97700,0
70962,1
135589,1
2056,0
63544,0
40601,0
58287,0
65542,0
23398,0
8012,0
51017,0
2980,1
71493,0
18648,0
66052,0
29615,1
121833,0
49284,0
32079,0
78745,0
108158,1
2371,0
140315,0
61890,0
47879,0
19146,0
110850,1
2848,0
16187,0
81543,0
73254,0
51449,0
76558,0
97831,0
134677,0
52292,0
54662,0
59342,0
125377,0
85073,0
14620,0
7421,0
88247,0
79813,0
21424,1
68931,0
37670,0
110331,0
49715,0
72391,0
61961,0
78819,0
21698,0
25324,0
14308,0
41260,1
39378,0
15676,1
126018,0
131789,0
36308,0
119519,0
35404,0
121699,1
51780,0
25164,0
64841,1
87901,1
118714,0
114819,0
68556,0
117358,0
67585,0
47282,0
58875,0
20008,0
127034,0
67153,0
59432,0
71900,1
37334,0
134399,0
21129,0
15952,0
131030,1
32372,0
18983,1
108884,0
120249,0
23945,0
88453,1
134538,0
80879,0
24267,0
53370,0
131476,0
84250,0
33093,1
121946,1
69712,0
44276,0
132108,1
33491,0
45639,0
106481,0
72824,0
123295,0
128588,0
73829,0
120618,0
104610,0
43341,0
98691,0
85980,0
126287,0
47552,0
58647,0
124931,0
74711,1
63350,0
101912,0
83256,0
46354,0
46469,0
2269,0
56812,0
805,0
108200,0
120442,0
30546,0
76856,0
61967,0
98351,0
130908,1
3517,0
112628,1
115763,1
33606,0
70822,0
66984,0
65366,0
16761,0
56808,0
134193,0
52965,0
4922,0
67605,0
130385,1
95937,0
34367,0
91191,0
37347,0
110223,0
27610,1
120297,0
8912,0
91716,0
60575,0
94367,0
503,0
50718,0
35558,0
126698,1
130843,0
35626,0
76651,0
73580,0
86945,0
108390,0
60374,0
84559,0
129443,0
121722,0
64372,0
60534,1
133250,0
102820,1
117841,0
32499,0
84276,0
68648,0
57029,0
83725,1
7519,0
6286,1
10577,0
39784,1
49086,0
53472,0
44684,0
54834,1
37613,0
93479,0
86222,0
37550,0
118177,0
94605,0
100588,0
63323,0
110053,0
31577,1
43842,0
46831,0
118688,1
54753,0
80096,0
115608,0
59753,0
109127,0
132777,0
70715,0
36196,0
79376,0
48952,0
90235,0
94804,0
15090,1
129033,0
103093,1
25076,0
80218,1
29007,0
105907,0
85174,0
129960,0
51135,0
88895,0
110001,0
36541,1
86474,0
113017,0
48708,0
89990,0
130082,0
48436,0
58138,0
59132,0
68151,0
91292,0
126800,0
51696,0
87545,1
139286,1
5296,0
137061,0
26534,0
89888,0
119885,1
59548,0
24805,0
100203,0
54186,0
25742,0
103665,0
138711,0
8121,0
30051,0
46701,0
3234,0
74246,0
17721,0
40413,0
130534,0
79601,0
28547,0
66858,1
88200,0
92412,0
75674,1
108007,0
36503,0
111885,0
75467,0
85725,0
91338,0
117121,0
13945,0
115469,0
23230,0
117401,0
83638,1
52686,0
69040,0
1708,0
26139,0
41143,1
13327,0
140142,0
120560,0
134075,1
49372,0
92699,0
12637,0
18837,1
112500,0
117582,0
132637,0
50572,0
112490,0
433,0
121647,0
72575,0
120840,0
106099,0
14147,0
135524,0
11742,0
15344,0
81057,0
60118,0
22589,0
116513,0
63173,0
64342,0
69912,0
41043,0
127859,0
124138,0
81281,0
60733,0
81945,0
129566,0
14827,0
98260,0
85280,0
38473,0
10665,0
5036,0
134831,0
122418,0
90919,1
126984,0
8274,0
55527,0
71684,0
82466,0
67577,0
134843,0
27301,0
88378,0
95964,0
100725,1
136772,1
16873,0
81828,0
108511,0
76820,0
37872,0
90043,0
5097,1
115911,0
86405,1
5041,0
17627,1
102639,0
16263,0
32774,0
95851,0
7369,0
72164,0
128227,1
37268,0
29669,0
28736,0
79578,0
43445,0
74016,0
17417,0
135728,0
118591,1
123877,0
98724,0
54172,0
4335,1
131827,0
39324,0
122339,0
87961,0
21052,0
54985,0
112781,0
30460,0
90977,0
139396,0
25904,0
27429,0
62515,0
121155,0
139914,0
60439,1
61853,0
22305,1
123616,0
12640,0
81914,0
15516,0
64621,0
33489,0
90871,0
116362,0
5859,0
98970,0
5836,1
33245,0
65571,0
85017,0
120656,1
96173,0
115017,1
16366,0
97162,0
133371,0
101503,0
3550,0
7948,0
56794,1
114887,0
120597,1
77627,0
8418,0
10611,0
1507,0
56169,0
6203,0
109862,1
86317,0
8004,0
34051,0
49266,0
125897,0
45685,0
48259,0
82115,0
134701,0
35464,0
5472,0
134453,0
57011,0
117743,0
68460,0
136116,0
53906,0
76956,0
33002,0
86277,0
67163,1
37351,0
126827,1
41811,0
96562,0
63884,1
52443,0
57303,0
49304,1
104078,0
35470,1
123285,0
104545,0
102432,0
135325,1
16791,0
96525,0
66870,0
22151,0
2527,1
11798,0
89310,0
41786,1
117973,0
20215,0
131541,0
21637,0
73509,0
53720,0
107871,1
127491,1
16117,0
3503,0
34738,1
47159,0
31938,0
4675,0
116454,1
130350,1
19655,0
118632,1
56506,0
26036,0
82369,1
74821,0
114129,0
136753,0
135475,0
90143,0
99029,0
123360,0
85515,0
34686,1
92566,0
110787,0
121276,0
119310,0
32028,0
98577,0
13712,0
706,0
105471,0
23679,0
128473,0
101358,0
21304,1
130032,0
128525,0
5369,0
27875,0
72927,0
90053,0
122663,0
133442,0
122735,0
1412,0
37986,0
96539,0
106088,0
39092,0
27035,0
115973,0
64875,0
6150,0
10112,0
589,1
20386,0
127383,1
137098,0
11252,0
70332,1
83740,0
46767,0
79513,0
62447,1
30038,0
53593,1
122455,1
22405,0
132055,0
24030,0
122918,0
62474,0
5557,0
123680,0
135251,0
53440,0
78776,0
26719,0
6403,0
21582,0
83644,0
21371,1
45256,0
94250,1
77128,0
43777,0
68905,0
85863,1
70260,0
27531,1
57835,1
81238,0
28859,0
41324,0
4964,1
87778,0
51561,0
122396,0
31857,0
58615,0
86547,0
29905,0
33756,1
75948,0
68091,0
77677,0
127718,0
7249,0
44085,0
81787,0
47283,0
104645,0
127792,1
34190,0
85251,0
105431,0
54772,0
85127,0
58276,0
52174,0
80277,0
80442,0
137627,0
20464,0
43708,0
135599,1
110610,1
128684,1
60880,0
128875,0
125192,0
41455,0
29322,0
40023,0
58258,0
41453,1
115227,1
9753,1
138339,1
35008,0
39439,0
72675,0
76517,0
32751,0
22218,0
51653,0
130585,0
32276,0
15070,0
71385,0
76573,1
31854,0
85637,0
114487,0
68355,1
79410,0
33939,0
20316,0
40560,0
14495,0
13076,0
127290,0
80971,0
138643,0
67601,1
29165,0
7234,0
85367,0
10613,0
129879,0
46677,1
24743,0
27778,0
82570,0
22170,1
16680,0
13016,0
88762,0
68902,0
1017,0
3516,0
15651,0
120172,0
128482,1
130036,1
12720,0
64373,0
33152,1
1956,0
114689,0
40786,0
106387,0
124972,1
3659,0
7647,0
128738,0
44368,1
138088,1
56981,0
34684,0
311,0
61893,0
76016,0
54126,0
49031,0
97434,1
119053,0
66872,1
20409,0
98487,1
74708,0
51941,0
13297,0
64963,0
55554,0
26071,0
84708,0
21706,0
96144,0
116646,1
30258,0
78749,1
79368,0
62650,0
27897,1
94381,0
61567,0
77887,0
105546,0
25820,0
49960,0
46387,1
46803,0
19929,0
55264,1
91010,0
16792,1
81899,0
108372,0
121958,0
88586,0
36153,0
70399,0
102610,0
131110,0
104794,0
87233,1
13213,1
116761,0
34798,0
31641,1
2243,0
67193,0
6547,1
71067,0
49179,0
94358,1
101160,1
127053,0
1372,0
42683,0
41385,0
30194,1
44649,0
5382,1
97301,0
71750,0
73678,0
129450,0
45676,0
11803,0
45485,0
91711,0
135572,0
90845,1
105284,1
13172,0
126558,0
30916,0
118765,0
74644,0
49743,1
49340,0
109798,0
41764,1
67072,0
46676,0
126129,0
81741,0
56620,0
7561,0
132242,0
47946,1
103064,0
14925,0
87805,0
56891,0
111990,0
91025,0
114308,0
111057,0
94747,0
136245,0
122518,0
12199,0
132128,0
109465,1
13947,0
92548,0
31358,0
23388,1
92153,0
10035,0
25151,0
45286,0
39038,0
42350,0
118768,1
98962,0
44621,0
81891,0
90660,0
52803,1
38144,0
123620,0
11642,0
105842,0
56779,0
54897,0
100322,0
70225,0
94424,0
48724,0
124114,0
9141,0
74715,0
46800,0
1310,0
68834,0
41915,1
122133,0
98555,0
46867,0
50860,1
129593,0
84152,0
85339,0
79380,0
72509,0
120257,0
92017,1
96983,1
11892,0
136069,0
78975,0
18309,0
132562,0
67271,1
110472,0
86510,0
14197,0
135875,0
125722,0
134704,1
90133,0
109661,1
114438,0
62207,1
114245,0
60824,0
61035,0
44262,0
42036,0
25966,1
12420,1
68511,0
102677,0
101762,1
48764,0
49206,0
2078,0
70168,0
107291,0
72155,0
98078,1
36087,0
20541,0
83155,0
90738,0
86850,0
140186,0
124487,0
56290,1
24632,0
89381,1
28622,0
72594,1
74921,1
108117,1
67988,0
30837,0
92429,0
29801,0
42719,0
121571,0
4457,0
101234,0
55579,0
29150,0
19560,0
134494,0
60477,0
116832,0
96236,0
13161,0
61921,1
82507,0
52895,0
135523,0
119208,0
111419,1
52271,1
138942,0
13672,0
102909,0
132525,0
137528,0
114988,0
76406,1
128562,0
31073,0
59941,0
123879,0
79470,0
110416,0
26898,0
56558,0
126756,1
69136,0
130496,0
8993,0
40167,1
127055,0
135322,0
7579,0
59725,0
56188,0
117391,0
61417,0
37415,0
139154,1
90590,0
69256,0
9628,0
109459,1
35432,0
64481,0
80991,1
5551,0
7987,1
56941,0
117865,0
17342,0
44793,0
69720,0
128347,1
138642,0
14394,0
90769,1
129601,0
12857,0
74957,0
101637,1
46201,0
127738,0
83283,0
88182,0
111711,0
20632,0
134899,0
10837,0
70691,0
139963,1
73013,0
88416,0
3717,0
76447,0
56780,0
98565,1
140305,0
119323,0
124851,0
8359,0
109515,1
65843,0
88286,1
105151,0
71087,0
79576,0
90664,0
65805,0
104077,1
4566,0
79043,0
105353,0
62850,0
43067,1
70796,0
114596,0
4926,1
128083,0
108886,0
95444,1
130635,1
58085,0
13211,0
123461,0
33333,0
29463,0
127924,0
130518,0
117542,1
44482,0
64943,0
127765,0
79697,0
122515,1
140083,1
133864,0
56465,0
98802,1
95014,0
118063,0
97313,0
50324,0
129101,0
119623,0
24224,0
113404,0
29054,1
29264,0
29543,0
66112,0
81852,0
84753,0
123647,0
5278,1
4034,0
96816,0
47051,0
89016,0
125225,0
130250,0
85872,0
40754,0
128886,0
10557,0
20850,1
121340,0
17019,1
42583,1
81406,0
124680,0
32668,0
50519,0
83383,0
110539,0
4381,1
126520,0
46478,0
31571,1
40768,0
103466,0
103688,0
95931,0
80222,0
132511,0
106885,1
95701,0
98386,0
112805,0
123494,0
1876,1
32752,1
107415,0
26390,1
4561,0
114272,0
112138,0
53203,1
14963,0
14700,0
43618,0
3006,0
125841,1
42131,1
11981,0
16899,0
40577,0
19074,0
878,0
136021,0
18490,0
59390,0
105171,0
131761,1
70395,0
85290,0
47290,1
78424,0
61410,0
58338,0
68949,0
117256,0
69670,0
101383,1
88069,0
13812,0
96047,0
82462,0
64167,0
113653,0
85699,1
37077,0
114099,1
137957,0
52369,0
35772,0
72895,0
7843,0
98135,0
114621,0
55557,1
53810,0
11244,0
73622,0
114271,0
131478,1
74717,0
49052,1
98592,1
97869,0
113230,0
69894,1
40522,0
62911,0
132317,0
8127,1
34892,0
39223,1
11294,1
19583,1
71722,0
118463,0
116966,1
14102,0
98639,1
88313,0
113630,0
37382,0
37727,1
123810,0
110115,0
15338,0
28313,0
74341,0
105765,0
3252,0
61624,1
126082,0
56561,0
117139,0
128167,1
131979,1
55093,0
94262,0
50994,0
46482,0
37187,0
82544,0
5939,0
104827,0
126548,1
39468,0
5108,0
105670,0
66722,1
70325,0
28858,0
106655,0
74265,0
131928,0
43804,1
43796,0
114699,0
49938,0
9222,0
85298,1
40157,0
106702,0
122056,0
48091,0
121362,0
10763,0
21400,0
11006,0
46252,0
13202,0
2363,0
33529,0
32402,1
7582,1
77638,0
57822,0
135871,0
4971,1
52024,0
20033,0
110558,0
123250,0
87556,0
90226,0
91090,0
14178,0
86723,0
13241,0
25135,0
99448,0
54721,0
134229,1
111406,0
93358,0
45093,0
51056,1
76680,0
55636,0
22226,0
10228,0
82904,0
34220,1
113988,0
50960,0
3305,1
38236,0
4822,0
21922,0
138252,1
109386,0
86569,1
138255,1
8705,0
102374,0
90588,0
79076,0
16458,0
305,0
22734,1
128188,0
78451,1
74738,0
28966,0
44634,0
10648,0
22264,0
96527,0
1030,0
81430,0
11475,0
108036,0
86886,1
40281,0
119469,0
29903,0
78153,0
88988,0
104714,0
75032,0
38713,1
78220,1
40900,0
114224,0
21179,0
22000,0
122631,0
68744,0
78122,0
16483,0
67102,0
29187,0
100621,0
25657,1
85455,1
77489,0
14208,0
5985,0
57404,0
45633,0
112578,0
10451,0
80310,1
137105,0
37910,0
34490,0
93673,1
66849,0
76832,0
102189,0
32756,1
20779,0
19461,0
124297,1
106563,0
75701,0
115856,0
18975,0
70720,1
9618,0
73724,0
111263,0
98838,1
113213,0
64425,0
11966,0
28821,0
130105,0
98559,0
82493,0
42366,0
17255,0
26462,0
50590,0
45393,0
80758,0
15677,0
33821,0
111757,0
47830,0
127276,0
8271,1
22851,0
61400,0
137197,0
58821,0
37838,0
95044,0
58337,1
47594,0
88786,1
135569,0
91285,0
32871,1
12960,0
16497,0
85214,0
138797,0
52032,1
34462,1
36373,1
17407,1
57483,0
54836,1
58265,0
56595,0
89060,0
74840,0
57763,1
98661,1
117673,0
10099,0
1554,0
81165,1
116662,1
119249,0
94404,0
69064,0
33702,1
63752,1
118551,0
103798,0
4076,0
102939,0
62798,0
68574,0
59306,0
83787,0
24206,0
92979,0
43766,1
90727,0
123927,0
49958,0
127077,0
66840,1
2212,0
31179,0
70321,0
120754,0
77461,0
58604,0
121749,0
87603,1
54654,0
126304,0
31976,0
125676,0
44297,1
103562,0
64407,0
23739,0
78717,0
105320,0
75487,0
46183,0
105323,0
41653,0
104412,0
138043,0
20480,0
15339,0
30905,0
97506,1
35909,0
114806,0
134126,0
133383,1
111526,1
123008,0
48758,0
117247,0
31849,0
32595,0
16147,0
84017,0
93180,0
41375,0
49317,1
132078,0
135367,0
83182,0
78769,0
46035,0
71986,0
5924,0
67371,0
134089,0
41511,0
120562,1
21300,0
59998,1
59604,0
97538,0
45654,0
90534,0
118341,0
85723,0
96666,1
125571,1
43533,0
5744,0
75737,1
42126,0
133273,0
14787,0
107756,1
75787,1
53180,0
51755,1
13885,0
42213,1
103002,1
32533,0
138421,0
114073,1
99994,0
123278,0
4407,0
75058,0
108827,0
1233,0
9646,0
102979,1
63571,0
47997,0
103630,0
8935,0
79855,0
80799,1
86902,0
15377,0
53474,1
53758,1
67140,0
37879,0
51660,0
54015,0
122857,0
59894,0
119007,0
69294,0
83080,0
19003,0
88737,0
100132,0
54101,0
125823,0
42814,1
130538,0
135235,0
112445,1
14452,0
46070,0
62500,0
47699,0
128192,0
111849,0
50366,0
47142,1
21934,0
86671,0
107714,0
21340,0
67068,0
105995,0
72333,0
104137,0
16370,0
92911,0
3324,0
126969,0
7051,0
62728,0
48323,0
61097,0
53111,0
137284,1
40772,0
50884,0
39355,0
70200,0
3991,0
62173,1
97392,0
135366,0
105463,0
137050,1
87170,0
32764,0
32571,0
70469,0
35194,0
23094,0
82797,0
38797,0
52332,0
59051,0
25850,0
27529,1
93563,0
30307,0
140520,1
123124,0
36156,0
58403,1
61836,0
35501,0
105115,0
99793,0
98324,0
100832,1
52960,0
114171,0
91885,0
23382,0
445,0
32704,0
124470,0
23959,0
88412,0
118449,0
129646,0
44109,0
96663,0
79767,0
51290,0
118566,0
38699,0
81236,0
93920,0
83967,0
88662,0
21999,0
11664,0
2605,1
126064,0
79291,0
55235,1
13353,0
37741,0
63597,0
45238,0
128155,0
121843,0
94439,0
5861,0
73080,0
30785,1
62165,0
131793,0
33575,0
61928,0
73430,1
69376,0
9788,0
112953,0
71686,0
83658,0
131001,1
105028,0
66518,0
7026,0
81428,0
105380,0
20449,1
93234,0
45076,0
52169,0
35574,0
46522,1
4474,1
9429,0
94064,0
61879,0
92470,0
6944,1
129841,0
86313,0
113892,1
21835,1
77176,1
15047,0
118092,0
11513,0
7699,0
28911,1
51765,0
140667,1
51860,0
82927,0
15446,0
16616,1
6416,0
65176,0
31959,0
14021,0
994,0
44196,0
39810,1
67770,0
41609,0
120200,1
78176,0
27179,0
37500,0
2551,0
136309,0
124267,0
4155,0
49954,0
103805,1
76650,0
86137,1
96901,1
3675,0
117073,0
72830,0
24802,1
104501,0
70456,1
29280,0
52509,0
26257,0
43454,0
26404,0
101278,0
51158,1
50934,0
601,0
46896,0
44825,1
66664,0
134872,0
41480,0
132414,1
96025,0
116512,1
51995,1
73195,0
100275,0
133639,0
127181,0
90915,0
46747,0
77146,0
93750,0
92413,0
111339,0
3062,1
1751,0
12130,0
130961,0
73393,0
105978,0
68400,0
100455,1
83813,0
27309,0
102107,0
106117,0
126193,1
31995,0
63845,0
94607,0
126517,0
89766,0
85621,0
103966,0
46784,1
96188,0
87577,0
16510,1
77153,0
32664,0
36889,0
66839,1
88619,0
101326,0
98928,0
81937,1
1258,0
88878,0
60837,1
48680,0
58322,1
67087,0
108828,0
649,0
2130,1
120600,0
880,0
38816,0
30762,0
119407,0
28856,0
130923,0
85651,0
105664,0
71744,0
42316,0
60881,1
135850,0
20001,0
71617,0
128189,1
65770,0
82277,0
25219,0
110096,0
104068,0
120213,0
73374,0
86951,0
88020,0
48321,0
14027,0
61322,0
122183,0
99581,0
210,0
84042,1
53302,0
61245,1
45088,0
118975,0
57098,0
18669,1
79957,1
80397,0
121387,0
62842,0
50343,0
47474,0
50098,0
10290,0
49842,0
12078,0
113356,0
22756,0
97770,0
23359,0
49617,0
919,0
57344,0
51425,0
11314,0
135224,0
48591,0
109755,0
61047,1
90814,0
57004,0
54025,0
93547,0
49000,0
9066,1
3872,1
34901,0
114890,0
97497,0
125972,0
15518,0
29524,0
91432,0
21370,0
95793,0
70099,1
79034,0
76166,0
6735,1
71695,1
129671,0
14512,0
98497,0
113702,0
22811,0
50401,0
12024,0
138013,0
44843,0
61353,0
12691,1
31074,1
75166,0
137382,0
84746,0
29854,0
48095,0
134150,0
80753,0
54740,0
66895,0
55529,0
40014,0
106003,0
56546,0
41810,1
58115,0
66439,0
22215,0
129926,0
70342,0
138246,0
10372,0
120001,0
117180,1
82156,0
76523,0
128910,0
52391,1
50211,0
33948,0
74880,0
29872,0
60819,0
106213,0
6327,0
106776,0
83542,1
97374,0
1396,0
122583,0
17928,0
3061,0
121568,0
21173,0
10726,0
405,1
114770,0
22247,0
29569,0
134408,1
14409,0
13389,1
43082,0
137577,0
111841,1
34235,1
134710,0
100950,0
32588,0
15969,0
70169,0
127728,0
66056,1
116913,0
99987,0
76932,0
136971,0
64204,0
29977,0
23074,0
59471,0
18802,0
86555,0
123357,0
136818,0
102434,0
13619,1
100443,0
14312,0
43512,0
106078,0
38023,0
74807,0
49771,1
114473,0
50245,0
133568,0
37205,0
12725,0
76870,0
47190,0
8555,1
116276,1
118692,1
139873,0
84372,0
54184,1
87446,0
111732,0
4645,0
95046,0
69731,1
108759,0
110015,0
89788,0
63878,1
108408,1
86251,0
84835,0
6528,0
74686,0
104410,1
463,0
19546,1
44988,1
44341,0
99280,0
51639,0
79882,1
113151,0
76865,1
127789,0
81040,1
91079,0
57846,0
110779,0
62487,0
27682,0
96171,0
46224,0
27915,0
1560,0
68868,0
25560,0
134081,1
133288,0
42050,0
66448,0
11657,0
133305,0
24862,0
97761,0
127898,0
97837,0
108474,1
8106,0
25895,0
98824,1
95293,0
124237,0
37147,0
31011,1
59958,0
56388,1
98216,0
10294,0
39636,0
71119,0
91061,0
7038,1
15556,0
53099,1
88773,0
102306,0
31123,0
43981,0
41346,0
8936,0
60078,0
11724,0
104426,0
140326,1
8565,0
51351,0
20347,1
57533,0
75535,1
40664,0
132640,0
68330,0
42513,1
134922,0
50787,0
116036,0
33379,0
15150,1
112796,0
78484,0
33732,1
85913,0
41854,0
122966,0
9003,0
115448,0
15832,0
57186,0
36808,0
49879,1
37489,0
94034,0
32503,0
66275,0
34031,0
107747,0
69102,0
127169,1
102952,0
135695,0
27126,0
87542,0
17176,0
39901,0
58964,0
118134,0
54105,0
138100,1
84741,0
6758,0
80728,0
112087,0
61985,1
60300,0
135843,0
27788,0
98478,0
12306,0
27533,1
130270,0
71762,0
41207,1
34289,1
133213,0
121185,0
120138,0
139692,0
126516,0
64400,0
83096,0
91463,1
36115,0
112710,0
21899,0
27029,1
114597,0
76004,0
98181,0
17454,0
15906,0
131804,0
34847,1
94399,0
110255,0
6996,0
54512,0
5250,0
82985,0
57453,1
107443,0
9688,0
52358,0
67999,1
112218,0
75602,0
98672,0
127006,0
98659,0
50449,0
39764,0
104070,0
15578,1
9639,0
137991,1
6441,0
59281,0
17809,0
96489,0
76275,1
18907,0
38872,0
71382,0
76991,1
41055,0
44588,0
26313,0
100672,0
36236,0
39999,0
2969,0
4165,0
79207,0
102313,0
123608,0
53156,0
131991,1
113655,1
29102,0
84641,0
87081,0
15782,0
57255,0
58635,0
105979,0
57683,1
8063,0
66181,0
106757,1
123817,0
52363,0
133426,0
83497,0
50220,1
76423,0
72715,0
40543,0
10859,0
138417,1
6887,0
27093,0
102435,0
50454,0
58692,0
114651,1
98723,0
110774,0
89163,1
105152,0
109268,1
44724,0
113389,0
55075,0
91742,0
53585,0
108218,0
2836,0
78016,0
32655,1
65893,0
105532,0
100083,0
14724,0
102688,0
42939,0
126839,0
3978,0
55157,1
111608,1
129274,0
40468,1
4806,0
95261,0
107478,0
127220,0
110317,0
52976,1
38898,0
57714,0
50083,0
138365,1
99697,0
137142,1
18856,0
21707,0
112340,0
97159,0
127610,1
67118,0
62349,0
95426,0
125999,0
92764,0
10855,0
119184,1
104467,0
63989,0
107012,0
67111,0
22714,0
32955,0
26933,0
30587,0
62197,0
76460,0
114498,0
49333,0
3642,0
94678,1
57519,0
23140,0
86800,0
113277,1
140372,0
17120,1
118450,0
48294,0
89571,1
96359,0
102737,0
2448,0
127172,0
100794,1
18291,1
2356,0
112873,0
41735,1
118543,0
113850,0
48357,0
100498,0
101614,0
114951,0
124212,1
131301,0
42032,1
4439,0
74833,0
36745,0
46967,0
48388,0
114669,0
67051,0
136902,1
56795,0
14249,0
111254,0
92793,0
19295,0
86966,0
63577,0
99903,1
38324,0
124543,0
125899,0
29557,0
23364,0
123348,0
97114,1
81633,0
64346,0
69750,1
29753,0
138247,0
68291,1
44993,0
24058,0
139806,0
44020,0
30001,0
40960,0
36573,0
133406,0
69858,0
86170,0
71636,1
109706,0
20803,0
5081,0
73761,1
112058,0
136703,1
93695,0
136817,0
94496,0
68880,0
32465,0
1628,0
123553,0
50611,0
3715,1
30149,0
49327,0
31209,0
33550,0
925,1
35815,0
82155,0
10313,0
49517,0
130068,1
6408,0
55100,0
69345,1
15591,0
134346,0
58428,0
130430,0
77775,0
29018,0
103956,1
40230,0
137615,0
120073,0
16904,0
8916,0
44687,0
36750,0
5713,0
47358,0
84999,0
71751,0
138693,0
39216,0
94692,0
128824,0
107497,0
68299,0
118596,1
52807,0
14921,0
17682,0
62764,0
33117,0
59762,0
52289,0
77359,0
7572,0
50005,0
101541,1
27649,0
130227,0
83837,0
16167,1
118620,1
57142,0
131855,0
38985,0
53477,0
8785,1
121038,0
81169,0
29262,0
113466,0
123741,0
114940,0
38774,0
110584,1
111613,0
27394,0
107522,0
4914,0
30126,0
46270,0
78935,1
104094,0
88507,0
62753,1
73640,1
32397,0
135425,0
85611,0
61040,0
114812,0
33583,0
8861,0
139570,0
95775,0
62293,1
41315,0
46056,0
80647,0
136265,0
5531,0
112041,0
114454,0
69793,1
3704,1
40142,0
61396,1
134288,0
51479,0
121053,0
73272,0
47362,1
138105,0
43971,0
18980,0
116074,0
41863,0
56961,0
22413,0
41669,1
25959,0
115113,0
3224,0
35305,0
134944,0
96617,0
94962,0
57096,0
114564,1
110051,0
79050,0
112963,0
18025,0
97719,0
91360,0
33981,0
64291,0
43508,0
94567,0
112267,0
18481,1
123277,1
99897,0
100637,0
119585,1
123812,1
27031,1
94634,0
89642,0
125828,1
2104,0
68031,0
39722,1
84107,0
128176,0
117097,0
39377,0
32222,0
31032,0
116275,0
133859,0
91937,0
70025,0
69371,0
33610,0
16120,0
6526,1
7506,0
39525,0
28050,0
91490,0
58363,0
42237,0
2876,0
106004,0
108042,0
105568,0
31537,0
83024,0
117549,0
27229,0
4767,0
11534,0
129183,1
107695,0
115034,0
90312,0
13011,0
90653,0
100571,1
18533,0
12031,0
106127,1
37261,0
130384,0
68651,0
56055,0
31544,0
74477,0
18393,0
51923,1
18665,0
82478,0
67424,1
46962,1
77239,0
59358,0
106269,0
29777,0
130513,1
111464,0
73380,0
15935,0
68787,0
95493,0
59176,0
55404,0
7403,0
103203,1
69068,0
62238,0
24693,0
94270,1
136649,0
23362,0
102367,0
102928,0
24377,0
130836,0
88707,0
89364,0
70896,0
82600,0
12796,1
23166,0
114627,0
50480,0
70646,0
37272,0
51451,0
76174,0
12943,0
53245,1
58371,0
71903,0
62741,1
50570,1
132793,0
26463,1
107879,0
63912,0
132290,0
33898,0
66091,0
16588,1
90650,0
119143,0
94734,1
129501,0
101936,0
137079,0
1148,1
3251,0
12432,0
19539,1
95751,0
35523,1
6802,0
21876,0
5718,0
6866,0
109110,0
62939,0
100660,0
135945,0
79405,0
139849,0
139977,0
35583,0
67494,0
14367,0
59217,0
104990,0
20210,0
1332,0
116977,0
93128,0
93263,0
80927,1
115711,0
4507,1
43888,0
20679,0
63205,0
69028,0
113714,0
46263,0
94480,0
50971,1
71857,0
136543,0
108017,0
17741,1
76171,0
86699,0
17509,0
86912,0
66901,0
49787,0
64234,0
57538,0
74887,0
77860,1
91127,1
90026,0
80017,0
74398,0
94615,0
26512,0
55057,0
72024,0
126712,0
43991,0
5783,0
38349,0
83103,0
32960,0
95235,0
1823,0
42348,0
8011,0
11165,1
109295,0
120427,0
80202,0
59839,0
96103,0
77450,0
61539,0
27846,0
110433,0
86279,0
6801,1
5981,0
41815,1
17438,1
47657,0
139133,0
63356,0
101350,0
47641,0
122442,0
83552,0
81591,0
29660,0
76640,0
67667,0
13883,0
80600,0
47599,0
77045,0
37118,0
109067,0
70309,0
108176,0
134257,1
130198,0
22649,0
18673,0
122485,0
110486,1
59749,1
23729,0
104959,0
15874,1
81544,0
128408,0
70186,0
45746,0
39226,0
26293,0
111012,1
122309,0
96032,0
106864,0
26792,1
117568,0
84014,0
32606,0
32837,0
14252,0
4239,0
101043,0
20005,0
75652,1
22115,0
62019,0
99420,0
51037,1
17702,0
47817,0
13955,0
53980,0
124247,0
56834,0
7128,0
73095,1
89992,0
60155,0
42582,0
22202,0
77509,0
48109,1
54735,0
106456,0
66526,0
106241,0
17152,0
55338,0
119285,1
11335,0
18302,1
28461,0
124295,0
125043,0
111151,0
22166,0
24577,0
95341,0
140178,0
122438,1
36073,0
75739,0
36609,0
101482,0
69944,0
135672,0
29729,0
40304,0
28325,1
121772,1
17365,0
81909,0
15337,0
88596,0
89910,0
9219,0
36130,1
67528,1
115609,0
112830,0
56648,1
124111,0
75362,0
71492,0
12012,0
76002,0
28659,1
72380,0
15105,0
116181,0
53274,0
101281,0
119355,1
5702,1
2257,1
133486,0
9338,0
64707,0
17610,0
120402,1
49423,0
32207,0
65980,0
44365,0
22972,1
54106,0
95489,0
58429,0
129326,0
122764,0
52118,0
99867,0
130772,0
139321,0
81155,0
84428,0
21774,0
79411,1
42670,0
77524,0
21830,0
79208,0
98321,0
4672,0
31124,0
76006,0
121355,0
41187,0
115960,0
128838,1
106891,0
88731,0
125774,1
94882,0
67848,0
111899,0
140616,0
55056,1
22915,1
88875,0
132341,1
18311,0
137612,1
69338,0
57426,0
98812,0
24389,0
77926,0
99708,0
128645,0
128965,0
65554,0
94001,0
124823,1
95965,0
120907,1
123472,0
10122,1
113335,0
1318,0
71855,0
135411,1
51018,0
67853,0
43689,0
33638,0
109431,0
117410,1
113478,1
108959,0
63714,0
67582,1
102812,0
126140,1
121918,0
33586,1
108688,0
10851,0
29940,0
43104,0
27720,1
118568,1
62144,0
120775,0
46072,1
61466,1
53859,0
81345,0
93385,0
19545,0
71135,0
140251,0
16202,1
36294,0
137638,1
62590,1
42481,1
49146,1
63816,0
89404,0
120786,0
112991,0
96458,0
118546,0
11573,1
97707,0
72959,0
68043,1
109983,0
70836,1
18371,0
67394,1
70125,0
89297,1
44146,0
26670,0
59009,0
74376,0
91479,0
132876,0
75622,0
136832,0
94994,1
80119,0
101627,0
30152,0
90164,0
108834,0
63370,0
56505,0
105996,0
103455,0
39466,1
35009,0
36406,0
67826,0
81125,1
57241,1
127939,0
51236,0
56685,0
7740,0
73929,0
106469,0
119916,0
85545,1
132145,1
138863,0
12891,0
14346,0
117869,0
73378,0
29665,0
41277,0
66692,0
33879,0
33390,0
76846,0
105830,0
54363,0
44014,0
17841,0
48894,0
72149,0
67321,0
137677,0
37673,0
115940,0
16492,1
26482,1
103680,0
9030,1
22073,0
63947,0
97522,0
88358,0
106152,0
91670,0
81289,0
33584,0
84967,0
93176,0
19344,0
137138,0
60872,0
8181,0
6235,0
103409,0
76487,0
5334,1
60697,0
60878,0
17043,0
52632,0
106316,0
21865,1
106645,1
49784,1
112220,1
25419,0
122808,1
81083,0
87915,1
136274,0
77388,0
112837,0
119649,1
57839,0
137526,1
62172,0
65033,1
69853,0
125719,0
40377,0
4809,0
27584,0
91888,0
125161,0
42463,0
88194,0
10413,0
126103,0
82883,0
27624,0
60706,0
126817,0
74899,1
63467,0
65,0
3043,0
58110,0
49158,1
73597,0
60879,0
46882,0
24532,0
129200,0
80918,0
110225,0
126248,0
67762,0
136441,0
14697,0
57614,0
98549,0
3416,1
119097,0
128152,1
95711,0
112700,0
66126,0
98488,0
23463,0
101393,1
108442,0
120344,0
38304,1
129,0
51366,0
69563,1
113762,0
89636,1
7273,0
47766,1
6951,0
82701,0
134320,1
104131,0
106825,0
71659,0
115458,0
240,0
63833,0
63960,0
116019,0
134479,0
97101,0
83756,0
66186,0
58456,0
97338,0
105421,0
46242,0
135883,0
50359,0
56580,1
67302,0
116230,0
88845,0
59129,0
30900,1
61404,0
30277,0
103825,0
131775,1
71693,0
37158,0
121811,0
37940,0
50043,0
14006,0
49614,0
104922,0
136302,0
127201,0
56478,0
77471,1
72829,0
39727,0
29069,0
132159,1
22977,0
113231,0
64211,0
117325,0
133006,1
947,0
14469,0
87630,0
17863,0
3623,0
80572,1
115801,0
14935,0
125642,0
90363,0
103508,1
83676,0
17716,0
41488,0
132639,1
122102,1
57604,0
1859,0
29092,0
80302,0
60307,0
127559,0
80751,0
100475,0
62748,0
7464,0
112004,0
121526,1
90173,0
22320,0
91661,1
71610,0
2766,1
17691,1
134750,0
129377,0
10339,0
7460,0
56831,0
123213,0
111577,0
135725,0
69124,0
94578,0
32620,0
89639,0
7630,0
90159,0
97382,1
62583,1
17401,0
21549,1
139912,0
70335,0
11091,0
132940,0
97859,1
138026,0
19602,0
117204,0
132651,0
104351,0
67880,1
51627,0
16136,0
13275,0
93866,0
20851,0
18775,1
70467,0
73343,0
2042,1
38615,1
107667,0
76598,0
38342,1
37827,0
84022,0
42521,1
12502,0
67533,1
21684,0
32625,1
103079,0
30181,0
86426,0
139268,0
71286,0
97034,0
41546,0
33088,0
140058,0
36126,0
20778,0
68762,0
5818,0
130285,0
59898,0
75074,0
54575,0
56550,0
28739,0
89114,1
37012,1
43712,0
74188,0
123891,0
24944,0
137424,0
91758,0
131920,0
60802,0
126589,0
132710,0
122804,0
80118,0
48822,0
99318,0
65496,0
18129,0
20287,0
87243,0
83292,0
130420,0
86030,1
20113,0
84362,0
87936,0
133556,1
88040,0
44088,0
58452,0
122233,0
96454,0
120583,0
112906,1
13468,0
130067,0
75653,0
60081,0
69700,0
33049,0
16743,1
63036,0
78252,1
133220,0
25433,1
117786,0
102588,1
29117,0
96464,0
140699,1
82053,0
26254,0
11456,0
5307,0
58223,1
103864,1
66438,0
72520,0
51406,0
37227,0
87861,0
14237,0
84235,1
105385,0
98836,0
89699,0
116302,0
90547,0
91332,0
110280,0
52672,0
30299,1
48536,0
6363,0
5398,0
132025,0
88643,0
47811,0
102281,0
63101,0
87979,1
200,0
128219,0
47607,0
70363,0
56777,1
81004,0
124658,0
104575,0
68565,0
102265,0
46645,0
94387,1
51244,1
18793,1
101697,0
11266,0
22626,0
63276,0
14432,0
64668,0
127374,0
18769,0
139242,0
3289,0
12491,0
43773,0
140346,0
64726,0
138096,0
19149,0
129511,1
115890,1
92875,0
82853,0
20645,0
42217,0
29661,0
42954,1
4224,0
64530,0
110333,0
44402,0
115516,0
98612,0
15383,0
25540,0
18164,0
10478,1
90257,1
77046,1
2765,0
134818,0
23171,1
7435,0
22632,0
14216,0
60070,0
62287,0
106215,1
126895,0
87846,0
89005,0
60007,1
51035,0
39454,0
77827,0
14360,0
119188,0
72393,1
128135,0
26763,0
105761,0
46872,1
64948,1
31462,0
58382,0
100687,0
2428,0
133231,0
23293,1
90227,0
7091,0
69895,0
30940,0
84338,1
11813,0
98039,0
70490,0
24241,0
69404,0
58269,1
40406,0
124334,0
93595,0
8550,0
6797,1
98251,0
50084,0
89759,0
25454,0
830,0
113953,0
88308,0
11010,0
86832,0
5052,0
15311,0
12760,0
14840,0
42093,0
110075,1
27103,0
22517,0
129597,0
57988,0
54056,0
31716,1
120626,1
11780,1
124821,1
60546,0
115420,0
95234,0
42292,0
19876,0
17780,1
129046,0
16781,0
36917,0
96143,0
60158,0
48871,0
60331,1
19534,0
43608,0
74056,0
40444,0
45837,1
59611,0
84066,1
3678,0
39160,0
88140,0
89227,0
84485,0
116199,0
95849,0
101922,0
45117,0
106560,0
56787,0
11056,1
11441,0
126293,0
58387,1
49338,1
136796,0
119252,0
52019,0
55378,0
81913,0
136852,0
28865,0
40663,0
33853,0
58814,0
75410,0
30240,0
15963,0
77011,1
85352,1
134845,0
31761,0
116460,1
94718,0
12983,1
136888,0
59621,0
71994,0
135482,0
74690,0
57143,1
133879,0
55489,0
62303,0
89142,0
104279,0
11524,0
99625,0
127128,0
21585,0
60628,1
29659,1
68829,0
84769,1
114270,0
24419,1
68378,0
62409,0
109576,1
3607,0
107045,0
119104,1
1192,0
124490,0
18469,0
99109,0
79853,0
15065,0
52072,1
31040,1
105439,0
105302,1
2540,0
42174,0
42493,0
122886,0
25104,1
71272,0
35010,0
82075,0
31019,1
109005,1
110190,0
60049,0
115984,0
119963,1
37554,1
95928,0
48097,0
65458,1
130739,0
87772,0
103675,0
114672,0
56796,0
22261,0
38744,0
55331,0
19353,0
47125,0
92610,0
5760,0
48166,0
62184,0
13010,0
81499,0
33831,0
87802,0
136473,0
66588,0
11849,0
85008,0
15815,1
140235,1
116597,0
124341,0
120944,0
71228,0
67157,0
131690,0
59355,0
93861,0
137335,0
37962,0
84766,0
31636,1
110864,0
92167,0
55240,0
12368,0
15372,0
16541,1
133074,0
15793,0
132132,1
69249,0
112866,0
5946,0
69169,0
119137,0
131344,0
50815,0
62522,0
18597,0
22406,0
34204,0
72919,0
84534,0
135103,0
12953,0
97904,0
17951,0
91361,1
139298,1
36071,1
32758,0
2724,0
47557,0
28776,0
71962,0
135968,0
30524,0
33969,0
42528,0
68199,0
98787,0
47359,0
69570,0
98182,1
132684,0
86031,0
28008,1
131865,1
112242,0
16784,0
15361,0
63923,1
136218,0
4307,0
140414,0
115886,0
45021,0
108607,1
77598,1
51376,1
124529,0
22864,0
51243,0
31400,0
60834,0
125713,0
5608,0
8416,0
114110,1
140311,0
51377,0
63561,0
10015,1
56951,0
12736,0
6467,1
25917,0
57710,1
80892,0
36925,0
77002,0
66942,0
76094,0
15652,0
73894,1
61192,1
96676,1
31409,0
136365,0
74445,0
74369,0
110105,0
13508,1
77304,0
129627,0
88931,0
136715,0
110573,0
57520,0
78762,0
16325,0
100313,1
124882,0
87777,0
118103,0
3235,1
37594,0
95036,0
121103,0
104813,0
31169,0
16210,0
89098,0
65383,0
77035,0
117233,0
118654,0
125332,0
115246,0
117197,0
21930,0
10238,0
135125,1
98157,1
26669,0
117455,1
75614,0
31029,0
19785,1
69359,1
128924,0
586,0
6789,1
57980,0
94932,1
43271,0
10170,0
112694,0
112798,0
38414,0
71321,0
103984,0
22499,1
102794,0
75169,1
58478,0
51166,0
99525,0
35604,0
58766,0
50075,1
26208,0
84018,0
133937,0
28006,0
129628,0
130656,0
61689,0
28063,0
333,0
116104,0
134861,0
90459,0
58507,0
59179,1
52311,0
56416,0
55639,0
109630,0
138973,0
102325,1
16291,0
29921,1
67367,1
119388,0
36078,0
91066,0
12540,0
114086,0
60418,0
132458,0
49776,0
3769,1
3533,0
10823,0
106566,0
100910,0
20489,0
39697,0
114181,0
81935,0
113755,1
124084,0
27121,0
52532,0
51194,0
109239,0
65967,1
14358,0
26520,0
3052,0
28466,0
64797,0
122943,0
34589,1
56467,0
90551,1
60693,0
4067,0
116277,0
66203,1
2506,0
72199,0
52788,0
103734,0
49447,0
54567,1
98515,0
63200,0
17353,0
14483,0
125006,0
71061,0
81831,0
87263,1
63108,0
48830,1
65969,0
58188,0
122731,0
78457,0
105113,1
39180,0
76878,1
110069,0
14515,0
15393,1
129729,0
47365,1
70438,0
20503,0
46957,1
118433,0
45044,1
75431,0
50589,0
138250,0
67075,0
69922,0
25875,0
37026,1
115114,0
138849,1
136575,0
52771,0
74963,1
90856,0
96185,0
74863,0
38289,0
66554,0
82021,0
131842,0
72935,0
23943,0
23735,0
19613,0
140280,0
4965,0
96671,0
131816,0
40336,1
125863,0
27306,0
139300,0
136865,1
138080,0
99174,0
35479,0
50514,0
75435,0
31871,0
65687,1
39363,0
134478,0
110547,1
41240,0
54032,0
52228,0
114843,0
108835,0
3673,0
101625,1
72196,0
121881,0
35258,0
42733,0
14825,0
94394,0
72188,1
128688,0
84470,0
65423,0
103552,0
34513,1
31960,0
3073,0
78836,0
51349,0
131746,0
139845,0
75915,0
41248,0
122051,0
80884,0
139211,0
130316,0
114831,1
105468,0
133700,1
107710,0
138586,1
108010,1
8376,0
92658,1
37754,0
4228,0
118956,0
62689,0
56299,0
53768,0
51997,0
96114,0
26925,1
24408,1
93573,0
68735,0
68730,0
84140,0
23827,0
75974,0
85874,0
57245,0
30992,0
123782,0
123883,0
45536,0
24975,1
13083,0
121324,0
21449,1
46925,1
22267,1
101760,0
114084,0
98207,0
23103,1
106318,0
92292,1
17331,0
88415,0
8156,1
136464,0
35126,0
123216,0
75861,0
39126,1
85702,0
17039,1
96502,1
22447,0
129907,0
136975,0
48745,0
97858,0
58868,0
134218,0
67360,0
132635,0
83315,1
133474,1
74719,0
103907,1
91344,0
137376,0
122068,0
119947,1
96912,0
37628,0
97113,0
63126,0
7906,0
51734,0
87217,0
119327,0
117527,0
64552,0
2191,0
18615,0
3341,1
3629,0
8436,0
34102,0
101774,0
4119,0
4005,0
25136,0
29735,0
36623,0
92186,0
53920,0
107572,0
83217,0
47713,0
31184,0
14950,0
35455,0
44952,0
86554,0
95499,0
125072,0
114818,1
42531,0
55079,0
49892,0
47876,0
7851,0
116284,1
31775,1
1235,0
14568,0
108626,0
123415,1
30754,0
12608,0
112611,0
90135,0
72812,1
40443,0
3695,0
95202,0
8473,0
80135,1
138178,0
107403,0
112284,0
139260,1
38341,0
44282,1
106222,0
55102,0
83646,0
102414,0
21099,1
63266,0
138723,0
128984,0
58212,0
39827,0
43729,0
87,0
139561,0
71803,0
113310,0
60174,0
28512,0
65057,1
21725,0
3680,1
69569,0
103180,0
6753,0
68248,0
35636,0
76440,0
12301,0
41537,1
124932,0
109750,0
62121,0
115679,0
102915,0
80567,1
67779,0
23162,0
48989,0
126044,1
79433,0
114913,0
25013,0
17712,0
73801,0
132477,0
19189,0
74813,0
54558,1
86290,0
140434,0
109217,0
46192,0
125764,0
93854,0
16360,0
130559,0
5470,0
41704,1
84427,1
71537,0
29436,0
11777,0
2112,1
10819,0
9396,0
79996,0
108793,0
56656,0
18034,0
64539,0
91152,0
87774,1
97929,0
123738,0
38864,0
52049,0
41047,1
41191,0
111447,0
90909,0
27266,1
70269,0
71768,0
137761,0
44806,0
81998,0
17633,0
64439,1
74383,0
130410,1
140309,0
138975,1
119114,0
14172,1
25506,1
73193,0
112545,0
111127,0
22213,0
16178,0
58558,0
53134,0
129679,0
23872,0
65751,0
93865,0
85284,1
78004,0
134887,0
4260,0
65933,0
19232,0
16028,0
137341,0
134736,1
29001,1
73925,1
87837,0
96711,0
27004,0
31873,0
9492,0
78980,0
85974,0
108238,0
85347,0
57890,0
19498,0
5360,0
2561,0
103075,0
14644,0
4573,0
127476,0
120423,0
91281,0
66433,0
75464,1
121303,1
41003,0
22857,0
135752,0
89230,0
39335,0
35532,1
47267,0
77347,1
75211,0
24220,0
57963,0
18556,1
25173,0
1622,0
126900,0
13200,0
85241,0
118503,0
45472,0
84902,0
68393,0
76563,1
40100,0
11721,1
88277,0
109050,0
41180,1
83624,0
28727,1
73774,0
12259,0
44680,0
9729,0
36368,0
7374,0
95920,0
76468,0
14821,0
134067,1
65074,0
16537,0
57072,0
16485,0
7484,1
34580,0
89987,0
87514,0
23048,0
32282,0
37298,0
41574,0
32087,0
92537,1
126362,0
50116,0
106804,1
1698,0
81746,1
2484,0
18923,0
16220,0
109493,0
104226,0
129063,0
108964,0
23411,0
55919,1
32831,0
102396,0
98731,0
95886,0
119566,0
80547,0
25977,0
134009,0
51907,0
128862,1
13665,1
11461,1
93121,0
137909,0
137773,1
68684,0
70600,0
104055,1
3639,0
94384,0
122170,0
54094,1
18763,0
40387,1
58120,0
66213,0
12359,0
13540,1
18011,0
119411,0
41868,1
66006,0
38336,1
109229,0
100948,1
120173,0
76302,0
134718,0
82782,0
88216,0
3301,1
115744,0
74173,0
30552,0
123750,1
80898,0
69681,0
29338,1
112640,0
13930,0
5971,0
131803,0
110939,0
101666,1
55824,1
102337,0
28307,0
22203,1
114332,0
40848,0
55929,0
102891,1
97059,1
70652,0
1379,0
77616,0
49719,1
28421,1
48076,1
82684,0
4890,0
58027,0
9489,0
80685,0
77676,0
42200,1
117883,0
10426,1
81394,0
134606,0
82623,1
138281,0
56364,0
113492,0
42037,0
132864,0
82722,1
136454,0
112228,0
68577,0
128529,0
19454,0
105301,1
3227,1
36926,0
53487,0
140592,0
80882,0
7240,1
22016,1
43997,0
117441,0
107337,0
58648,0
19201,0
102659,1
78854,0
102190,1
51787,0
117974,1
105968,0
11471,0
83233,0
9229,0
48492,0
92503,0
91472,0
11311,0
268,1
105718,1
31567,0
103590,1
81904,0
52542,1
70854,1
38154,0
63666,0
6224,1
11520,0
78268,0
91636,0
5609,1
31864,0
2637,1
7612,0
734,0
51887,0
134397,0
137818,1
95265,0
95350,0
100393,0
71634,0
102169,0
76259,0
6341,0
124730,0
23194,1
116352,0
2772,1
56158,1
126026,1
71468,0
138370,0
90376,0
74425,0
84459,0
23610,0
108077,0
62721,0
109471,1
122002,0
38446,0
132198,0
11052,0
14781,0
69940,0
22408,0
128364,1
74651,0
107305,0
90269,0
32252,0
86482,1
91042,0
74600,0
128795,0
34215,0
74286,0
57043,0
136844,0
81102,0
90975,0
72419,0
106717,0
111110,0
56426,0
89868,0
19072,0
37267,0
127540,1
104264,0
99453,0
116102,0
29876,0
30337,1
61843,0
134492,1
67237,1
82678,0
39330,1
118892,0
17115,0
102424,0
106820,0
39897,0
14508,0
48828,0
47260,0
95160,1
9064,0
54444,0
116982,0
109234,1
113808,1
100044,1
36587,0
14978,0
26991,0
93373,0
100743,0
69636,0
65205,0
116415,1
75767,0
113294,0
109356,0
80287,1
27481,0
2472,0
118667,0
112507,0
11940,0
136570,0
85817,0
128442,0
129331,0
135081,0
112683,0
37330,0
122753,0
9901,0
123370,1
20887,0
78476,0
117609,0
98684,0
11824,0
123799,0
6609,0
77854,0
91566,0
106262,0
43557,0
9716,0
63262,1
46095,0
134020,0
110916,0
68253,0
24965,0
126844,0
11255,1
1894,0
51005,0
11595,0
53000,1
130470,1
121420,0
35576,1
80530,0
131622,0
97157,0
109482,0
110964,0
63010,0
111331,0
12536,0
32648,0
40296,0
95318,0
20315,1
1679,0
68259,0
10278,0
111001,0
24946,0
49779,0
57300,0
88810,0
48055,0
140668,0
120262,0
21206,0
93587,0
65540,1
1969,1
2905,0
76268,0
124300,0
102656,0
72958,1
21798,1
45744,0
71868,0
15306,0
100878,0
93727,0
84256,1
124416,0
46452,0
49395,0
92404,0
127192,0
587,1
4916,0
106430,0
96583,0
135414,0
73643,0
120269,0
101354,0
79866,0
12873,1
71013,1
59670,0
80806,1
135303,0
137658,1
41063,0
71432,0
119876,0
131959,0
102526,1
63801,0
76944,0
44419,0
76276,0
26971,0
68359,0
41048,0
8117,1
5777,0
73464,1
100067,1
56173,1
56029,0
40868,0
62717,0
77161,0
108950,0
25398,0
138692,0
9123,1
30054,0
69160,1
86562,0
2930,0
68568,0
94836,0
66621,0
122924,0
106419,0
93142,0
75900,1
114033,0
120722,1
97085,0
57325,0
128955,1
113668,0
136698,0
109928,0
135049,0
91680,1
40097,0
56660,0
29635,0
38010,1
87710,1
3653,0
97975,0
66539,0
129414,0
22180,0
85421,0
99677,0
102559,0
30687,0
96444,0
92763,0
8272,0
50422,0
87500,0
109344,1
35045,0
51591,0
139328,1
35744,0
5482,0
58053,1
78934,0
71163,1
127963,0
77621,0
56122,0
33126,0
69052,1
531,0
120053,0
15537,0
32617,0
130948,0
22817,0
27069,0
129276,0
16043,1
135973,1
9380,0
128593,0
37740,0
119800,0
84568,0
120957,0
127430,0
78473,0
63430,1
21455,0
15179,0
47135,1
116158,0
109552,0
84405,0
102581,0
136065,1
120513,0
47301,0
68747,0
101445,0
3177,0
84280,0
90463,0
120107,1
17753,0
139675,0
9079,0
73293,0
109068,0
73769,1
4643,1
126760,1
50490,0
134809,1
47539,0
39951,0
43717,0
63229,1
21640,0
27695,0
138609,0
84029,0
63444,0
21035,1
21216,1
25194,0
132880,0
105250,0
70983,1
12034,0
24490,0
120635,0
81855,0
71776,0
76882,0
100916,0
70149,0
73680,1
85150,0
120149,0
50702,0
73542,0
106077,0
132496,0
113819,0
122104,1
13796,0
130195,0
30559,0
58445,0
23490,1
39022,0
116188,1
98939,1
96911,0
51371,0
33147,0
21250,0
9198,1
126972,1
731,1
113844,0
61726,0
114686,0
112581,0
119677,0
9504,1
72095,0
5634,0
132943,0
103791,1
111952,0
77346,0
89137,0
135431,0
100892,0
117043,1
61736,0
138943,0
86333,0
47300,0
2217,0
65618,0
126391,1
74862,0
68973,0
63687,0
6303,1
63839,0
14131,0
16737,0
52950,0
94877,0
41657,0
66130,0
19483,0
105018,0
9339,0
118049,0
32422,0
97818,0
90942,0
4599,1
125830,0
47077,1
46493,0
93295,0
85244,0
19361,0
22528,0
135473,1
118254,0
85700,0
47475,0
23409,0
126921,0
121489,0
36175,1
77988,1
3387,0
98109,1
115352,0
74872,0
48491,0
87033,0
130034,0
11901,0
52071,0
114705,0
124021,0
89178,1
70476,0
76737,0
61049,1
34075,0
87601,1
94679,1
103869,0
65657,0
81378,0
34989,0
112521,0
97513,0
28038,0
80217,0
79877,0
108261,0
40813,0
43080,0
80158,0
82597,1
68304,0
25271,0
98134,0
71267,0
20597,0
104448,1
13856,0
37870,0
94453,0
43625,0
6072,0
4269,0
76596,0
121541,1
79379,0
88070,1
85385,0
100195,0
102090,1
84622,1
88351,0
11614,0
132357,1
8833,0
53144,1
29143,0
81320,1
4894,0
24175,0
71279,0
86563,0
44150,0
43412,1
75667,0
119117,0
112127,0
25852,0
94148,0
102930,0
92119,0
23588,0
111888,0
44941,0
27471,1
32846,1
54290,0
126925,0
30446,1
57583,0
38683,0
134416,0
24506,0
63070,0
16909,1
46306,0
45918,0
140270,0
94871,0
332,0
70971,1
84236,1
10484,0
58254,0
99276,0
34478,0
47353,1
48342,1
7885,0
108605,0
80257,0
112253,0
53162,0
129059,0
82044,0
33076,0
15389,0
128867,0
39296,0
38276,1
27141,0
72641,0
29297,0
45769,0
108729,0
20328,0
74228,0
139129,0
128405,1
43986,0
20930,0
104879,0
76416,0
119575,0
57615,0
18874,0
90511,0
62334,0
56560,0
100192,0
31380,0
122436,0
67809,0
48338,0
53724,1
117107,0
109643,0
66589,0
119721,0
118594,0
92748,0
72161,0
118553,0
64583,0
129444,0
77076,1
60056,0
43488,0
50190,0
1923,0
42306,0
74364,0
111054,0
116461,1
80156,0
108466,0
47095,1
112728,0
76133,0
83091,0
46240,0
106246,0
136689,0
24098,0
28279,1
22318,1
7683,0
74187,0
72042,0
62346,0
136552,1
42739,0
22252,0
9709,1
76020,0
47309,0
129698,1
130995,1
131118,0
115778,1
34831,1
89182,0
131015,0
69889,0
97846,0
9386,0
98749,0
33990,0
129344,0
119759,1
101124,0
25121,0
51678,0
17640,0
39334,0
101313,1
96749,1
69581,0
52625,0
15552,1
37572,0
30746,0
78901,0
11448,0
36769,0
57503,0
61527,0
13699,0
71888,0
133891,1
74473,0
130389,0
833,0
137537,0
57674,0
44281,0
78254,0
107757,1
17191,1
109555,0
27735,0
72794,0
107003,0
26204,0
112820,0
3988,1
11097,0
20267,0
97055,0
83213,0
34675,0
124594,0
68538,1
44998,0
127467,0
129125,1
63337,0
58987,0
120918,0
38209,0
16626,0
80049,0
78112,0
121306,0
1968,0
107619,0
132029,0
114054,1
124713,1
83794,0
76543,0
29633,0
87732,0
58951,0
67455,1
127232,0
91549,0
112737,0
72530,0
80563,0
76043,0
112319,0
95276,0
29951,1
119431,0
139934,0
1764,0
3233,0
34135,0
138199,1
63185,0
105331,0
53571,0
17534,0
104155,0
28561,1
33616,0
32661,0
82386,0
51573,0
114576,0
93307,1
79746,0
31316,0
38710,0
129118,0
44156,0
27950,0
29675,0
52200,0
68126,0
66472,0
98186,0
22132,0
127809,1
789,0
29981,0
132877,0
123778,0
23849,0
125270,1
105751,0
106597,0
55508,0
108255,0
114005,1
104628,0
135606,0
26743,0
131768,0
107717,1
51714,0
107389,0
85540,0
102844,0
15170,0
64203,0
123481,0
119967,0
62851,0
114542,0
15902,1
32463,0
56436,0
113867,1
86628,1
50128,0
61289,0
57414,0
128250,0
323,0
53202,0
73031,0
30786,0
50156,0
91126,0
64087,0
92198,1
89646,0
744,1
102378,0
111904,1
81457,0
122207,0
41356,0
9526,0
7629,0
73916,0
101050,0
85121,1
134307,0
2643,0
4129,0
116012,0
80764,0
117011,0
38024,0
5722,0
22452,0
109012,1
124426,0
41371,0
37307,1
25340,0
73968,0
23774,0
15671,0
113033,0
25645,0
100883,0
137146,0
112622,0
111377,0
33538,0
66764,1
27706,1
68380,0
41520,0
52386,0
18723,0
19118,1
4273,0
22041,0
85885,0
90157,0
10160,1
79678,0
2086,0
645,0
14071,0
3940,1
59220,0
49361,0
37906,0
35336,0
88190,0
40513,0
25849,1
25206,0
139389,1
10999,0
58794,0
51719,0
15313,0
47834,1
85812,0
97656,1
82076,0
118759,0
110309,0
9328,0
137832,0
101153,0
94412,0
139307,0
109531,1
56453,0
9209,0
131542,0
134258,0
72218,0
54959,0
65724,0
86141,0
25025,0
59233,0
76005,0
103889,0
73634,0
37327,0
99294,0
36313,1
32504,0
3527,1
93490,0
74316,1
70682,0
56671,1
77103,0
70128,0
103674,1
44256,1
9059,0
127263,0
49110,0
44663,0
66147,0
88673,0
10500,1
54409,0
135704,0
90918,0
106466,0
124165,0
3393,1
119156,0
38143,0
61746,0
1735,0
130912,0
25367,0
43185,0
21500,0
77511,0
50880,0
83412,0
108413,0
54751,0
74351,0
72006,1
107577,0
31700,0
137753,0
1399,0
62740,0
105340,0
58261,0
113195,0
78007,0
41637,1
12156,1
23732,0
18941,0
88066,0
98429,0
34019,1
119346,0
139054,0
83358,0
117916,0
9739,0
33024,0
127866,0
119995,1
27345,0
34875,0
56179,0
17395,1
79283,0
7682,0
45851,0
19009,0
104661,0
59752,0
120659,1
40793,0
6672,0
69663,0
21435,0
4743,0
113507,0
3823,0
32433,0
94414,0
134448,1
20340,1
50605,1
135511,0
66267,1
138169,0
22627,0
20365,0
97464,0
140304,1
5732,0
119945,0
133449,0
19337,0
123369,0
59655,1
73855,0
123679,0
133024,0
4334,0
139057,0
112897,1
29996,0
24974,1
87031,0
81624,0
48747,0
49250,0
10556,0
131259,0
44527,0
71188,0
112592,1
63432,0
138501,0
106043,0
14525,1
117169,0
94842,0
84195,0
122881,0
125490,1
93300,0
3223,0
57810,0
94910,0
100384,1
130319,0
667,0
30352,1
108147,0
107660,0
109094,0
36811,0
136814,0
41350,1
23617,1
123093,0
84109,0
101719,0
79066,0
38632,0
25764,0
76446,0
8406,0
121737,1
19724,0
26890,0
8358,0
41270,0
118755,0
139518,0
80048,0
95015,0
24835,0
82675,0
58860,0
96002,0
71304,1
75136,0
122259,1
133851,0
111763,0
113078,0
113919,0
27856,1
58902,0
29414,0
99778,0
87602,0
88456,0
78194,0
107139,0
128451,1
48509,0
91839,1
58570,1
94074,0
122757,1
112070,0
100008,0
19480,0
10893,1
32651,0
23706,0
92425,1
94641,0
66972,0
10989,0
5875,0
74168,0
9906,0
26089,0
37296,1
16200,0
140340,1
35661,0
73743,0
11829,0
21153,1
109765,0
2619,0
30206,0
73811,0
8321,1
57076,0
136486,1
69006,0
81482,0
48318,0
123761,0
84487,0
51629,0
68679,0
10383,0
52096,0
59216,0
97542,0
15956,0
81132,0
51188,0
67154,0
105233,1
69214,0
93780,0
137897,1
48449,0
28266,0
9674,0
108262,0
116473,0
115995,0
124708,0
79152,0
74851,1
22306,0
14314,0
86387,0
131398,0
89347,0
9591,1
83758,0
86765,0
53714,0
98151,0
90123,0
75028,0
121873,0
2693,0
16468,0
43247,0
62274,0
77258,0
124554,0
19372,0
30596,0
91821,1
38628,0
112847,0
87346,1
76161,1
139319,0
9845,1
58016,0
15674,0
71526,1
57500,0
37665,1
1498,1
7462,0
107818,0
75560,0
127355,0
37988,0
137792,0
94043,0
130573,0
71246,0
127926,0
117780,0
105382,0
50371,0
139695,0
135279,0
16464,0
122525,0
119265,0
53284,0
108595,0
66371,1
85645,0
113789,1
79462,0
127243,0
114938,0
29208,1
55427,0
74867,0
96428,0
116917,1
76082,0
56983,0
107021,0
17413,0
49149,0
107129,0
80504,0
10397,0
105492,0
37982,0
115685,0
110372,0
74337,0
100717,0
99511,0
72427,1
35040,0
47035,0
126260,0
35130,0
81461,0
57612,0
36985,0
39899,0
39462,0
88588,0
84514,0
25467,0
38183,1
36473,0
29467,0
133560,0
45763,1
7352,0
92455,1
25254,0
67761,0
16712,0
123260,0
98986,1
22005,0
6226,0
99604,0
12323,0
19648,0
132677,0
99777,0
62129,0
27764,0
103008,0
129744,1
128518,0
123544,0
924,0
72677,0
96484,0
139828,0
55328,0
69637,0
101299,1
128296,1
414,0
96528,1
94310,0
32005,0
58280,0
26536,1
4075,0
93062,0
114040,0
106785,1
4575,0
91652,0
53433,0
105903,0
35544,0
129591,0
106624,0
104927,0
92172,1
79612,0
103125,1
15278,0
100159,0
89247,0
7498,0
135119,0
72062,0
50289,0
19273,0
111088,0
40942,0
114376,0
135386,0
125784,1
135275,0
107722,0
83253,0
91422,0
24913,0
16627,0
7047,0
1161,0
27090,1
118222,0
15216,0
12687,0
112300,0
31555,0
113221,0
22219,0
119720,0
1584,0
13989,0
133947,0
64432,0
48315,0
88176,1
7296,0
42232,0
122349,0
4549,0
131552,0
36421,0
97607,0
92393,0
40123,0
43319,1
5524,0
118431,0
9661,0
56824,0
83460,0
102537,0
910,1
104366,0
99081,0
1414,0
132935,0
76939,0
120955,0
57315,0
61901,0
103584,0
46418,0
105317,0
665,0
123118,0
85801,0
22487,0
137070,0
24695,0
3255,0
32657,0
112177,0
47322,0
129735,1
106155,0
110314,1
134249,1
117522,1
114177,0
124159,1
9451,0
135568,0
11379,0
34422,0
74830,0
59392,0
56866,0
39971,0
69194,1
137945,0
29324,0
114766,0
25921,0
100920,0
72983,1
28699,0
64759,0
99031,0
13833,0
13608,0
120864,0
50120,0
120987,0
96474,0
83318,1
12086,0
95666,0
46449,0
88890,0
117991,0
1830,0
126429,0
41383,1
35622,0
96209,0
2708,0
55860,0
99707,0
74761,0
13303,0
114740,0
125629,0
26192,0
132996,0
30998,0
9325,0
34283,0
39447,0
92016,0
70121,0
18075,0
138709,1
35114,0
132915,0
12773,1
8723,1
15797,1
30611,0
75000,0
125797,0
19869,1
119272,0
30607,0
895,0
88710,0
50546,0
26923,0
109474,1
60059,0
30397,0
42662,0
84706,1
41307,0
92188,0
77196,0
132389,0
117644,0
10945,0
50997,1
16689,0
80412,1
105211,1
93409,1
12766,0
26636,0
67034,0
126475,0
133651,0
44728,0
3203,0
135360,0
39573,1
96426,0
136563,0
138145,0
51332,1
31611,0
16142,1
101241,1
21316,0
84443,0
94062,0
36672,1
117906,0
109507,0
71640,0
52992,0
99911,1
27807,0
95728,0
14577,0
6507,0
20289,0
92569,0
81927,0
112992,1
100531,0
101818,1
12320,0
14765,0
1666,0
127546,0
12769,0
34306,0
124651,0
3253,0
106087,0
84421,0
63305,0
74334,0
113764,1
14476,0
138382,0
30763,0
48869,0
1838,0
32462,0
128524,0
14035,1
23457,0
99809,0
62738,0
53875,0
29367,0
56004,1
89555,1
99071,0
41749,0
91812,0
121853,1
20862,1
102272,0
126725,0
126912,0
60817,1
84598,1
105857,0
121225,1
131575,0
42081,0
125238,0
111195,0
44135,0
52743,0
98119,0
78061,0
81806,0
135747,0
97496,1
83209,0
55021,0
126178,0
134821,0
34603,0
134868,0
28814,0
114568,0
15294,0
119122,0
132881,0
4393,0
94097,0
45594,1
115700,0
73736,0
29941,0
79217,1
123154,0
4460,0
5156,1
111415,0
124155,0
58861,0
111299,0
64885,0
108655,0
26176,0
11761,0
75528,0
48283,0
14772,0
17930,0
131903,1
34917,0
91226,0
40110,0
58876,0
31254,0
22555,0
68316,0
75222,0
102091,0
36475,1
108646,0
79264,0
132814,1
121337,1
60905,0
123427,0
73953,0
18657,0
76415,1
16194,0
37927,0
122784,1
96722,0
127291,1
38456,0
133056,0
136124,0
7074,0
7777,0
117245,0
105387,0
126950,0
57894,1
109530,1
111391,0
69036,1
17105,1
44522,0
130546,0
51107,0
51783,0
85494,0
9428,0
39900,0
77309,0
57779,0
34233,0
111064,1
13158,0
31605,0
99667,0
1026,0
22723,0
85259,0
33145,0
127652,0
102519,0
102323,0
9335,1
6465,1
56197,0
104760,0
53475,0
4227,1
19832,0
135567,0
100707,0
119333,0
4905,0
77844,0
66088,0
20038,0
4215,1
82491,0
23681,1
48224,1
45199,0
42249,0
11229,0
50525,0
87928,1
67714,0
85747,0
7431,0
11781,0
132779,0
102384,0
42038,0
92356,0
114853,0
55655,0
25133,0
49078,0
24639,0
73502,0
84669,1
67558,0
117747,0
27467,0
131905,0
10134,1
131524,0
26468,0
119291,0
101832,0
16,0
79933,0
115863,1
48999,0
14058,0
57580,1
100000,0
40001,0
112889,0
98045,0
79510,0
101319,0
57201,0
70105,0
24697,1
115637,0
79005,0
138587,0
48309,0
107417,1
36451,0
61878,0
20474,0
39456,0
128318,0
68056,1
100665,0
48047,0
13968,0
12900,0
82865,0
122677,0
16766,0
113313,1
124925,0
75205,1
111315,0
50894,0
93356,0
101646,0
59982,0
44873,0
60060,0
96139,1
11729,0
140527,0
29222,0
34430,0
61528,0
55408,0
92770,1
118073,0
98499,0
85796,0
47451,0
15747,0
89189,1
96201,0
21139,0
77179,0
48880,1
6257,0
23901,0
89320,0
76506,0
84535,0
102573,0
6352,0
100834,0
71099,0
121882,0
124695,0
63361,0
58704,0
1036,0
24269,0
5975,0
13841,0
60093,1
132625,0
82168,0
10058,0
12576,0
40204,0
27929,0
42822,0
5749,1
20138,1
25238,0
32708,1
92064,0
24442,0
21353,1
23809,0
120047,0
10502,1
38532,0
136305,1
28443,0
47496,0
30056,0
91536,0
59574,0
32559,0
62745,1
139453,1
60917,0
73787,0
20126,0
46846,0
124736,0
26380,0
47053,0
122514,0
49678,0
27586,0
41594,0
134690,0
42436,0
95938,1
136126,0
52966,0
134678,0
138354,0
33767,0
1170,1
109029,0
83818,0
69718,0
140531,1
82301,0
140328,0
117736,0
130814,1
5438,0
114858,0
56915,1
136073,1
95822,0
31185,0
35552,0
22377,1
63528,0
140244,0
105221,0
14258,1
107968,0
28522,0
96614,0
75163,0
29527,0
112321,0
36554,0
81216,0
114670,0
122234,0
137603,1
83872,0
104494,0
112682,0
97565,0
18991,0
68785,0
69030,1
18954,0
125688,1
3370,0
61876,0
90822,0
49521,0
35133,0
54058,0
22480,0
66481,0
101972,0
117423,0
23233,0
5428,0
125079,0
41658,0
43936,0
54295,1
4723,0
98286,0
6412,0
16329,0
138192,0
125492,1
97337,0
140666,1
17238,0
84897,0
3524,1
139201,0
54385,0
112080,0
72763,0
60790,0
108693,0
52499,0
52319,1
70059,0
83860,0
38372,1
82432,0
10352,1
97102,1
19673,0
78930,0
66661,0
36293,0
89086,0
119479,0
64460,0
26703,0
104340,0
57495,0
85169,0
131826,0
56645,1
129081,1
48642,0
132059,0
17559,1
27522,0
38746,0
36830,0
56131,0
67971,0
35691,0
18841,1
112561,0
56099,1
79673,0
125724,0
62983,0
44099,0
86218,1
83190,0
101108,0
64109,0
116676,0
93810,1
129471,0
2471,1
48854,0
131772,1
47898,1
110133,0
95788,0
19384,0
118443,0
18573,1
133889,1
51623,0
71068,0
20995,0
61352,0
40763,0
11218,0
86528,0
90755,1
63322,0
129862,0
17762,0
10807,0
102089,1
63581,1
113692,0
54321,0
38768,1
8700,0
99118,0
44148,0
134043,1
4769,0
103640,0
80009,0
61885,1
26765,0
31012,0
60405,0
96038,0
50848,1
46571,0
58900,0
11049,0
72955,0
49324,0
56914,0
62666,0
24297,0
84035,1
134716,0
43408,0
68893,1
2838,0
53025,0
140331,0
9468,0
10745,0
38256,0
93368,1
89221,0
79134,1
83134,0
31170,0
22099,0
71109,0
25528,0
116576,0
35032,1
22956,0
45540,0
133624,0
3897,1
123676,0
26053,0
103504,0
45094,1
14382,0
70695,0
70360,0
2689,0
52806,0
61117,0
84360,0
61162,0
57384,0
27189,1
77504,1
34379,0
12104,0
121622,0
55080,0
86073,0
110776,0
119572,0
5546,0
71418,0
103692,0
44570,0
122672,0
54680,0
23294,0
135369,1
38738,0
107895,0
82578,0
71698,0
21810,0
136009,1
70252,0
102110,0
14744,0
76920,0
84745,0
86529,1
55793,0
33735,0
559,0
136873,0
65025,0
5429,0
27824,0
46516,0
50259,1
69053,0
71471,0
104454,0
123147,1
40653,0
109675,0
62455,0
123901,0
124071,0
5987,0
93329,0
56481,0
42704,0
131590,0
2256,1
14078,0
128197,0
105329,0
12754,0
116447,0
4471,0
46336,1
95874,1
69622,0
56840,1
84810,0
68845,0
123396,1
41746,0
11350,0
39081,1
27286,0
19113,1
90245,0
22713,1
78118,1
112754,0
133140,0
64154,0
71240,0
80642,0
21885,0
7494,1
114056,0
133240,0
120339,0
66070,0
13054,0
62945,0
129004,1
37079,0
79748,0
50379,0
76915,0
137176,0
44481,0
1555,0
4817,0
132788,0
139694,0
116636,0
34893,1
80114,0
33026,0
108480,0
129891,0
118369,0
53639,0
97966,0
103112,1
81119,0
127854,0
132465,1
26602,1
1189,0
137786,0
109428,1
21915,0
86646,1
121309,0
109080,1
9737,0
132516,1
13407,0
78368,0
33167,0
44916,1
10643,1
126004,0
63189,0
78495,0
28004,1
99678,0
90464,0
135117,0
24130,0
55681,0
16146,0
49604,0
26231,0
81827,0
105132,0
88094,1
73198,0
103095,0
102330,0
114300,1
140199,1
34321,0
134807,0
128840,0
98364,0
90299,0
60442,1
131340,1
3274,1
75089,0
50094,0
133319,0
40998,0
137412,1
131408,0
97970,0
28458,0
62069,0
98885,0
70974,0
33764,0
73635,0
45738,1
93637,0
40151,0
127065,0
27451,0
87183,0
84847,1
1135,0
70450,0
1506,0
120022,1
127723,0
34837,0
36542,0
54890,0
36017,0
117794,0
12477,1
39690,1
123511,0
25325,0
15081,0
84827,0
118749,1
61638,0
22442,0
69445,0
51082,0
110366,0
89626,0
73600,0
133162,0
110942,0
71295,0
105322,0
183,0
56386,0
19950,0
49441,0
128574,0
129027,0
85780,0
21473,0
22924,1
69026,0
129726,0
24157,0
20693,0
135631,0
26064,0
31668,1
110687,0
4850,0
130527,1
56332,0
123591,0
124637,1
32795,1
97575,0
57334,0
18536,0
119064,0
35073,0
15985,1
84357,0
7978,0
53183,0
40841,0
40707,0
71181,1
35961,0
29595,0
3544,0
39620,0
110941,1
139458,0
55151,0
134444,0
117244,1
34168,0
122989,0
9310,0
127699,0
93248,0
129612,0
126089,0
51975,0
11854,0
4391,0
91284,0
138280,1
108958,0
63306,0
67969,0
60986,1
98199,0
59643,0
23430,0
110387,0
70447,1
95633,1
98353,0
20613,0
102495,1
46491,0
45240,0
112520,0
68669,0
78131,0
90593,0
26735,0
66332,0
137416,0
83778,0
46517,1
116137,0
66104,0
64702,1
33915,1
82302,0
18908,1
114862,0
2972,0
45401,1
15362,1
70445,0
25116,0
37006,0
84352,0
95469,0
44567,0
97634,1
56071,0
86229,0
104796,0
32783,0
3109,0
14918,1
83661,0
63211,0
63278,0
55644,0
50038,0
77250,1
41409,0
118728,0
101736,0
138126,0
63120,0
41960,0
90490,1
60035,0
129223,0
73113,0
616,0
86545,0
17798,1
138763,0
35157,0
74826,0
62870,0
55051,1
112222,0
126580,1
123876,1
8215,0
82938,1
16270,0
131994,0
45946,0
44632,0
75760,1
44499,0
19419,0
108783,1
88291,0
23939,0
500,0
89097,0
61863,0
60583,0
100574,0
60538,0
6750,0
124731,0
15287,0
134766,1
109634,0
108320,0
48799,0
116338,0
92824,0
119982,1
26920,1
5984,1
25064,0
76935,1
71856,1
100974,0
110843,0
98447,0
101269,0
129923,1
103398,0
92859,0
117475,0
63497,0
132837,0
2779,0
21838,0
75679,0
81221,0
73766,0
93896,0
74702,0
77876,0
11852,0
116700,1
79613,1
26812,0
61229,0
12539,0
62863,0
23349,0
9684,0
105507,0
106967,0
107568,0
125881,0
95810,0
92874,0
71752,0
11087,0
51557,1
68416,1
10171,0
93136,0
2860,0
135037,0
137954,0
102342,0
63059,0
12924,0
511,0
32312,1
101756,0
84154,0
52392,0
138198,0
85769,1
96115,0
56400,0
69891,0
89003,0
15857,0
83153,1
69665,0
110856,0
31288,0
45623,0
140101,0
44652,0
52892,0
48657,0
15688,0
37256,0
18275,0
96051,0
27576,0
29215,1
86330,0
20572,1
65228,1
45116,0
90589,0
10487,0
104125,1
77788,0
79121,0
33588,0
128404,1
129788,0
1541,0
40141,0
62930,1
77090,0
113395,0
43706,0
80297,0
136467,1
54262,0
73275,0
67962,1
38148,1
71554,0
54881,0
122985,0
134185,1
96998,0
60302,0
48206,0
3768,1
80376,0
46264,1
39752,0
73840,0
30563,0
50614,0
46356,0
32699,0
9597,0
36189,0
65295,0
131638,0
61303,0
15201,0
49164,0
27290,0
3558,0
9493,0
35990,0
54082,1
68616,0
108472,0
100783,1
98328,0
1529,0
12490,0
9490,0
132634,0
57175,0
58628,0
15810,1
53083,0
30818,1
109324,0
124436,0
68609,0
140093,0
74503,1
140036,0
67095,0
9692,0
48954,0
99154,0
74997,0
5992,1
38489,0
136985,1
86788,1
109821,0
84279,1
139948,0
89863,0
4345,0
129424,0
20790,0
23637,1
25822,0
134853,0
26594,0
67355,0
5456,0
48750,0
8203,0
42701,0
83027,0
140380,0
43370,1
64947,1
34331,0
105629,1
117379,0
61172,0
94475,0
133388,0
139264,0
30669,0
122007,0
97090,0
120557,0
99325,1
76668,0
38026,0
98319,1
60737,0
137962,0
140613,0
135093,0
16341,0
76463,0
85713,0
81573,0
110521,0
110726,0
88056,0
76893,0
111554,0
120437,0
84296,1
103890,1
13254,0
15199,0
138023,0
59305,0
31797,0
98643,0
12547,0
90423,0
3388,0
34295,1
138094,1
137462,0
15323,0
62699,1
53198,0
19345,0
120630,0
51707,0
119085,0
35735,0
103020,0
86811,0
83838,0
103049,0
131984,1
12236,0
45818,0
18884,0
22174,0
22335,0
50393,0
28007,0
62556,0
105423,0
118973,0
134915,0
99959,0
117125,0
128755,1
26243,0
73248,0
134864,0
4677,0
105913,1
76860,0
106187,0
46136,1
35028,0
37562,1
3713,1
29020,0
137823,0
98596,0
88575,0
91492,1
35756,0
100968,1
118143,0
11034,0
127923,1
64445,0
65199,0
37109,0
90211,1
11945,0
45645,0
127269,1
115360,0
103639,0
12550,0
89824,0
46564,0
57537,1
1670,0
131967,0
125533,0
98047,0
99978,0
16648,1
127490,0
13485,0
114010,0
130582,0
76111,0
17895,0
1715,0
14554,0
107814,0
68389,1
102269,1
123471,0
43190,0
63697,0
130584,1
7502,1
71116,0
125640,1
34246,0
34548,0
100693,0
94619,0
54741,0
66379,0
95035,0
102097,0
46327,0
29546,0
15663,0
47842,0
132256,0
98107,0
7084,0
95603,1
31597,0
22396,0
70671,0
23961,1
29894,1
93381,0
68528,1
81739,0
129983,0
70668,0
94681,0
73794,1
71826,0
121926,0
105246,0
31419,0
6546,1
15403,0
3557,0
133808,0
40541,0
66878,0
21387,0
755,1
35655,0
137904,1
79615,0
36090,0
44376,0
46704,0
25343,0
81207,0
14266,0
119826,0
51763,0
35627,0
54832,0
13667,0
119732,0
42682,0
124377,0
44540,0
45690,1
87327,0
28270,1
94192,1
135211,0
20780,0
63131,1
76047,0
76361,0
15838,0
104217,0
105704,0
111368,0
80964,1
16388,0
23850,1
84095,0
110100,0
86463,1
101722,0
88526,1
7635,1
95285,0
2417,0
112360,0
124646,0
93851,0
103109,0
122748,0
13178,0
18918,0
115032,0
84885,0
4663,0
134395,0
108621,0
79364,0
80580,0
113136,0
51537,0
71538,0
295,0
4118,0
27143,0
34502,1
45050,0
77110,0
68276,0
115915,0
87541,0
22897,0
128350,0
89518,1
31835,1
125025,0
53903,0
108287,0
27894,1
43083,1
89092,0
73121,0
129686,0
11643,0
111207,0
121487,0
71316,1
110083,0
112584,0
11785,1
108216,0
74634,0
32229,0
53868,0
135293,0
134871,0
62275,1
440,0
49748,0
9793,0
40344,0
73839,0
7368,1
128903,0
28242,0
81916,0
91838,0
50634,0
17436,0
98980,0
73062,1
13400,1
106621,0
9833,1
113724,0
56786,0
123382,1
42034,0
132227,0
47758,0
20002,0
110809,0
78427,0
56283,1
95421,1
136661,0
21557,0
125475,0
80347,0
13358,1
9242,0
56213,0
93240,0
121645,1
8673,0
74441,0
61678,0
104729,0
80667,0
116820,0
137646,0
74235,0
86117,0
42685,0
65129,1
3998,0
88903,0
90831,0
116431,0
95929,0
66771,0
13038,1
138575,0
37244,0
16430,0
31837,0
52813,1
1941,0
21613,1
59037,0
37637,1
23481,0
16032,0
40182,0
124213,0
35044,0
72578,0
137164,1
117767,0
76886,0
35450,0
27853,1
25497,0
82335,0
1353,0
139182,0
120277,0
122861,0
69452,0
136507,1
75297,1
101162,0
107324,0
101396,0
90690,0
20285,0
68963,0
127488,1
89984,0
60610,0
101171,0
75650,0
8459,1
137329,0
88448,0
22001,0
90218,0
54572,0
74340,0
111507,0
36303,0
74081,0
11023,0
65041,1
47565,1
103729,0
139376,0
116503,0
39884,0
26569,0
66350,0
103,1
5711,0
19481,0
55239,0
10630,1
101820,1
19949,1
116079,0
106422,0
5211,0
76682,0
106963,0
46617,0
124971,0
100360,0
136607,1
104286,0
35141,0
90748,0
72682,1
47366,0
3320,0
81582,0
27070,0
38410,0
42646,0
2150,1
91337,0
69330,0
95349,0
53483,0
89373,0
19564,0
78048,0
131672,0
104725,0
100006,0
9520,0
108496,0
76822,0
123017,0
39173,1
51051,0
104609,0
74541,1
49828,0
3851,0
71408,1
78573,0
26497,0
10729,0
132277,0
106278,0
95585,0
66801,0
85852,1
1304,0
124302,0
79228,1
69948,0
26102,0
102297,0
128307,0
90162,0
90864,0
68415,0
66415,0
68317,0
118088,0
10438,0
76955,0
39078,0
123177,0
15999,0
70245,0
81065,0
34921,1
15266,0
12894,0
45390,0
48031,1
90230,0
84910,0
8217,0
94254,0
133221,1
79232,0
16056,1
90768,0
102826,0
78300,1
139382,0
87004,0
17503,0
126683,0
56383,0
44382,0
137470,0
19519,1
124963,0
73314,0
11905,0
89312,0
131726,0
21982,0
49645,0
120379,0
26286,1
117187,0
118785,0
127241,0
72917,0
77389,0
8547,0
80672,0
20924,1
3528,0
54566,0
21801,0
7102,0
45133,0
47314,1
66905,0
90205,0
43144,1
53155,0
139088,0
121878,0
124660,1
71828,0
60092,0
126433,0
92181,0
110903,1
31523,0
68788,0
76476,0
60951,0
77700,0
129409,0
70371,0
12610,0
52302,1
67422,0
10916,1
103868,1
91426,0
93884,0
48943,0
24315,0
68540,0
63515,1
109426,0
48504,0
119176,0
44013,0
49740,0
56162,0
111836,1
65095,1
92532,1
59451,0
116467,1
45374,0
11585,0
80676,1
120767,0
76357,0
93507,0
38396,0
26750,0
52817,0
17151,0
2477,0
62729,0
17182,0
54888,0
78690,0
33056,1
5195,0
1079,0
34600,0
76673,0
69931,1
84365,1
133044,0
28274,0
78605,0
124799,0
100109,0
8085,1
69378,0
55420,1
99039,1
124357,0
125660,1
138234,1
2558,0
48443,0
65920,0
99149,0
130192,0
132445,0
99277,0
85555,0
76435,0
63176,1
37520,0
125560,0
4468,0
33168,0
34944,0
63783,0
123983,0
87187,0
38512,0
81960,0
64339,0
120594,0
138157,0
94296,0
115508,1
45484,1
11247,0
73537,0
11002,0
49057,0
2820,0
38552,0
123506,0
94538,0
50189,1
105919,0
110621,0
9144,0
21963,0
57704,0
14604,1
77095,0
68688,1
93698,0
3909,0
112197,0
75113,0
33819,0
20616,0
71413,1
59960,0
111301,0
107904,0
135503,0
31510,0
27741,0
36221,0
16098,0
44781,1
22968,0
69059,0
45912,0
64866,0
124056,1
16858,0
82482,0
60600,1
103222,1
93188,0
56944,0
54730,0
17849,1
61734,0
132649,0
85809,0
90870,0
36390,1
46476,0
133758,0
111485,0
42722,0
67380,1
137499,0
122060,0
120949,0
117213,0
67835,0
32777,0
38604,0
13752,0
91353,0
41608,0
32852,0
98315,0
136901,0
102947,0
79067,0
61703,1
56315,0
28105,1
32475,0
112972,0
43750,0
92904,0
123406,0
17352,0
80435,0
59159,1
35657,0
31271,0
50431,0
109272,0
89237,0
61015,1
15220,0
40508,0
67935,0
96373,0
41276,0
11313,0
77440,0
12768,0
70406,1
71146,0
91348,0
8440,0
45630,0
15225,0
88597,0
113628,0
20595,0
94397,0
62010,0
37253,0
132559,0
132890,0
80290,0
2694,0
58777,0
113546,1
115672,1
33591,0
27259,0
6366,0
16169,0
40185,0
54274,0
52596,0
118859,0
6152,0
59010,0
35954,0
40795,0
106128,0
4510,1
132261,0
139537,0
123491,0
121676,0
125963,0
15794,0
53382,0
19356,0
77980,0
112347,0
52641,1
137393,0
121009,0
126473,0
51705,0
101308,0
55939,0
122001,0
39350,0
77315,0
73003,1
55667,1
107820,0
18051,0
85505,0
51385,1
80972,0
94763,0
109888,0
11703,0
13579,1
61398,1
59832,0
127396,0
48214,0
15826,0
31326,0
117567,0
66105,0
140669,0
136914,1
85834,0
123997,0
50691,0
131195,1
50009,0
73798,0
87641,0
137639,0
71107,0
108074,0
134566,0
133589,0
122469,0
46164,0
113806,1
114903,0
47081,0
128388,0
495,0
33060,0
84816,0
8221,0
107223,0
5724,0
9241,0
50316,1
120115,0
47168,1
127894,0
49375,0
100240,0
33675,0
20176,0
91260,0
31392,0
2415,0
107382,0
77584,0
58241,0
30557,0
73955,0
30831,0
85340,0
53269,0
128021,0
25152,0
128601,0
6886,0
19568,0
90383,1
138427,0
77403,1
112255,0
2950,0
5326,0
137198,0
122215,0
14534,0
79384,0
94611,0
37487,0
58277,0
63239,0
55221,0
126840,0
86517,1
127597,0
16042,0
114667,1
79032,0
134813,0
140617,0
81388,0
13240,0
31630,0
67054,0
77449,1
105726,0
50653,1
139966,0
127015,0
7732,0
42671,0
135985,0
70586,0
29443,0
69479,0
46221,0
120421,0
111160,0
137693,0
127616,0
133924,0
73273,1
107272,0
82777,0
10501,0
80702,0
130445,1
110534,0
113005,1
61267,0
118998,1
15219,0
34980,0
22441,0
10219,0
124151,0
56495,1
117949,0
34314,0
6901,0
108686,0
136016,0
70048,0
77795,0
16543,0
67515,0
123014,1
139040,0
100503,0
40188,0
105618,0
3366,0
68190,0
98435,0
79646,0
19272,0
105509,1
79733,0
87274,0
67022,1
75774,0
89222,0
19390,0
27311,0
3159,1
83686,0
4638,0
133704,1
1051,0
68391,0
16107,0
92255,0
103527,0
65570,1
120120,0
34243,0
2151,0
80401,0
31728,0
11473,0
95087,0
25296,0
134514,0
115482,0
58496,1
80407,0
87158,0
134015,0
84777,0
85483,1
46758,0
36168,0
113317,0
39188,0
48970,1
116642,0
114532,0
15129,1
11478,0
56239,0
22296,0
48741,0
52301,0
26959,1
46739,1
32971,0
28285,0
29750,0
111748,0
32064,0
5650,0
60634,0
21404,1
97894,0
134584,0
16184,0
57003,1
78459,0
117985,0
24472,0
21384,0
34646,0
17049,1
117727,0
15341,1
40936,0
115916,0
3210,0
125116,0
116032,0
48539,0
37516,0
72518,0
16728,0
13522,0
65560,0
50015,0
104265,0
94694,0
61671,1
126628,0
26986,0
72943,0
103818,0
126549,1
657,0
108270,1
122106,0
81409,0
4665,0
71235,0
136718,0
25460,0
69357,0
126843,0
80767,0
8604,0
35155,0
86511,0
20602,1
150,0
38680,0
58065,0
65610,0
116255,0
139288,0
1273,0
108545,0
99710,0
125405,0
95816,0
17515,0
120358,0
127681,0
67754,0
68581,0
32561,0
29366,0
104923,0
23033,0
20240,0
38257,0
38153,0
31852,1
117746,0
48722,0
10070,0
2367,0
37987,0
13415,0
21343,0
117382,0
7006,0
107616,0
68838,0
42526,0
87410,0
59015,0
36032,0
96324,0
114605,1
93018,1
22393,0
70673,0
50390,0
67588,0
2634,0
63303,0
74701,0
16426,0
127106,0
66076,0
64752,0
117503,1
109495,1
41298,0
65402,0
113771,0
34966,0
83030,0
38943,0
77946,0
65216,1
83790,0
108586,0
25934,1
139996,0
37490,0
39898,1
35375,0
130605,1
87225,0
117012,0
90805,1
77512,0
27196,0
126588,0
2280,0
100777,0
113448,0
131216,1
124058,0
137836,0
106814,0
119772,1
81172,0
6202,0
9487,0
27480,0
126422,0
20528,1
103066,1
9598,0
127127,0
35528,0
14024,0
22645,0
111332,0
67717,0
48924,0
20865,0
71111,0
76358,0
113556,0
41802,0
107908,0
135636,0
96767,0
98597,0
133141,1
41706,0
61667,0
16165,0
104028,0
79771,1
129283,0
24234,0
4109,0
116744,1
103579,0
35159,0
99592,0
104370,1
2394,0
113772,0
28503,0
33303,0
132365,0
82219,0
131872,0
15846,0
13850,0
76190,0
80912,0
76408,0
30810,0
104803,1
62039,1
34575,0
24286,0
139969,0
134919,1
54458,1
111676,0
30418,1
8280,0
2521,1
58374,0
50237,0
131099,0
101966,0
78259,0
78137,1
79596,0
57492,0
127363,1
66630,0
45300,0
7299,0
102622,0
53,0
6833,0
48281,0
66950,0
98988,0
100497,0
1855,0
10690,0
7380,0
127405,1
102363,0
83789,0
58004,0
93231,0
91096,0
79028,0
79955,1
70384,0
58479,0
133541,0
95885,0
3135,1
14047,1
108247,1
110306,0
88082,1
47492,0
64088,0
1621,0
120224,0
15541,0
100017,0
19984,0
118268,0
13124,0
100197,0
975,0
59459,1
139620,0
99915,1
59104,0
138333,0
138481,0
131965,0
11684,0
57232,0
54517,0
86028,1
4498,0
53753,1
15527,0
46457,0
123272,1
47939,1
40732,0
85395,0
125390,0
110404,0
124567,0
117653,0
89234,1
134396,0
79096,0
74223,0
136900,0
91165,0
132231,0
28970,0
54886,0
125921,1
11317,0
130051,0
130177,0
18086,0
11463,0
51474,0
19099,0
110130,0
42338,0
5403,0
117610,0
97050,1
111135,1
51553,0
56092,0
126618,0
35362,0
2267,0
51205,0
46020,0
138554,0
118501,0
23796,1
73532,0
12964,1
15402,0
70907,0
118291,0
50836,0
78971,0
3381,0
107217,0
129908,0
17181,0
67359,0
64048,0
52683,0
31787,1
99589,0
91234,0
85814,1
73621,0
92831,0
78781,0
22534,0
100453,0
77805,0
77229,1
17920,0
43167,1
21481,1
92479,1
99864,0
54913,0
71948,0
19101,0
45035,0
4564,0
16850,0
78917,0
5898,0
121788,0
82995,0
112933,0
93589,0
131680,1
11877,0
122302,0
97003,1
56788,1
53766,0
55604,0
96294,0
53525,1
87929,0
46536,1
72358,0
90963,0
136696,0
135015,0
90695,1
103516,0
45131,0
100110,0
93703,0
71580,0
35998,0
88981,0
14272,1
60639,0
83014,0
120283,0
7919,0
90435,0
13592,1
57791,1
98719,0
122328,0
54844,1
119003,0
14324,1
62654,1
116910,1
133424,0
25759,0
66359,1
112498,0
72721,0
117512,0
139222,0
37564,0
132928,0
117205,1
49067,0
131349,0
87466,0
77787,0
109156,0
83113,0
14805,0
127352,0
53310,0
30165,0
108753,0
54037,0
16853,0
99787,0
100359,0
63291,0
51007,0
60507,0
14635,0
106510,0
52717,0
86571,0
106509,0
4262,0
45410,0
121575,0
33161,1
34568,0
29031,0
41541,1
12559,1
5902,0
101846,1
138538,0
127948,0
85957,0
26215,1
95221,0
61440,0
73581,0
127899,0
120250,0
117629,1
104703,0
40391,0
132648,0
16620,0
78665,0
31901,0
139744,0
113148,0
101803,1
26220,0
40608,0
56172,1
45317,0
88443,0
23343,0
105447,1
73808,0
95573,0
105521,0
81220,0
50363,0
110999,1
33312,0
103587,0
58086,0
140374,0
55794,1
52659,0
20160,0
693,0
99882,0
15519,0
29834,0
79253,1
39760,0
1872,0
133352,0
81290,0
83622,0
49860,0
115996,1
23477,0
82608,0
119754,0
110425,0
140438,1
72615,0
12114,0
72215,0
5728,0
36961,0
14377,0
56724,0
97466,0
44936,0
124420,0
98844,0
89952,0
70069,0
116833,0
57411,0
83660,0
58082,0
59302,1
127222,0
18555,1
89254,0
82253,0
44619,0
98505,0
50522,1
45406,0
66688,1
139001,0
82365,0
95222,1
7597,0
111021,0
45296,1
132725,0
39086,0
23198,0
28225,1
124542,1
42593,0
94873,0
82020,0
137931,0
102307,0
45022,0
108196,0
120450,0
27147,0
108926,0
119987,0
19437,0
29148,0
110839,0
15659,0
74325,0
68675,0
79785,0
87511,0
113015,0
4839,1
128066,0
100997,0
16751,0
105293,0
8397,0
51676,0
40791,0
100293,1
109301,0
52191,0
31096,0
41760,1
96072,1
16340,0
29966,0
79130,0
128582,1
115624,1
70492,0
72386,0
104173,0
34918,1
117714,0
129348,0
139066,1
88371,0
123450,0
134828,0
20743,0
87188,1
52035,0
89410,0
61167,0
103687,0
72984,0
133825,0
713,0
135605,0
29497,0
118093,0
60717,0
100294,0
4042,0
99855,0
21006,0
51873,0
118117,0
88937,0
138391,0
9348,0
123843,0
39730,0
7834,0
11685,0
31731,0
63192,0
85941,0
25873,0
5807,0
104976,0
131226,0
8330,0
38195,0
114676,0
15609,0
35731,0
120566,0
37190,0
94193,0
43056,0
6962,1
64597,0
84013,1
139657,0
69058,0
125783,0
7441,0
120333,0
13377,0
115211,1
102204,0
102177,0
76589,0
59662,0
13839,1
130501,0
17076,0
99988,0
85037,0
1962,0
90954,0
110490,0
88444,0
33916,0
15947,1
134892,0
17597,0
74765,1
57164,0
64536,0
19111,0
79535,0
54463,1
125331,1
140145,1
34533,1
110283,1
117160,0
49199,0
113225,0
135956,0
5789,1
43292,1
128094,0
65839,1
106174,0
32524,0
119625,0
102884,0
124350,0
30770,0
120408,0
60390,0
30489,0
15588,1
84180,0
61356,0
22658,0
76614,0
85895,1
67594,1
44293,0
9929,0
62410,1
19557,0
59145,0
21941,0
34085,0
4708,0
36366,0
125396,1
46153,0
63335,1
107496,0
88406,0
107218,0
126285,0
8164,0
77673,0
24394,1
74439,0
40945,0
124254,0
139438,0
40836,0
79694,0
6479,0
15088,0
109577,0
53307,0
57197,0
129381,0
138766,0
104994,0
49897,0
132070,0
101026,0
125933,0
1841,0
103243,0
11008,0
68069,0
85744,0
139569,1
133649,1
79045,0
11444,0
43775,0
84801,0
92276,1
48723,0
14315,0
61652,0
55616,0
66632,1
98841,1
21461,1
8711,0
42022,0
140624,1
58786,1
59836,0
74478,0
97512,0
84249,0
99016,0
98414,0
77572,0
113422,0
16666,0
35505,1
124976,0
8612,1
102513,0
60763,0
100603,0
59083,0
116675,0
95179,0
59381,0
5938,0
50966,1
93090,0
19713,0
57039,0
125542,1
79201,0
35188,0
92317,0
29012,1
4194,0
91207,0
74242,1
2459,0
29561,0
115664,0
1494,1
138608,0
113271,0
83614,0
62324,0
75822,0
8525,0
40411,0
95115,0
78878,0
28746,0
113112,0
20624,0
5857,0
101962,0
43876,0
29979,0
3494,0
25679,0
13792,0
131192,0
111745,0
134369,0
85777,0
120830,0
133460,1
3831,0
36595,0
138405,0
59910,0
115964,1
5313,0
114717,0
38542,0
106824,0
44095,0
84898,0
18279,0
74402,0
6052,1
133255,0
53026,0
133770,0
76792,0
55909,0
22712,0
83093,0
14173,0
97763,0
55891,0
74097,0
72431,0
26236,0
33496,0
26538,0
74208,0
90075,0
10950,0
86600,0
130189,0
97956,0
57549,0
115115,0
76727,0
64286,1
2917,0
1481,0
83632,0
23504,0
125743,0
129666,1
61628,0
38459,0
30508,0
69433,0
121540,0
59283,1
26486,0
74583,0
36665,0
73796,0
51558,0
114478,1
31060,0
44765,0
30005,0
42494,0
94923,0
109134,0
41917,0
131668,0
29233,0
3398,0
120890,0
69008,0
139539,0
441,0
78307,0
128266,0
31255,0
5346,0
64864,0
102542,0
24752,0
64609,0
77599,0
122569,0
78882,0
109808,0
65816,0
96342,1
78607,1
115965,0
31076,0
22572,0
89269,0
99373,1
48241,1
30918,0
117395,0
83263,1
5811,0
67878,0
24854,0
43963,0
2285,0
37583,0
22072,0
137508,1
46018,0
101647,0
20199,0
2567,0
79434,0
130042,0
1766,0
108678,0
96374,1
10753,0
54586,0
88513,0
131570,0
58775,1
46042,0
130979,0
88370,0
73220,0
111082,1
87267,0
122140,1
76730,0
71486,0
10750,0
9510,0
120048,0
1072,0
78950,0
96331,0
91276,0
22790,0
83305,0
45520,0
36281,0
102836,0
112441,0
87882,0
111184,0
63326,1
107830,0
94314,0
99569,0
123106,0
122652,1
62158,0
106507,0
71995,0
54326,0
55077,0
110087,0
52181,0
99512,0
96690,0
112827,0
4762,0
107029,0
89532,1
63972,0
105477,0
52410,1
5074,0
45683,1
77909,0
37375,0
42535,1
43361,0
70799,0
135192,1
44180,0
124105,0
112909,0
120529,0
50866,0
26854,0
120526,0
68129,0
119681,0
78797,0
84915,0
134241,0
128960,0
40529,0
15738,0
98305,1
53123,0
111776,0
66678,1
108592,1
11597,1
41795,0
14626,0
118871,0
15194,0
32779,0
19033,0
39285,1
11268,0
20032,0
93923,0
21102,0
80422,0
133654,1
6113,1
47136,0
88361,0
39136,0
102803,1
39555,0
131087,0
77358,0
61841,0
38132,0
98422,0
130213,0
115655,1
84982,0
95473,0
12253,0
18810,0
36605,0
130727,0
94429,1
37451,0
33667,0
20606,0
127620,0
108554,0
128458,0
50408,0
105050,0
73956,1
21989,0
30571,0
18449,0
131075,0
126027,0
37028,0
9603,0
105881,0
37932,0
13434,0
116220,0
72176,0
20762,0
117909,0
60667,0
72841,0
13720,0
30576,0
121713,1
68898,0
91494,0
38912,0
58845,0
72400,0
78167,0
88796,0
24539,0
50434,0
123282,0
12935,0
3425,0
107338,0
89933,0
31527,0
82128,1
80462,0
58410,0
32793,0
17067,0
112184,0
40826,0
17335,0
43096,0
24473,0
100155,0
49470,1
42609,0
65392,0
52809,1
42450,1
2781,0
135451,0
120231,0
47613,1
138774,0
136869,0
13255,1
97440,0
22681,0
106340,0
101996,0
97086,0
22566,1
9512,0
134130,0
101621,1
125355,0
61777,0
17647,0
93557,0
51774,0
17089,0
121677,0
62993,0
25184,0
113018,0
148,0
4686,0
23585,0
22013,0
137452,0
79163,0
2172,0
14959,1
72580,0
52714,0
118968,0
137751,0
79975,1
73583,0
139905,0
17227,1
26172,0
28384,1
124964,0
72997,0
84106,0
94742,0
126942,0
115075,0
32013,0
47770,1
127088,0
50398,0
132557,0
95721,0
16590,0
20228,0
105097,0
125307,0
122228,0
112775,0
30284,0
122606,1
50752,0
129126,0
117850,0
49734,0
70735,1
47948,0
40108,0
99763,0
119890,0
34974,0
63110,0
11346,0
41957,0
56523,1
40517,0
36751,0
35380,0
98626,0
24083,0
19281,0
89,0
138702,0
66608,0
99024,0
92473,0
22412,0
82274,0
109201,0
82793,1
31078,0
109917,0
99772,0
75183,0
10981,0
54343,1
14539,0
75705,0
57734,0
8193,0
67503,1
104894,0
99384,0
139387,0
34040,0
109453,1
21770,0
133419,0
69660,1
74347,0
29125,0
107036,0
116013,0
25378,0
17266,0
16827,1
816,0
70550,0
66811,0
135924,1
52331,1
47680,0
31791,0
80827,0
28969,0
133523,1
112799,1
80846,0
27101,0
118317,0
128282,0
16478,1
42634,0
136785,1
100198,1
100290,0
120441,0
56041,0
91635,0
46814,1
99395,0
54288,0
76091,0
128396,0
626,1
124344,0
121630,0
125543,0
101867,1
85738,0
112865,1
103063,0
96022,0
115273,0
46887,1
75931,0
24959,1
95286,0
43552,0
13266,0
99662,0
114280,0
67238,0
57995,0
62964,0
137828,1
107526,0
31318,1
37191,0
59526,0
95756,0
68512,0
2834,0
29100,0
136845,0
126785,0
58049,0
59654,0
89723,0
109398,1
110577,0
16582,0
63139,0
96631,0
132334,0
128088,0
100137,0
72872,0
140193,0
12336,0
108826,0
108921,0
85859,1
119207,0
4232,0
41151,0
117655,0
98540,0
5676,0
9680,0
6849,0
9131,0
11884,0
130630,0
89599,0
101139,0
109183,0
125285,0
84394,0
67655,1
39238,0
2491,0
120296,0
39163,0
82606,0
47167,0
85326,0
9326,0
88870,1
68615,0
26159,0
83294,0
115631,0
86077,0
51698,0
32454,0
115486,1
54504,0
110277,0
123912,0
90203,0
11948,0
76018,0
52573,0
30710,0
19939,0
88252,0
67481,1
106819,0
131372,0
139713,1
46346,1
74836,0
50988,0
6553,0
81795,0
34062,0
57033,1
38994,0
83071,0
23138,0
36555,0
91831,0
97981,1
21095,0
98571,1
138930,0
19794,0
21856,1
32733,0
46104,0
120318,1
1100,0
89342,0
53860,0
98114,0
59438,0
137378,0
107701,0
117411,0
22279,0
96177,1
38931,0
9610,0
89002,0
65577,0
58995,0
95405,0
122591,1
77123,0
50007,1
45335,0
118263,0
59270,0
6304,0
52968,0
25425,0
37037,0
51195,1
36834,0
6491,0
101797,0
51466,1
112614,0
128648,0
21593,0
111866,0
105460,0
45229,0
113898,0
89976,0
40054,0
8797,0
9923,0
64459,0
43437,0
136128,0
67967,1
72366,0
16826,0
6975,0
90188,0
73157,1
71731,1
23947,0
20526,0
30402,0
54663,0
110588,0
49981,0
117598,0
101824,1
19538,0
56067,1
123146,0
49045,1
26022,1
101101,0
4959,1
68479,0
120660,0
93415,0
110134,1
14988,0
103568,0
90676,0
80336,0
62390,0
622,0
124353,0
102399,0
2232,0
21434,1
14223,0
14386,1
9228,0
119663,0
130233,0
103850,1
125105,0
116030,0
128200,0
54673,0
23139,0
46028,1
3269,1
54400,0
72126,1
106603,0
56007,0
44329,0
53710,0
82,0
72437,0
125229,0
136872,0
107485,1
13706,0
34417,0
8258,0
71306,0
53437,0
42512,0
114291,0
54711,0
106011,1
66419,0
42941,0
58957,0
15914,0
55067,0
85207,1
94959,0
54474,0
73614,0
111657,0
46365,0
54214,1
95356,0
6855,0
26491,0
85297,1
14396,0
18638,0
2869,0
96039,1
57671,0
112834,0
120256,0
6280,0
89751,0
65666,0
11738,0
49121,0
104298,0
28082,0
17692,0
71639,1
103339,0
78211,0
1006,1
75986,0
77518,0
82993,0
97659,0
46436,1
136145,1
87401,0
21523,0
14597,0
78361,1
101786,0
22576,0
104312,1
72332,0
19318,0
108376,1
128583,1
37183,1
91796,0
48412,0
22581,0
124041,0
104643,0
12514,0
70829,0
83475,0
115725,0
85102,0
23674,0
49041,0
60172,1
48752,0
52848,1
4625,0
121307,0
6523,0
24925,0
44106,0
15461,0
125811,0
12055,1
108893,0
115834,0
72118,1
35535,0
114125,0
105181,0
119413,0
66322,0
30170,0
36851,0
117079,0
23169,1
66892,0
43257,0
7286,1
80843,0
134046,0
79238,0
41583,0
1865,0
40278,0
80987,0
30291,0
4151,0
135111,0
133361,0
61363,0
52129,0
131052,0
129587,0
23428,0
23249,0
19604,1
25611,0
58969,0
44690,0
103168,0
28117,0
19511,0
32288,0
34737,1
93963,0
112395,0
63698,1
98522,1
97326,1
122420,1
140618,0
38874,0
59648,0
2218,0
89397,0
124109,0
65765,0
75520,0
37717,1
27044,1
1740,0
57361,0
101083,0
53879,0
107359,0
117748,0
43543,0
115454,0
27534,0
61493,0
112794,0
119382,1
126965,0
36972,1
97403,0
90024,1
111058,1
104779,0
35512,0
4595,0
112729,0
74069,1
49428,0
83711,0
44036,0
103635,0
36401,1
39111,0
44731,0
48439,0
120569,0
36626,0
100992,0
70202,0
46504,1
71090,0
73494,0
86193,0
59006,0
132580,1
109760,0
11070,0
78263,0
55063,0
127790,0
14990,1
121719,0
83320,0
6961,1
25191,0
123058,0
121262,0
32490,0
75789,0
58146,0
109517,0
110384,0
71251,0
134393,0
22506,0
99817,1
71174,0
28456,0
5071,0
52099,0
135142,0
9170,0
99702,0
7847,0
32628,0
135148,0
60751,0
42321,0
53105,0
66220,0
1024,0
75413,0
17351,1
86060,0
78094,0
108830,0
48774,0
73108,1
11985,0
109385,0
117034,1
39851,1
98091,0
132192,0
10192,0
118374,0
132951,0
57794,0
99015,0
24264,1
88659,1
69411,0
7031,0
81799,0
113282,0
59288,0
108102,0
122057,0
27834,0
40887,0
4415,1
109035,0
19493,0
21973,0
50456,0
36849,0
72672,0
57713,0
107240,0
24444,0
47677,0
136417,0
38003,0
139916,0
54060,0
104744,0
44163,0
39391,0
129632,1
101806,0
84342,0
68619,0
55822,1
7956,1
3942,0
134477,0
16547,0
116025,0
82905,0
48089,0
92868,1
123378,0
17656,0
33046,0
2245,0
101478,0
10934,0
50694,0
52130,1
21730,0
101491,1
124897,1
45822,0
59490,0
85605,0
31721,0
65352,0
44932,0
84822,0
100512,0
95991,0
34771,0
119000,0
89659,0
53657,0
22949,0
94984,1
78253,0
3857,0
39063,0
45824,0
101733,0
129147,0
28264,0
31426,0
58150,0
3344,1
102472,0
104966,0
42016,0
135027,0
53492,0
1816,0
57557,0
26051,0
9670,0
18200,0
96540,0
75285,0
23280,0
116726,0
78618,0
118475,0
42505,0
1514,1
129546,0
33420,0
89530,0
39485,0
63970,0
113643,0
20642,1
44622,0
119057,0
139949,1
132623,0
2914,0
137440,0
51580,0
125306,0
111949,0
36479,0
102941,1
115614,0
41968,0
44535,0
18959,1
44378,0
109024,0
22238,0
140457,0
86729,0
118396,1
23993,1
67885,1
24446,0
71329,0
77815,1
55113,0
131171,0
57940,0
33096,0
12556,0
6809,0
12457,0
77501,1
71849,0
43824,0
79788,1
70644,0
30432,0
17844,0
44954,0
75002,0
79186,0
94172,0
17706,0
95037,0
122315,0
86638,0
13570,1
97650,0
19985,0
82692,0
52275,1
30986,0
89730,0
13092,0
48553,1
83179,0
80641,0
19548,0
130550,0
134913,0
126454,0
75558,1
83398,0
138104,1
91759,0
50948,0
52820,0
95840,1
88797,0
126859,0
104902,0
20363,0
118655,0
9294,1
1339,1
106570,1
30421,0
19896,0
116237,0
4763,0
86347,0
7328,0
81231,0
40263,1
37621,1
136627,0
124023,0
66508,1
54329,0
36893,0
97543,0
107552,0
28713,0
6122,0
27383,0
65800,0
48983,1
64436,0
70661,0
137346,0
13605,0
6320,0
100710,0
20587,0
97398,0
4011,0
128327,0
125259,0
79599,0
69224,0
15253,1
56464,0
93268,0
55523,0
94858,0
101580,0
120891,0
7209,0
72351,0
54455,0
38820,1
68448,0
23149,0
2583,0
37145,0
15553,0
6580,0
14442,0
112008,0
47056,0
53022,0
110422,1
59258,0
29684,0
14516,0
120425,0
35281,0
5411,0
135813,0
72581,1
131866,0
58958,1
59789,1
15328,0
68331,0
914,0
75753,1
38316,1
29758,0
103208,0
5731,0
95017,1
123235,1
66556,0
21896,0
58788,0
97504,0
122612,0
87687,0
19300,0
9971,0
4082,1
117958,1
66746,0
96221,0
32600,0
54281,1
139965,1
74796,0
68464,0
113201,0
139937,1
60399,0
135009,0
95549,0
139953,0
113589,0
7694,0
8293,0
17010,0
73115,0
79395,1
90176,0
22185,0
51144,0
29268,0
79831,0
115250,1
73606,1
3776,1
123464,0
15582,0
30933,0
77191,1
79320,1
49026,0
39992,0
15825,0
127525,0
104052,0
32269,0
67147,1
36801,0
140487,0
111621,0
131300,0
85661,0
44311,0
117127,0
72364,0
52531,0
55804,0
114292,0
63175,1
62537,1
18988,0
7953,0
80108,0
32210,0
14799,0
41922,0
74050,0
84475,0
49275,0
20108,0
129469,1
60768,0
34873,0
74575,1
76755,0
326,0
75015,0
59211,0
101904,0
117807,0
103286,0
139095,0
114521,0
79942,0
57314,1
135217,0
25825,0
83733,0
40462,1
27419,0
51771,0
99261,0
134709,0
13697,0
5014,0
127319,0
62265,1
50936,0
51579,0
52566,0
53643,0
8503,0
67073,0
130260,0
132726,1
76072,0
61132,0
14473,0
102219,0
96839,0
41997,0
42015,0
132830,0
75067,0
109782,0
86954,0
16880,1
32032,1
107215,0
109351,0
131150,1
1900,0
110725,0
100713,0
97390,0
124954,1
63496,0
65239,0
99457,1
115281,0
33635,0
58890,0
50149,0
36381,0
127749,0
106455,0
111222,0
99966,0
30658,0
120723,0
129169,0
34396,0
63980,0
62761,0
173,1
46764,0
29356,0
96003,0
126528,1
103195,0
71928,0
63486,0
27378,0
100828,0
51747,0
70581,0
117222,0
42487,0
22057,0
127553,1
134643,0
70189,0
70236,0
1405,0
87809,0
66567,0
68215,0
57281,0
29119,0
130671,0
59020,0
32566,0
72029,0
101194,0
90789,0
34425,0
49901,0
65888,0
22877,0
86527,0
88154,0
100102,0
121973,0
37025,0
105187,0
38886,0
140658,0
53673,0
13466,0
127435,0
76192,0
75569,0
90311,0
109275,0
30704,0
44031,0
108289,0
5104,0
91935,0
92796,1
47568,0
128631,1
107180,0
8234,0
122767,0
110016,0
116404,0
139962,1
3094,0
103905,0
123784,0
78858,0
32182,0
103740,0
13504,0
82257,0
129366,0
131156,0
101460,0
106210,1
79978,0
67210,0
76508,0
110332,1
76827,1
91173,0
134958,0
16975,0
113349,0
58423,0
104611,0
10744,0
42850,0
65617,1
95032,0
70798,0
90638,0
135898,0
31780,1
19675,0
17052,0
69367,0
138150,0
1031,0
57009,0
88548,0
77282,0
81213,1
60285,0
14193,0
38977,0
10873,0
36094,0
75484,0
60864,0
47781,0
55045,0
1002,0
57139,0
85119,0
65999,0
18794,0
69838,0
59427,1
54160,0
64424,1
73730,0
131604,0
104487,0
100175,1
98146,0
78998,0
59338,0
70898,0
123075,0
27705,1
26622,1
132279,0
33611,0
57881,0
49442,0
40814,0
112995,0
67444,0
89928,1
113320,0
22150,0
50751,0
49396,1
127571,0
15692,0
100598,0
22601,1
67870,0
64879,1
114326,0
67251,0
26821,0
49926,0
780,0
2073,0
64605,0
53253,1
139922,0
125411,0
69916,1
21697,0
108088,0
66796,0
133672,0
34007,0
93117,0
139765,1
29771,1
46656,0
60017,0
109375,0
49048,0
82534,1
138037,1
51380,0
115435,0
23748,0
79108,0
74788,0
55359,0
131054,0
98341,0
21826,0
3808,0
81133,0
34092,0
17032,0
86299,0
70909,0
85386,1
107168,0
43428,1
33697,0
57088,1
6661,0
130399,1
20712,0
81440,0
16631,0
130004,0
138038,0
127622,0
139621,0
100639,0
124604,0
131981,0
115848,0
92594,0
102220,0
112332,1
98402,0
20646,0
89889,0
38235,0
107957,0
17681,0
82588,0
121996,1
20045,0
102523,0
72981,0
45842,0
54,0
132770,0
93398,0
139506,1
23246,0
66094,0
55637,0
97231,0
33273,0
22371,0
53468,0
110658,1
54919,0
17836,0
6760,1
35853,0
316,1
134589,0
117135,0
21897,1
128080,0
127956,0
97505,1
85797,1
58529,0
132385,0
14046,0
15548,0
42387,0
28317,0
48186,1
41895,0
10076,0
42970,0
137617,0
30144,0
125780,1
4233,1
106942,0
65367,1
60395,0
86468,0
15054,0
137634,0
55799,0
78210,0
13903,0
18622,1
102511,0
1497,0
94370,1
37848,0
104631,1
27135,1
119466,1
27524,0
101340,0
7131,1
36747,1
31627,0
124188,0
52710,0
72049,0
18451,0
31044,0
114137,0
126845,0
103303,0
114885,0
83432,0
11668,1
39570,0
122080,0
75092,0
47823,0
86228,0
129417,0
105311,0
19551,0
62974,0
74339,1
98603,0
93172,1
91016,0
90090,0
38999,1
10777,0
48819,0
79046,0
64456,1
37180,0
34362,0
86197,0
27115,0
81161,0
10301,1
58402,0
125634,0
48363,0
119938,0
125686,1
80264,0
3608,0
2598,0
126093,0
9954,0
89455,0
81926,0
102841,0
119914,0
65675,0
118150,1
71887,1
45917,1
65178,0
37568,0
112723,0
644,0
25007,1
191,0
89260,1
47695,0
112619,0
134946,0
82215,0
97378,0
7661,0
131584,0
45297,0
14257,0
3084,0
64596,0
89328,0
127404,1
63537,0
108657,1
84330,0
75638,0
45160,0
40418,0
15214,0
52725,0
113730,0
34994,0
79199,0
78704,0
104297,0
122277,0
30932,0
71144,1
37131,0
49513,0
64295,1
98170,0
77685,0
73570,0
115908,1
34671,1
13191,1
88635,0
42677,1
109903,0
85271,0
83092,0
89156,0
59307,0
103475,1
67752,1
134099,0
130643,0
86996,0
75047,0
140147,1
9984,0
32801,0
123904,0
72738,1
106839,0
69917,0
52463,0
32176,1
26389,0
5515,0
108672,0
10801,0
41120,0
134995,0
61533,0
35635,0
44516,0
129338,1
45080,0
16484,0
133329,0
110564,0
75386,0
35109,0
88177,0
301,0
110922,0
51301,0
113355,0
87089,0
103081,1
44776,1
18890,0
131925,0
37093,0
106535,0
136083,0
19535,0
75228,1
135055,0
136531,0
56238,0
101213,1
5801,0
107607,0
59718,1
27640,0
18285,1
105446,0
50068,0
17143,0
10054,0
17078,0
73261,0
95924,1
13821,1
8419,0
139732,0
115068,0
17548,0
120555,0
8888,0
13784,0
63358,1
11390,0
7062,0
110017,0
2698,0
128541,0
16741,0
38507,0
51403,0
128232,0
71540,0
127184,0
72522,0
131562,1
86973,0
409,0
37294,0
110781,0
61701,0
87234,0
98430,1
119418,0
78962,0
2960,0
47220,0
84615,0
65736,0
91022,1
133425,1
83635,0
104617,0
65075,0
40981,0
18497,0
5594,0
36022,0
112353,0
107585,0
31383,1
133584,0
120547,0
39792,0
92852,0
98745,0
19423,0
82183,0
16961,0
109582,0
104414,0
53594,0
70343,0
5290,0
5550,0
101341,0
110091,0
124462,0
110030,0
114179,0
109639,1
70286,0
38196,0
67323,0
31102,0
139843,0
20087,1
17971,0
124691,0
65475,0
33852,1
81094,0
137145,0
30707,0
136707,0
52842,0
135014,0
94702,0
54952,0
104186,0
6231,0
129528,0
10836,0
13546,0
428,1
78988,0
125283,0
62261,0
26001,1
71790,0
44925,1
66777,0
59743,1
46856,0
56638,1
63863,0
112727,0
12218,0
22092,0
126646,0
53050,0
18517,0
64317,0
946,0
132998,0
129254,1
105177,0
140022,0
65776,0
121440,0
137224,0
73710,1
116017,0
7339,0
119243,0
93151,0
95124,0
11581,0
105035,0
81760,0
120671,0
22893,0
38323,0
10464,1
4278,0
16702,0
92355,0
87486,0
129353,1
62683,0
138848,1
80274,0
92232,1
115987,0
49224,0
104705,0
55441,1
130046,0
91280,0
39098,0
94328,0
27775,1
55737,0
128747,0
73346,0
1266,0
87334,0
33192,0
49683,0
25255,0
13017,0
70120,0
52170,0
32469,0
43201,0
18211,0
62781,1
134574,0
85884,0
116375,0
106283,0
25585,0
14451,1
30106,0
17748,0
107444,0
112111,0
52104,0
49038,0
135409,0
100250,0
11302,0
47517,0
106264,0
136461,0
122751,1
74758,0
91397,0
66471,0
133023,0
9991,0
137222,0
8832,0
50676,0
36474,0
24405,1
67695,0
55377,1
23823,0
89909,0
82727,0
105104,1
9435,0
89865,0
79559,0
19686,0
59052,0
112379,0
108741,1
76108,0
111582,0
107313,1
78608,0
121013,1
39530,0
51712,1
10995,0
63309,1
137842,0
14054,0
121548,0
94478,0
68943,0
77873,0
136967,0
5700,0
107043,0
99790,0
57521,0
119514,0
111142,0
117731,1
72686,0
10102,0
52138,1
72970,0
46576,1
126820,1
87106,1
113026,0
110285,0
75414,0
82042,0
122934,0
110447,1
95232,1
113458,0
28799,0
72668,0
27964,0
75902,0
77465,1
39168,0
38811,1
40717,0
83504,0
479,0
74772,0
24610,0
56298,1
52306,0
72982,0
42013,1
128606,0
43813,1
17459,0
116791,0
41163,0
95477,0
83506,0
78957,0
96522,0
48779,1
118920,0
40256,0
31573,0
137708,0
85412,0
133991,1
7076,1
62691,0
135316,0
58711,0
62110,1
93523,0
100431,0
41542,1
110420,0
121678,1
126123,0
140661,0
101707,1
132015,0
107502,0
40539,0
81477,0
81530,0
138278,1
75259,0
138449,0
77326,0
66717,0
101075,0
103885,0
19779,0
78809,0
50795,0
74487,1
30812,1
31061,0
88026,0
125786,0
20510,0
11043,0
109147,0
128771,0
135950,0
129661,0
70160,0
19688,0
118767,0
129749,0
49890,0
61762,0
67737,0
91513,0
79716,0
34860,0
84553,0
61544,0
52553,0
21510,0
22216,0
2385,0
50796,0
46604,0
89199,0
67741,0
22943,1
39886,0
78173,0
87355,0
51111,0
135570,0
106832,0
54430,0
29130,0
7680,0
107499,0
120746,0
29620,0
128028,0
11593,0
102158,0
114243,0
99360,0
137778,0
115221,0
39821,1
137512,0
56268,0
53805,0
103298,0
80250,0
64094,0
50773,0
3461,0
87242,1
80679,0
21779,0
31097,0
12233,0
122970,0
138806,0
5281,0
48998,0
73165,0
9550,1
72339,1
4282,0
93149,0
61594,0
48707,0
58858,1
35551,0
46161,1
112681,0
28211,0
78924,0
28347,0
53684,0
29036,0
85857,0
50117,1
125019,0
87623,0
3636,0
79222,0
65206,0
97636,0
85034,0
104253,1
123700,0
34825,0
88528,0
30150,0
72334,0
108470,1
89027,0
102637,0
109192,0
34563,0
7397,0
46329,1
28297,0
91541,0
90840,0
20278,0
24834,0
47419,1
74282,0
92934,0
55217,0
70576,0
48632,1
48984,0
112762,0
122453,0
105333,0
8062,0
115980,0
64020,0
115880,1
70432,0
133939,0
7571,0
134955,0
25763,0
89950,0
65466,0
87918,0
12690,0
86959,0
29399,0
54467,0
116716,0
124625,0
75697,1
62098,1
44521,0
20440,0
25477,1
9642,0
66302,0
134549,0
124545,0
140536,0
37923,0
59920,0
117408,0
86035,0
63707,1
5166,0
101254,0
12352,0
99184,1
56602,0
88876,0
28957,0
117422,0
120243,0
134488,0
33576,0
132401,0
78598,0
134531,0
65081,0
134770,0
38519,0
135789,1
37011,0
40469,0
19155,0
38920,0
82361,0
105594,1
63434,0
96592,0
65946,0
123888,0
133229,0
119239,0
84970,0
135071,0
65506,1
75537,0
67106,1
58840,0
101305,1
50823,0
7752,1
136908,0
5125,0
125962,1
93395,0
121110,1
111045,1
61894,0
5867,0
125749,0
124017,1
93864,0
59256,0
13569,1
58472,0
134969,0
79352,0
75194,0
84123,1
127030,0
18926,0
128563,1
124444,0
23182,0
30440,0
138360,1
46513,0
19674,0
131104,1
51150,0
76241,0
53348,0
18943,0
110681,0
116878,0
127632,0
98221,0
31673,0
38563,1
46560,0
13362,0
123537,0
125992,0
140215,0
125965,1
109756,0
115337,0
29853,0
79896,1
48072,0
119351,0
137990,0
67654,0
95282,1
34748,0
130125,0
9863,0
108426,0
61824,0
99096,0
82889,0
136959,0
132264,0
11391,0
58145,0
79457,0
50627,0
116733,0
72605,1
129545,0
7177,0
68589,1
125896,0
35413,0
108539,0
58279,0
89218,0
108816,0
71249,1
4834,0
13675,0
32957,0
135365,0
139540,0
122387,0
36301,0
53248,0
24570,0
32179,0
29410,1
3770,0
53178,0
65340,0
43365,1
53257,0
31220,0
77708,0
80508,0
35233,0
118673,1
73903,0
28410,1
109052,0
97879,0
122874,0
25705,0
88682,0
53100,0
118044,1
120737,0
125470,0
68878,0
69852,1
108804,0
105967,0
30753,0
125039,0
4134,0
57899,1
38679,1
118098,0
18515,0
82624,0
51472,0
3986,0
42706,1
138488,0
51036,0
31279,0
98266,0
14596,0
62233,0
101668,1
60298,0
38066,0
89983,0
30639,0
13552,0
118076,1
79531,0
98256,0
58767,0
124048,0
133283,0
90562,0
26145,0
17993,0
127776,0
121887,0
93497,1
96698,0
4954,0
27490,1
130567,0
123563,0
70400,0
19877,1
37526,0
42549,0
114681,0
9384,0
50918,0
41634,1
108566,0
99251,0
26166,0
63624,1
54916,0
45364,0
18549,1
49641,0
44005,0
135689,0
118919,0
28965,0
67239,0
41429,0
3407,0
97274,0
92501,0
119867,0
56376,1
374,0
138209,0
117516,0
134049,0
114701,0
125177,0
41580,0
115821,1
120575,0
77670,1
103028,0
100965,1
77306,0
35545,0
65214,0
36066,0
35454,0
3165,0
63598,0
6927,0
108259,1
38406,0
61690,1
72050,1
20904,0
11889,0
41242,0
19966,0
27594,0
14271,0
103690,0
61479,0
41941,0
98566,1
43851,0
17683,0
125798,0
55712,1
64854,0
207,0
16323,1
73979,0
20387,0
60616,1
85187,0
96157,0
135068,0
59339,0
53224,0
36670,0
44637,0
35189,1
119318,0
87823,0
107261,0
102210,1
89949,0
22081,0
15889,0
42165,0
53179,1
50465,0
102524,0
85143,0
88955,0
97413,1
11176,1
22129,0
121717,0
83933,1
4465,0
128532,0
129689,0
56819,0
97075,1
116998,0
128773,0
85249,0
6459,0
74786,0
79557,1
104280,1
48484,1
84497,0
117434,0
130053,0
116948,0
16685,0
6521,0
57276,0
58136,0
77952,0
24727,0
69386,0
36892,0
13273,1
27020,1
104834,1
106487,0
27249,1
123957,0
70484,0
19456,0
16264,0
86726,0
98445,1
120525,0
127954,0
52238,0
80018,0
87762,1
32322,1
65555,0
45660,0
17448,0
20609,0
81513,0
87268,1
33260,1
129943,0
16677,1
108339,0
4828,0
32527,0
5865,0
4942,0
129676,0
31201,0
122977,1
67924,0
130297,0
80143,0
51902,0
115661,0
121871,0
78306,0
37084,0
84795,0
13236,0
95194,0
95984,0
120133,0
5038,1
53974,0
64363,0
21135,0
24085,0
58364,0
135701,0
42810,0
99711,0
52598,0
42195,0
92059,0
137593,1
126674,1
125359,1
80631,0
14751,0
124236,0
50973,0
56940,1
68176,0
109962,0
83659,1
101531,1
85838,0
104738,0
21572,1
76761,0
26980,0
18970,0
60749,1
4147,0
34330,0
51742,0
120603,0
67949,0
122619,0
26419,1
52859,0
34643,0
17310,0
124374,0
76107,0
28501,1
25898,0
112869,0
134248,0
38739,0
24162,0
137437,1
12409,0
106611,1
140050,0
100341,0
119169,0
23791,1
122713,0
19171,0
66795,0
54922,0
91363,1
129067,0
109707,0
822,0
101535,0
55266,1
21749,0
102045,0
36402,0
90482,0
48913,0
13148,0
47519,0
41686,1
5280,0
111183,0
32641,0
7617,0
56863,0
109943,0
45461,0
81203,0
136388,0
47161,0
47783,0
138934,1
69757,0
84821,0
29106,0
112120,0
43475,1
133725,0
93543,1
51245,1
60502,1
125882,1
138835,0
133749,0
43644,0
121099,0
58494,0
125317,0
122981,1
135590,1
75387,0
93522,1
126038,0
54760,0
72759,0
68543,0
25418,0
23704,0
55356,0
71073,0
64755,0
65845,0
84507,0
28510,1
98944,1
57513,0
134654,0
117251,1
112206,0
136991,1
119300,1
89246,0
111737,1
89344,0
36200,0
71248,0
26126,0
139431,0
36800,0
36434,0
105495,0
60168,0
20811,0
21998,0
13140,0
31774,1
104934,1
1259,0
27036,0
70375,0
134575,0
65838,0
71047,0
50481,1
96845,0
38778,0
100223,0
114598,0
59628,0
5689,0
121595,0
96628,0
17322,0
105182,0
68395,0
79631,0
52004,1
105125,0
128639,0
4065,0
32741,0
132785,1
32654,1
114072,0
96398,0
14933,0
17289,0
83817,1
113765,1
139788,0
26129,1
95697,0
119636,1
130844,0
126701,1
11144,0
48022,0
118205,0
65509,0
45814,0
77842,0
131648,0
92328,0
68974,1
88618,0
10914,0
119476,0
133573,0
57221,0
133835,0
74090,0
26433,1
65307,0
69215,1
3782,0
135735,1
22131,1
118588,0
38959,0
92234,0
54382,0
124278,0
91954,0
7751,0
31065,0
132120,0
69843,0
7422,0
2229,0
104311,0
31178,0
4832,0
56100,0
29585,1
91080,0
33522,0
121841,0
9679,0
55515,0
97624,1
88111,0
45584,1
114652,0
66355,0
81830,0
96382,1
32313,0
57320,0
25790,0
113930,0
3362,0
5384,0
2992,0
122358,1
124238,0
52403,0
102403,0
125657,0
77922,0
54542,0
6386,0
122771,0
39882,0
97517,0
130151,1
89512,0
73565,0
104554,0
86036,0
119297,0
122270,0
89915,1
92297,0
18893,1
2748,0
37019,0
56375,0
59344,1
42676,0
8947,0
129725,0
31781,0
120392,0
131625,0
95303,0
125288,0
64537,1
114614,0
125361,0
119410,1
55814,1
13290,0
36671,0
25479,0
23723,0
115490,0
90699,0
92319,0
47480,1
48941,1
64324,1
73412,0
3875,0
105451,0
7089,0
128191,0
30041,0
93144,1
92325,0
30967,0
34391,0
133010,0
37386,0
139279,0
87681,0
35672,0
21806,0
6004,1
117007,0
125952,0
124488,0
82914,0
48530,0
53948,0
42111,0
127705,0
90929,0
104296,0
58825,0
71938,1
15049,0
31830,0
136501,0
89262,0
74909,0
113039,0
117740,0
78547,0
44593,0
117105,0
82667,0
106720,0
23710,0
116482,0
23685,0
15842,1
94787,0
136428,0
1505,0
125170,0
109578,1
113235,0
23287,0
10546,1
83377,0
36054,1
126047,1
108032,0
10106,0
133128,0
74384,0
88577,1
58572,0
111817,0
58243,1
29145,0
70755,0
84627,0
51726,0
103158,0
19959,0
44340,1
36550,0
67733,1
6472,0
69978,1
115005,0
9404,0
5218,0
38857,0
107666,0
95872,0
19769,0
139836,0
38037,0
7795,0
69513,0
76407,0
37713,1
138445,0
35168,0
5889,0
91147,0
118516,0
42569,0
75784,0
132818,1
7668,0
127853,0
136779,0
68945,0
125294,0
28396,0
125226,0
16527,1
1230,0
61844,0
129644,0
30554,0
71318,0
101659,0
1400,0
36443,0
44642,0
123343,1
96404,0
32453,0
70738,0
41238,1
127802,0
104604,0
116666,0
54621,0
92723,0
54182,1
87523,0
92535,0
114411,0
50690,0
4906,0
23035,0
69772,0
60393,0
50507,0
105226,0
68927,0
118653,1
86425,1
45761,0
64558,1
1066,0
46191,0
55148,0
50788,0
91887,0
89536,0
56797,0
113242,1
75683,0
105119,0
63702,0
36816,1
93267,0
78330,0
76271,0
6383,0
26004,1
58998,0
72081,0
55300,0
105875,0
14012,1
121466,0
107854,0
738,0
131313,0
36752,1
55719,1
21667,1
40096,0
93598,0
59084,0
86971,0
129852,0
120480,0
54250,0
19133,0
29759,0
40999,0
30408,1
54393,0
32435,0
9121,0
61646,1
110436,0
112442,1
85204,0
16213,0
125357,1
36203,0
110296,0
125682,0
128715,0
67556,0
76120,1
81041,0
65292,0
103130,0
100850,1
93830,0
5182,0
90895,0
61284,1
119817,0
30214,0
17216,0
39093,0
72293,1
102913,0
1094,1
15143,0
24512,0
55997,0
78074,0
79507,0
34821,0
62819,0
65789,0
13429,0
67726,0
86048,0
14739,0
609,1
94604,1
52712,1
34726,0
90461,0
23003,0
133091,1
23156,0
120394,0
21344,1
46232,0
16150,0
118929,0
64922,0
56273,0
137524,0
103856,1
34261,0
15916,0
82246,1
104765,0
94443,0
110585,0
52198,0
33391,0
2958,0
87849,1
47773,0
140586,0
116439,0
117351,0
45421,0
80499,1
66136,0
87792,1
28036,0
76346,0
93023,1
14813,0
53380,0
8591,0
1879,0
13232,0
118479,0
80779,0
41692,0
96418,0
80610,1
91656,0
18225,0
74741,0
119669,0
59609,0
4469,0
115504,1
11263,0
42558,0
49519,0
45926,0
26878,0
128391,0
108296,0
83883,1
11180,0
102893,0
4182,0
111739,0
43393,0
100862,0
77592,0
14919,1
56442,0
96057,0
91107,0
32157,0
23266,1
86190,0
35693,0
126680,0
52888,0
129484,1
134863,0
8480,0
64618,0
27503,0
12757,0
74130,1
137334,0
107504,0
135444,1
77871,0
46277,0
18263,0
122200,0
60421,0
120958,0
127431,0
93019,0
117691,0
48313,0
139530,0
75863,0
39846,0
62955,0
118,0
108957,1
10898,1
105327,0
121070,1
113656,0
130449,0
44942,1
54520,0
41140,0
117260,0
30477,0
54879,0
59620,0
115276,0
84742,0
125086,0
55073,0
11426,0
78516,0
50215,0
20395,1
48606,1
26666,0
23045,0
124827,1
131889,0
35304,0
125792,0
47272,1
108364,0
8155,0
139735,0
7412,0
103099,0
9261,0
83834,0
18507,1
115563,0
7307,1
85930,0
132983,0
91261,0
136052,0
82266,0
110122,0
18327,0
49073,0
32091,0
90102,0
139659,0
115688,1
72337,0
12358,0
49401,0
36585,1
61607,0
122732,0
137337,1
103659,0
63136,0
97914,0
111450,0
6512,0
6062,0
81001,0
99451,0
18160,0
103263,0
124479,0
129172,0
72012,0
119654,0
131660,1
47619,0
102060,1
90839,0
131198,0
113302,0
116383,1
71269,0
100351,0
10644,0
115917,1
73326,0
37467,0
54995,0
134203,0
123243,0
72387,1
89809,0
51201,0
57410,0
74960,0
109366,0
45758,1
92493,0
72623,1
79079,0
30984,0
18213,0
102882,0
38191,0
110505,0
112557,0
61064,0
17007,0
20238,1
49618,0
33054,0
27202,0
20634,0
132004,1
101374,0
68522,0
28888,1
74421,0
128652,0
31970,0
119795,1
80644,0
43151,1
31922,0
14384,1
72858,1
13235,1
16190,0
78262,0
61800,0
136243,0
83334,1
106585,0
133980,0
25953,1
91503,0
81832,0
16672,0
1286,1
47031,1
12611,0
26523,0
99765,1
137076,0
129664,0
22907,0
121799,0
24100,0
129537,0
14,0
50889,0
33608,1
137464,0
108049,1
14151,0
89800,0
117443,1
40895,0
136376,1
48394,0
51104,0
17966,0
133721,1
59161,1
75637,0
96773,0
118493,0
17624,0
111815,0
85097,0
53538,0
130424,0
77426,0
53664,0
135815,1
139224,1
107298,0
69134,0
87820,0
117688,0
52324,0
47617,0
48078,0
64560,0
44860,0
112062,1
66566,1
37453,1
26632,1
74682,0
110073,1
126255,0
44917,1
107437,0
136713,0
57183,1
93668,0
117,0
19806,0
55513,0
118646,0
107491,0
20105,0
20710,0
56076,1
136968,0
82950,0
86298,0
6879,0
551,0
27393,0
52633,0
34835,0
63966,0
115706,1
96985,0
115587,0
125630,0
93441,0
43970,0
30184,0
13135,0
46864,0
82227,0
26107,1
24212,0
133414,0
45198,0
6641,1
29555,1
19216,0
19398,0
134587,0
136362,0
92266,0
109454,1
38128,0
29896,0
6117,0
955,1
76411,0
137964,0
87933,0
41072,0
31088,1
93646,0
97925,0
46990,1
79725,0
70645,1
94004,1
109826,0
134341,0
107971,0
105893,1
132556,0
105000,0
74230,0
60022,0
127233,0
98225,0
39518,0
95536,0
58202,0
2584,0
105023,0
132244,1
139651,0
53790,0
40115,1
108502,1
127157,0
4752,0
15255,0
128493,0
45989,1
628,1
27862,0
54963,1
52433,0
99696,0
93933,0
102596,0
65580,0
53675,0
55198,0
123102,0
80657,0
115267,0
74456,0
62401,0
106922,0
13701,1
33116,0
130955,0
75244,1
138229,0
121847,1
25323,1
14373,0
127753,0
40993,0
10987,0
129267,0
129395,0
64958,0
14733,0
74532,0
105087,0
102080,0
94377,0
59297,0
14182,0
14853,0
108014,1
16567,0
124120,0
17772,0
77259,1
133828,0
128624,0
138636,1
28366,1
122620,0
17819,0
15457,1
133034,0
129215,0
63647,1
18816,0
43093,0
47585,0
27272,1
136215,0
47581,0
128140,0
117364,0
131031,0
34768,0
6435,0
29671,0
52469,0
95408,0
126909,0
64781,0
74116,0
3970,0
92377,0
117342,0
74437,1
81184,0
117881,0
98675,1
125378,0
80648,0
27111,0
140088,0
115023,0
31365,0
95076,0
48948,0
110531,0
12609,0
109823,0
119873,1
105523,0
91288,0
35493,0
64200,0
80714,0
66637,0
56610,0
57260,0
111071,0
59966,0
80263,1
46893,0
37170,0
24101,0
127341,0
121773,1
70880,0
17626,0
28103,0
11782,1
135240,1
77631,0
61376,1
26205,0
97129,1
78203,0
128466,0
24981,0
140324,0
124418,0
99555,0
45119,1
29159,0
52028,0
81920,0
115040,0
12009,0
39025,0
90507,0
98501,0
9844,1
69375,0
126130,1
105862,0
75626,0
37710,0
74289,0
45572,0
116425,0
121906,1
88165,0
51889,0
87990,0
65040,0
70331,0
127465,0
95513,0
113331,0
48884,0
7276,0
111343,0
130031,1
73898,0
49495,0
45708,0
28248,1
68484,0
56091,0
133768,1
34969,1
20323,0
36411,0
100309,1
115895,1
91246,0
47319,1
118540,0
60308,1
54980,0
18522,0
94850,0
607,0
68778,0
10866,0
92991,0
123325,0
103957,0
40816,0
73405,0
54991,0
37276,0
130560,0
81819,0
62928,0
50868,0
40354,0
5707,0
107762,0
14326,1
113210,0
64315,0
71104,0
107945,0
106061,0
135978,0
95901,0
119391,0
126892,0
116828,1
11924,0
19892,1
41236,0
2457,0
129498,0
137159,0
41177,0
66184,0
63819,1
77648,0
101845,0
106047,0
52656,1
120391,0
101692,0
19329,0
47472,1
1696,0
111311,0
96948,0
109261,1
82662,0
14093,0
18120,0
118203,0
43041,0
40832,0
102501,0
71817,0
54116,0
112858,0
74656,0
113196,0
61645,1
45671,0
73371,0
109897,0
93781,0
101729,0
99620,0
140473,0
94675,0
59088,0
66961,0
65922,1
96440,0
102636,0
126722,0
137248,1
66846,0
33647,0
12622,0
67738,0
37794,0
70750,1
58929,0
68424,0
77048,0
75080,0
9556,0
100553,0
63895,0
89206,0
9010,1
29571,1
71915,0
31267,0
124186,0
102292,1
96907,0
82933,0
50891,1
47882,1
135927,0
1084,0
42591,0
62635,0
63387,0
121902,0
127464,0
124548,0
135294,0
98284,0
53285,0
21624,1
90119,1
6728,0
75133,1
65698,0
30185,0
33227,0
76888,0
69982,0
98035,0
139486,1
10973,0
459,0
59809,0
130035,0
18013,0
102335,0
44968,0
134423,0
15990,0
7966,0
10902,0
120946,0
120680,0
37496,0
38673,0
96515,0
128744,0
52430,0
101264,0
26679,0
119232,1
30843,0
80532,0
37646,0
105039,0
19000,0
115618,0
10783,0
73842,0
57775,0
76142,0
113504,1
53998,0
61221,0
12171,0
14517,1
125716,1
60868,0
128546,0
33954,0
111650,0
62486,0
115101,0
112691,0
36457,0
101324,1
84196,0
40163,0
41578,0
74126,0
114063,0
23559,1
17285,0
45392,0
21013,0
89955,0
63823,0
116457,0
123414,0
9028,0
66315,0
91749,0
66489,0
52155,0
99672,0
30972,1
70868,0
12839,0
69219,0
15155,0
108473,0
122415,0
134283,0
30529,0
38868,0
88145,0
28427,1
120684,0
68716,1
83943,0
54436,0
127799,0
94458,0
34373,0
27077,0
94203,0
124270,0
72438,0
41282,0
79499,0
101981,0
14811,0
31599,0
50052,0
16476,1
46021,0
24075,0
6984,0
120454,0
7531,0
58933,0
116202,0
69482,1
111185,0
51367,0
124881,0
43490,0
23591,0
37106,0
19112,0
17305,0
131152,1
11098,0
1618,1
62622,1
69353,0
13315,1
48233,0
78350,0
98188,0
96750,0
84473,0
57869,0
117875,0
98085,0
106616,0
82785,0
129944,0
136825,0
54366,0
113520,1
1227,0
60423,0
7090,0
77543,0
43686,1
50805,0
22905,1
89602,0
37029,1
115401,0
123167,1
9260,0
50613,0
62509,1
69202,0
59183,0
48614,1
40886,0
61291,0
38682,0
87531,0
8479,0
86694,0
60415,1
91444,0
114741,0
115896,0
12185,0
2226,1
77872,0
23438,0
24704,0
47371,1
129562,0
9683,1
73784,0
17138,1
1671,0
124590,0
28786,0
82402,0
132902,0
31234,0
58107,0
33472,0
23197,1
46719,0
26395,0
58695,0
32249,0
28989,0
72894,0
106760,0
49415,0
66762,0
57742,1
77183,0
51210,0
101098,0
116904,0
48366,0
31079,0
92871,1
125180,0
63480,0
42660,0
30580,0
34823,0
47117,0
52652,0
75803,0
131103,1
62228,0
137420,1
90631,0
104053,0
38514,0
71172,0
122411,0
4304,1
113562,1
137397,0
88086,0
89281,0
60950,0
25129,0
70902,0
12160,1
45496,0
78574,0
6399,0
118521,0
38622,0
134158,0
58370,1
52164,0
91638,0
124858,1
24667,0
18826,0
79666,0
87993,1
133295,1
39374,0
59492,0
117613,0
29065,0
53145,0
7815,0
133375,1
62485,0
134151,0
15016,0
83267,0
74548,0
28335,1
31197,0
129110,0
130966,0
107158,0
14957,0
50526,1
113619,0
54200,0
36278,0
57762,0
63805,0
130866,1
7681,0
119682,0
31444,0
115822,1
63944,1
107201,0
73153,0
58799,0
87973,0
69926,1
54665,0
108337,0
52221,0
48429,0
120390,1
109281,0
75616,0
32553,0
78450,0
81120,0
51655,0
88842,0
92545,1
126465,0
1746,0
125935,0
23584,0
87578,0
56043,1
62032,1
45820,0
7848,0
47315,0
6407,0
103648,0
11548,0
33424,0
134517,1
116670,1
28567,0
61950,0
5815,0
34053,1
25448,0
39394,0
86754,0
85048,0
57115,0
21961,1
127831,1
69802,1
123952,0
65917,1
59946,1
123909,0
75335,0
68107,0
68212,0
121536,0
89489,1
16287,0
32190,0
70595,0
84737,0
21592,0
90687,0
4856,0
39734,0
51075,0
94990,0
59163,0
50681,0
1559,0
54146,0
29171,1
68292,0
132160,0
117635,0
46975,1
54878,0
119074,0
36160,0
93451,0
24964,0
7904,0
121107,1
76541,1
107402,0
75291,0
71657,0
114875,0
20519,0
117394,0
45326,0
1636,1
18008,0
20023,1
138297,0
13247,0
47413,0
117306,0
85686,1
86502,0
105074,1
85672,1
88390,0
93048,1
137946,1
97571,0
18185,0
110765,0
102960,0
54769,0
15884,0
114371,0
72119,1
84232,0
138928,0
129208,0
94059,0
57364,1
105457,0
115789,0
83120,0
32701,1
100605,0
118700,0
46630,0
59017,1
54008,0
30358,0
22134,0
117936,0
88653,0
21921,1
36235,0
68277,0
71598,0
44333,0
10109,0
26881,0
38996,0
140455,0
21747,0
43859,0
34857,0
56681,0
119822,0
140559,0
127064,1
59106,0
13401,1
81047,0
8893,0
36352,0
55044,0
87509,0
133350,0
14520,0
107684,0
125244,0
63191,0
79606,0
118798,0
76587,0
113079,0
118161,0
120162,0
61825,0
81898,0
14238,0
77407,0
21420,0
290,0
24071,0
31107,1
113131,1
108715,0
74594,0
56670,0
42562,1
1755,0
9128,0
100399,0
51408,1
102668,1
91366,0
94776,0
140583,0
18096,1
52555,0
135551,0
44410,0
28791,0
16003,0
30755,0
102381,0
99269,1
70878,0
73924,1
70744,0
27039,0
111250,0
114637,0
70253,0
19562,0
37317,0
100722,0
56471,0
62795,0
132199,1
27373,0
82610,0
86066,0
43532,0
72498,0
75671,0
43399,0
62818,0
50761,0
126289,0
84402,0
81560,0
134261,1
93093,1
100265,0
9745,1
30156,0
131792,0
33100,0
108882,0
115842,1
138368,0
44097,0
127277,0
75627,1
107046,0
95088,0
110883,0
122403,1
133455,0
139901,0
127915,1
4781,0
86808,1
48066,0
123297,0
114738,0
113482,1
89588,0
67408,1
63789,0
55451,1
76928,1
54677,0
63921,0
99148,0
68842,0
84811,0
88077,0
48059,0
17733,0
38031,0
47891,0
128141,1
72306,0
206,0
103673,1
69971,0
42778,0
34728,0
118470,0
17435,0
43228,1
100482,1
131074,1
24302,0
139719,0
130373,1
63711,0
58816,0
79318,0
44797,0
27641,1
60875,1
117178,1
45874,0
118373,0
116612,0
35542,0
79634,1
120832,0
105360,0
29134,0
117551,0
17789,0
119230,0
96649,0
73780,0
128646,1
90751,1
15308,0
52021,0
73714,0
16641,0
90753,0
37097,0
69108,1
46968,0
20257,0
43381,0
115805,1
4349,1
26847,0
111268,0
68037,1
95069,0
56074,1
1533,0
104300,0
41005,0
90544,0
89858,0
131936,0
31581,0
31268,0
16571,1
32836,0
97160,0
18659,0
43004,0
115260,0
3490,1
69105,0
72827,0
61214,0
40301,0
105671,0
5493,0
48607,0
76351,0
118697,0
41588,1
95128,0
99005,1
70857,1
1519,0
98816,0
135540,1
42902,0
39549,1
134047,0
43290,0
66578,0
95490,0
36544,0
85086,0
2201,0
47672,0
4700,1
133703,0
102206,0
21318,0
130606,0
83712,0
25320,0
44076,1
99802,0
10019,0
56910,0
94717,0
100380,0
48330,0
5305,1
38575,0
139349,0
78449,0
118524,1
86362,0
27872,1
63990,0
21804,0
4925,0
89929,0
125315,0
79501,0
129006,0
87879,0
175,0
48759,0
30398,0
42197,0
18247,0
81410,1
88621,0
78380,0
20397,1
66680,0
97250,0
49811,0
109977,0
122922,0
109478,1
26356,0
55518,0
110772,0
68148,1
45175,0
12458,0
95045,0
132375,1
70108,0
63083,0
87570,0
49829,0
49188,0
65667,0
81400,0
97420,0
14527,0
72349,0
60769,0
64328,0
90418,0
7260,0
39714,0
127984,1
85900,1
4292,0
4252,0
120780,1
45112,0
133679,1
113915,0
107847,0
112188,0
30164,0
135796,0
128479,0
101505,1
21575,1
70313,0
108305,0
7524,1
22504,0
3821,0
49814,0
139023,0
24879,0
22868,0
54643,0
27461,0
38832,1
7150,0
4077,1
55647,0
84618,0
29225,1
133321,0
38417,0
116249,0
21322,0
107696,1
105822,0
55475,0
95281,0
103712,0
63901,0
27396,0
111742,0
108730,0
114834,0
2741,1
64924,0
114198,0
109189,1
119889,0
27622,0
130629,0
14119,1
36995,0
75395,1
23655,0
32139,0
73124,0
139804,1
81310,0
48739,0
94494,1
52595,0
92114,0
86830,0
130240,1
107642,1
104947,0
79256,0
63954,0
135011,0
24758,0
81099,1
15265,0
52444,0
136932,0
109298,0
118128,0
29227,0
76654,1
45583,0
129069,0
13739,1
64401,1
53595,0
10239,0
52922,0
72548,0
38658,1
61387,0
42484,0
9854,1
31743,0
98803,0
122310,1
103826,0
109198,0
114976,0
13643,0
81114,1
132605,0
17578,0
81117,0
120549,0
70031,0
128095,0
128394,0
139082,0
80385,1
58817,0
98032,1
29168,0
44258,1
16093,0
8308,0
36677,0
109880,0
90253,1
39388,0
124842,0
106576,0
33495,1
90528,0
56492,0
131691,0
93325,0
80552,1
66043,0
103501,1
64785,0
14227,1
108523,0
131813,1
88297,0
77865,1
25005,0
83742,0
118550,0
89995,0
82799,0
15594,0
39236,0
20154,0
66851,0
58048,1
100577,0
106334,1
34809,0
56165,0
3321,0
128338,0
11790,0
18760,1
70032,0
107645,0
68663,0
66725,0
123420,0
104909,0
102130,0
124001,1
94379,0
91616,0
66272,0
139920,0
77270,0
112646,0
53785,0
101586,0
121828,0
100535,0
33045,0
109714,0
100501,0
124575,0
126154,0
53452,0
70709,1
22121,0
74591,0
130806,0
50355,1
58614,0
91889,0
43220,0
109874,0
122561,0
89300,0
41166,0
82949,0
64480,0
92698,0
101141,0
126994,0
51844,0
72961,0
34282,0
22138,0
118290,0
25842,0
46360,0
80958,0
125014,0
74305,0
65474,0
50804,0
8145,0
133586,1
11720,0
73935,0
41250,0
41228,0
26193,0
140005,1
50499,1
66026,0
58824,0
117042,0
63492,0
11737,0
117148,0
75524,0
106393,0
74343,0
82964,1
8385,0
116757,0
49231,1
140271,0
91709,0
67951,1
59030,0
57117,0
5674,1
114934,0
45857,0
85532,0
129828,0
56313,1
16884,0
16520,0
23567,0
39181,0
22788,1
19709,0
81063,0
100271,0
38957,1
67365,0
41891,0
138810,0
15072,0
46573,0
28907,0
25382,1
71820,0
112666,1
12117,1
3174,0
23386,1
14718,0
123327,0
84333,1
133785,0
56962,0
23101,0
136493,0
114463,0
47593,0
83544,0
132189,0
71281,0
121043,0
34988,0
126204,0
15517,0
101558,0
21265,0
5664,0
133347,0
23089,0
47982,0
97573,0
140070,0
83128,0
66476,0
110667,0
12131,0
76222,1
60394,1
64517,0
2439,1
24034,0
100013,1
50670,0
69107,1
23301,1
121179,0
6374,0
114524,0
25566,0
83165,0
118863,0
4128,0
60557,0
9031,0
62889,0
29873,0
109609,0
91827,0
58038,0
1005,0
75665,0
83754,0
97699,0
81575,0
53789,0
2223,0
24056,0
26584,1
64470,0
123624,0
8838,0
73831,0
100507,0
96040,0
120491,0
101419,1
131010,0
58166,0
133456,0
110485,1
42483,0
50284,1
129161,0
19595,0
133378,1
115014,1
101758,0
43097,0
102208,1
74243,0
67548,0
104761,0
17346,0
61079,0
136299,0
102727,0
69449,0
44060,0
732,0
128000,0
59525,0
112888,0
85806,0
93027,0
57099,0
38974,0
8881,1
130224,0
13960,0
84595,0
127712,1
57523,0
90732,0
37399,0
12974,0
104476,0
116088,1
31480,0
57975,0
138945,0
5363,0
83288,1
92180,0
20331,1
37458,0
25903,0
19513,0
25146,0
63851,0
98867,0
26941,0
135345,0
72368,1
53909,0
47360,0
64312,0
135320,1
77253,0
122248,0
105056,1
9395,0
82642,0
105034,0
22894,0
22614,0
6192,0
53231,0
17101,0
61436,1
65061,0
139093,0
36247,0
83539,0
43649,0
5455,0
60930,0
39740,0
130382,1
11016,0
22100,0
1504,0
33146,0
35429,0
81014,1
105660,1
89861,0
107105,1
115385,0
138926,0
94152,0
19526,1
103103,0
114563,0
70365,0
101822,1
8094,0
13042,0
97278,0
19307,0
26386,1
64161,0
136495,1
28474,0
6092,0
88149,0
131966,0
129792,0
68769,0
9029,1
39928,0
120777,0
42168,1
138617,0
72964,0
52523,0
116355,1
135593,0
110037,1
130687,0
69598,0
16267,0
104591,1
79997,0
18704,0
136317,0
43574,0
98735,0
29075,0
95919,0
140086,0
52614,0
101928,1
21723,1
61780,0
118245,1
75998,0
125151,1
8150,1
3912,0
116789,1
114979,0
75383,0
17378,0
127800,0
37476,0
81822,0
87553,0
47253,0
107134,0
74108,0
74342,0
6290,1
34161,0
19239,0
75988,0
124402,0
104256,0
92262,0
87991,1
130580,0
14788,1
41111,0
69161,0
51335,0
45565,0
73522,1
101471,0
22740,1
46005,0
35396,0
20814,0
118925,0
123346,0
61943,0
131004,1
30624,0
33138,0
99503,0
36392,0
124965,0
129324,0
22573,1
98547,1
55866,0
137891,1
19182,0
37365,0
88564,1
43071,0
40780,1
43181,1
101840,0
101513,1
116357,0
103972,1
94757,0
44534,0
121382,1
20923,1
108227,0
122341,0
79586,0
20288,1
12334,1
4814,0
67156,0
20703,0
15971,0
97305,0
79526,0
116818,0
102355,0
65252,1
93055,0
21393,0
87415,0
73834,0
104165,0
79306,0
7652,0
4315,0
121295,0
73739,0
112943,1
138858,1
69686,0
37587,0
33160,0
70955,0
135902,1
66487,0
133508,0
126508,0
105461,0
116446,0
23576,0
119971,0
9040,0
123659,0
8138,0
116115,1
131924,0
35475,0
111999,0
11735,0
11362,1
140231,0
38572,0
43517,0
140575,0
16825,0
3038,1
55082,0
115131,0
123096,0
96787,1
20420,0
17037,0
97244,0
5741,0
75334,0
14375,0
74413,0
46839,1
33399,0
133125,0
97232,0
69321,0
68749,0
10830,1
139375,0
54882,0
1550,0
103930,0
47254,0
46000,0
109592,0
34814,0
69924,0
80293,1
32301,0
67780,1
64403,0
41745,0
117370,0
70034,0
138321,0
34802,0
2192,0
40672,1
53559,1
97138,0
29618,0
133737,0
67103,1
42188,0
94902,1
135858,1
17104,0
102356,0
68235,0
125654,0
119070,0
226,0
30193,0
4958,0
126715,0
135889,1
70288,0
85303,0
109930,0
2931,0
36292,0
73882,0
117167,1
116607,0
66084,0
117899,0
39597,0
23788,1
120941,0
136882,0
17040,0
84426,0
62284,0
17327,0
31990,0
135714,0
71704,0
84904,0
64636,0
75749,0
52077,0
33406,1
130317,0
68994,0
58441,0
86376,1
65497,0
37115,0
103534,0
1416,0
48838,0
110063,0
131910,0
136377,0
26644,0
37914,0
109447,0
23199,0
47676,0
128968,0
42024,0
72313,0
63362,0
84056,0
89050,0
82848,0
67361,0
60866,0
58626,0
116289,0
9885,0
123918,0
61234,0
16160,0
50557,0
119045,0
73746,0
108521,0
109071,1
11624,0
30848,0
138448,1
134324,0
84843,0
27174,0
33301,1
1141,0
93304,0
101125,0
78778,0
114698,0
114562,0
59124,0
131051,0
60197,0
102761,0
69624,0
110721,1
48699,0
71136,0
100960,0
112577,0
86494,0
35596,0
51410,0
11537,1
111436,0
2981,1
45942,0
69548,0
73555,1
97111,0
12341,0
97880,0
131583,0
128426,1
127503,0
109184,0
87000,0
24323,0
28131,0
55651,0
101610,0
45827,1
63699,0
35253,1
96511,0
42389,0
57647,1
85486,0
50448,0
65538,0
96561,0
517,0
115339,0
5312,0
48141,0
51279,0
37133,0
55326,0
29974,0
127139,0
132403,0
27382,1
8611,0
39563,0
45793,1
11425,0
133239,0
57828,0
74366,0
40234,0
2057,0
61499,0
33660,0
41243,0
43865,1
28252,0
37188,1
110116,0
128032,0
63344,0
27424,0
75660,0
118422,0
138409,0
70980,1
86616,0
285,1
37150,0
29371,0
57944,0
34418,0
55241,0
30827,0
41907,1
21462,0
25586,1
60278,0
2481,1
51302,0
51131,0
44654,0
91325,0
43499,0
42078,0
48255,0
8725,0
119833,0
62176,0
107398,0
112677,1
104469,0
74799,0
60833,1
102530,0
128016,0
9887,1
115419,0
108279,0
49332,0
79926,0
114773,0
114352,1
57014,0
53541,1
130423,0
54958,0
120956,0
107459,0
52852,0
86119,0
103619,0
5442,0
102642,0
127283,0
137342,0
3733,0
29508,0
24474,0
128825,0
76838,0
34866,0
2027,0
137566,0
123792,0
136835,0
106903,1
123079,0
66073,0
103169,0
95492,0
105268,0
101682,0
105060,1
96916,0
99921,1
110090,0
64751,1
128277,1
92666,0
120312,0
36698,0
79269,0
9183,0
8618,0
100252,0
78638,0
5519,1
75990,0
4202,1
104290,0
6513,0
9304,0
117698,1
88601,0
137635,0
75554,0
3185,1
82210,0
15786,0
63894,0
64106,0
86231,0
70533,0
48008,1
54748,0
82232,0
137121,0
109769,0
14629,0
33020,0
134742,0
71080,0
110821,1
58632,1
115070,0
106046,1
69668,0
99286,0
95,0
42247,0
66142,1
81925,0
41367,0
96471,0
84792,0
82664,1
85363,0
7371,1
133865,0
76441,0
5143,0
18165,0
67832,1
58344,0
27902,0
131505,0
107206,1
114307,0
62681,0
93525,0
126092,0
72882,0
60009,0
4105,0
118834,0
13116,1
8690,0
87597,0
109161,0
48674,1
102290,0
38478,0
72470,0
125808,0
1106,0
7749,1
109055,0
6230,0
6040,0
106394,0
75422,0
53038,1
39289,0
139465,0
15165,0
50607,0
23049,0
84925,0
111103,0
102369,0
61260,1
81565,0
16434,1
99119,0
108030,0
15485,0
108381,0
37164,0
87958,1
131907,0
21274,0
36523,1
117972,0
41246,1
80549,0
119050,0
111764,1
47897,0
32943,1
7312,0
46512,0
71094,0
130050,1
11372,0
105073,0
78244,0
36997,0
2574,0
47780,0
86009,0
80506,0
13588,0
84177,0
134353,0
128961,0
90707,0
36984,0
92222,0
139070,1
121986,0
83685,1
132130,0
133729,1
97343,0
99761,0
13768,1
77469,0
63261,1
81992,0
51208,0
127715,0
10080,0
138628,0
106568,0
126124,0
11910,0
63050,0
59209,1
139044,0
105809,1
130809,1
131286,1
61263,0
72221,1
33972,0
56597,0
110598,0
130164,1
26835,0
94583,0
10121,0
33407,0
69251,0
103242,0
122055,0
122651,0
13208,0
61784,0
64655,0
124153,0
126428,1
127247,0
113202,1
133699,0
92499,0
35308,0
77714,0
65638,0
8895,0
21990,0
120836,0
25413,0
66980,0
14187,0
40507,1
133258,0
113780,1
120817,1
102621,0
111402,0
110552,0
7646,0
95668,0
109834,1
104810,0
47172,1
11616,0
95018,0
129186,0
132766,0
128605,0
1667,0
131998,0
29158,0
109086,0
5102,0
66333,1
113085,0
17168,0
58605,0
66370,1
49118,0
46485,0
29229,0
129742,0
39303,0
46966,0
133323,0
58181,0
16601,0
75940,0
65781,1
131231,0
41261,0
2909,0
44398,0
61691,0
34166,0
80805,0
115947,0
90031,1
123826,0
6146,0
21295,0
6587,0
114166,0
127302,0
106189,0
122121,0
51125,0
87447,1
85195,1
118828,0
54199,0
140052,0
32245,0
1722,0
54254,0
90073,0
13453,1
45961,0
72531,1
117312,1
13405,0
113886,0
26725,0
130846,0
115803,0
49186,0
131913,0
64766,0
69829,0
46636,0
19463,0
5933,1
131788,0
60533,0
78883,1
71019,0
24495,1
15443,0
27809,0
105737,0
82849,0
87731,0
98780,0
52548,0
53653,0
76028,0
84465,0
114677,0
6711,0
58307,0
7691,0
54786,1
81451,1
17414,0
82271,0
109952,0
107384,0
26049,0
107434,1
1713,0
72259,1
63806,0
12573,0
122786,0
962,0
104802,0
20003,0
20428,1
132642,0
19387,0
88312,0
118474,0
96572,0
95783,0
46743,1
126121,0
75209,0
30036,1
36253,0
83668,0
131164,0
117380,0
82165,0
78552,0
132136,0
123549,0
58823,0
63722,0
86274,0
74906,1
5553,0
90888,1
94070,0
92704,0
113525,0
43669,0
74475,0
52093,0
133191,1
76029,0
62846,0
117153,1
43165,1
51414,0
94895,1
56053,1
116471,0
45259,1
128397,0
70786,0
23764,0
45599,1
82805,0
111573,1
91115,0
4940,0
58109,0
65294,0
134318,0
55571,0
91631,0
98701,1
115985,0
117276,0
133412,1
137150,0
54435,1
77013,1
39491,0
22926,0
84759,0
39256,0
130517,1
124316,0
79197,0
44252,1
23837,0
132173,0
54344,0
95619,0
20035,0
124070,0
15694,0
83236,1
51068,1
91567,0
29629,0
32070,0
139513,0
38188,1
92755,0
133708,0
24129,0
92893,0
96673,0
125444,0
106686,0
23404,0
8548,0
130092,0
136933,0
125097,0
89694,0
47654,0
67787,0
107078,0
140209,0
2368,0
25449,0
124510,1
58034,0
73192,0
131588,0
2678,0
2517,0
65408,0
48634,1
56340,1
70023,0
95324,0
11961,0
111423,0
122335,0
36524,0
58956,0
54853,0
80748,0
53637,1
92402,0
102391,0
93782,0
25599,0
73191,1
81595,1
33807,0
112892,0
41629,0
26141,0
34561,0
36206,0
128017,0
114810,0
37200,0
100758,0
8031,0
111863,0
20815,1
54796,1
73999,1
105953,0
40129,0
55143,0
2391,0
97233,0
71040,1
50004,0
124682,0
69017,1
122231,0
41024,0
37820,1
43237,1
121764,0
113627,1
111232,0
105971,0
9189,1
106305,0
25577,0
99746,0
69423,0
42148,0
40252,0
69114,1
69869,0
6108,1
95329,0
37239,0
86469,0
131160,0
70114,0
122584,1
4324,0
130894,0
134223,0
47856,1
7080,0
38724,0
111141,0
32287,1
104636,0
128712,0
136620,1
61027,0
136660,0
26353,0
15082,0
112249,0
93239,0
56141,0
112663,0
3561,0
113459,0
107884,0
2704,1
140572,0
24500,0
31683,0
47223,0
133354,1
92614,0
117116,1
23029,0
11779,0
130800,1
27956,0
104416,0
131161,0
72096,0
55993,0
88962,0
54269,0
102595,1
109647,0
7182,0
97177,0
87945,0
75798,0
120657,0
35476,0
47235,0
84501,0
132382,0
84115,0
17033,0
16379,0
103415,0
35612,1
137928,1
60718,0
138618,1
112336,0
106048,0
114715,1
72556,0
16254,0
29695,0
19573,0
32242,0
35747,0
48836,1
59445,0
130874,0
51079,0
72276,0
113652,1
101572,0
58197,1
30130,0
83878,0
84829,0
46044,0
46124,0
10524,0
35951,0
115349,0
14940,0
33021,0
100248,0
140087,1
128109,0
136850,0
100470,1
3496,1
78944,0
133491,1
36223,1
25665,0
124222,0
49650,0
97830,0
52186,0
133187,0
98240,0
75919,1
2837,0
64779,0
115280,0
66365,1
120332,0
96892,0
102745,0
100186,1
19995,0
98845,0
80928,0
48751,1
22516,0
46389,1
127026,0
80427,0
16802,1
49764,0
53910,0
78909,0
92684,0
4771,0
110930,0
8791,0
19798,0
102634,1
101209,0
49476,0
139455,0
96679,0
12626,0
70713,0
2291,0
595,1
25416,0
84090,1
73904,0
139939,0
47792,0
10955,0
77037,0
84038,0
74632,0
53147,0
39311,1
33834,1
56734,0
120206,0
1091,1
80425,0
3688,0
32029,0
37949,0
42764,0
27130,0
99035,1
105286,0
108908,0
104940,1
58362,0
66207,0
54497,1
61009,0
73718,1
86242,0
43455,0
116557,0
15041,0
39494,0
72611,0
110451,1
81829,0
3462,1
124456,0
91645,0
127218,0
32116,0
76152,0
41888,0
74946,1
17968,1
65477,0
106913,0
115934,1
77445,0
140501,0
6161,1
92718,0
38946,0
30792,0
92203,0
140431,1
129312,0
134817,0
58639,0
9081,0
20454,0
81639,0
21795,0
63859,0
50372,0
51106,0
70026,0
89592,1
117194,0
96292,0
28634,1
3023,1
138434,0
3593,0
99998,0
91939,0
96646,0
13498,1
26699,0
106586,0
17219,0
131554,0
29811,0
138550,0
103041,0
37597,0
93747,1
30375,0
55890,0
18002,0
112882,1
74264,0
116889,0
16097,1
69546,0
109745,0
10459,0
84658,0
130663,0
129141,0
85299,1
121069,0
95445,0
16803,0
101878,0
20941,0
124786,0
13245,0
20965,0
115412,1
133226,0
97321,0
22544,0
135579,0
100517,0
42428,0
130907,0
67992,0
131203,0
5544,0
115033,0
96685,1
110881,0
38965,0
91973,0
102412,0
79792,0
72370,0
111703,0
108226,0
61318,0
69584,0
20346,1
121560,0
138173,0
37281,0
52002,0
17190,0
29486,0
99333,0
111295,0
83402,1
39148,0
24494,0
134452,0
135488,0
13831,0
4056,0
55987,0
52538,0
47037,0
17621,0
125579,0
138602,0
53750,1
28310,0
65406,0
122193,0
42673,0
49876,0
123773,1
24677,0
2470,0
49762,0
13817,1
68841,0
51206,0
12059,0
34702,1
69132,0
75292,0
140539,0
55337,0
33646,0
13948,0
111689,0
23178,1
125567,0
111297,0
44992,0
76557,0
17440,0
75859,0
35534,1
85035,1
137686,0
139370,1
62569,0
80916,0
42940,0
56232,0
89122,0
124018,1
16894,0
18114,0
130956,0
111743,1
65535,1
48126,0
119710,1
119361,0
11226,1
77862,0
82293,0
61571,0
92185,0
13851,0
39358,0
74521,1
30018,0
122573,1
129753,0
57708,0
50909,1
36333,0
13992,0
107901,0
81504,0
109248,0
85139,1
84581,0
125839,0
73084,0
26829,0
78586,1
139280,0
56381,0
46497,0
73049,0
103280,0
126837,0
32694,0
116619,0
94444,0
125050,0
109646,0
27277,0
106654,0
138736,0
68835,0
55923,0
79982,0
14755,0
74611,0
95407,1
75612,0
66466,0
20999,0
119056,1
107288,1
137732,0
74860,0
42090,0
102534,1
40047,0
14835,0
101415,0
3737,1
6620,0
61773,1
134460,0
133237,0
129045,1
4424,1
10564,0
57312,0
71587,0
1534,0
34448,1
17679,0
117914,0
124307,0
58715,0
1710,0
36779,1
89821,1
65597,0
14017,0
40796,0
115426,0
89119,0
94312,0
53453,0
63501,0
85833,0
127351,0
85141,0
36888,0
43336,0
45037,0
68458,0
116018,0
31926,1
103614,0
96662,0
109242,0
85625,0
9786,0
21737,0
73473,0
5849,0
10296,1
75846,0
85484,0
73644,0
128783,0
48850,0
15830,0
109513,1
122853,1
137981,0
103878,0
39642,0
110293,0
9711,0
90709,0
59976,0
124602,0
7228,0
54247,0
23429,0
125032,0
14793,0
110269,0
73838,0
87470,0
17501,0
51031,0
34229,0
67015,0
94780,0
35067,0
18566,1
70882,0
136337,1
127702,0
47196,0
72585,1
107939,0
101553,1
134222,0
128997,0
122587,0
104188,0
9578,1
136922,0
102477,1
20829,0
100358,0
27579,0
26648,0
43911,0
104832,0
15883,0
131035,0
59239,0
137446,0
121121,0
72315,0
138601,0
40651,0
18268,0
88862,0
19510,0
109266,0
25018,0
105072,0
43337,0
31366,0
132528,0
87764,0
56280,0
51255,0
66035,0
40939,0
93455,0
118944,0
96243,0
28908,1
52661,0
131335,0
77040,0
81196,0
15930,0
96728,1
40889,0
129765,0
39843,0
124006,0
76311,0
122049,1
15490,0
116860,0
3697,0
33246,0
27707,0
72523,0
55367,0
12934,0
133566,1
40300,1
129350,0
35200,0
125603,1
15169,0
54866,0
61805,0
81396,0
74551,1
64319,0
10428,0
59505,0
23269,0
43094,0
110438,0
9168,0
75407,1
69907,0
12717,0
120244,0
124667,1
50792,0
8688,0
110834,0
134157,0
128671,0
16876,1
3045,0
69659,0
140072,0
23355,1
17299,0
114932,0
110951,1
118191,1
138152,0
123068,1
123522,0
72296,0
76981,0
70520,0
140351,0
58286,0
29666,1
84764,0
119887,0
33698,1
71595,0
28842,0
52407,0
102291,1
91241,0
10968,0
122135,0
1776,0
18965,1
52017,0
57350,0
12648,0
70781,0
720,0
107123,1
19764,0
125476,1
90485,0
38812,0
66513,0
126221,0
19326,0
87589,0
23946,0
62837,0
116356,0
114948,0
40703,1
72423,1
34248,0
89618,0
62767,1
135960,0
35973,0
105982,0
118277,0
77794,0
74760,0
43000,0
43072,0
79298,0
19195,0
65636,0
1213,0
12146,0
95129,0
138410,0
5377,0
81491,1
138314,0
20491,0
10554,0
67816,0
135479,0
29072,0
97887,0
122936,1
104149,0
8403,0
102353,1
85650,1
9660,0
19506,0
119935,0
84688,0
2091,0
16772,0
37321,0
127554,0
69335,0
84488,0
76917,0
83796,0
107613,0
122261,0
103260,0
3063,0
31239,0
89550,0
63867,0
52733,0
24870,0
111540,0
118487,1
124869,0
52925,0
45153,0
59516,0
13063,0
24675,0
131115,0
132397,0
51659,0
64233,0
83491,0
129795,0
35057,0
6392,0
65709,0
90764,0
102703,0
101841,0
133962,1
6183,0
108108,0
115127,0
100995,0
134445,0
25188,0
122637,0
53962,0
112022,1
66353,0
32044,1
71983,0
87097,0
52304,0
132740,1
117504,0
126164,1
119317,0
29795,1
105459,0
127588,0
77575,0
41871,0
45471,0
117428,0
50298,0
115417,0
52591,0
101414,0
58204,0
119879,0
15,1
98214,0
83035,0
128831,0
65457,0
15450,0
33,0
113533,0
27816,0
119302,0
22744,0
7402,0
98495,0
515,0
37963,0
108110,0
32186,0
136105,1
9843,0
26737,0
77784,0
131333,0
82554,1
12364,0
13278,0
139232,1
14458,0
86772,0
84267,0
81580,0
107704,0
127327,1
19047,0
39557,0
69613,0
8922,0
117291,0
31815,0
12922,0
22565,1
63055,0
43504,0
125557,1
96891,0
13393,1
95004,0
97200,0
14210,0
46496,1
67950,1
84583,1
11765,1
101391,0
19753,0
139276,0
38067,0
104979,0
99788,0
100295,1
49177,0
30305,0
30433,1
124994,0
121153,1
14444,0
76249,0
112090,0
43892,0
99641,0
74620,1
8027,0
38791,0
40062,0
135108,0
85116,0
102732,0
110221,0
83563,1
42361,0
129345,0
134510,0
86664,0
30991,0
82427,0
35743,0
97252,0
53736,1
118796,0
50012,0
91116,0
124104,1
86322,0
124717,0
52267,0
55033,1
89210,0
34981,0
30063,0
88083,0
126675,0
95368,0
82126,0
73458,0
7451,0
123284,0
92044,0
13881,0
54191,0
99651,0
81812,1
100346,0
56326,0
120007,0
101232,0
39379,0
23377,0
20968,0
88279,0
75109,0
86082,0
11521,0
106708,0
113359,0
73832,0
62972,0
58057,0
44623,0
26327,0
86201,0
74927,0
58960,0
119640,0
117309,0
62811,0
90781,0
100931,0
41224,0
111934,0
124831,0
69607,0
30830,0
33091,0
61258,0
112981,1
58670,0
139930,0
119908,0
122474,0
80147,1
66564,1
83339,0
121133,1
64735,0
105800,0
120675,0
99052,0
31416,0
46790,0
41314,0
42829,0
109545,0
139957,1
25117,0
53064,0
14531,0
64527,0
88009,0
134751,0
84451,0
112547,0
47289,0
73905,1
118656,0
44647,0
120050,0
110722,1
68075,1
111675,0
96207,0
4526,0
113860,0
50314,0
23494,0
25743,0
118512,0
47046,1
62672,0
138222,0
128075,0
106449,1
60783,0
46248,0
132542,0
134054,0
95597,0
31436,0
87019,0
71182,0
58011,1
67756,0
19071,1
63728,0
96796,0
56469,1
107458,0
17492,0
84006,1
103271,1
11063,0
47347,1
79675,1
54416,0
58721,0
107872,1
125756,0
3288,0
15508,1
87638,1
105582,0
108718,0
89582,0
71920,1
86827,0
35983,0
20459,0
2482,1
31328,0
135377,0
135923,0
133602,1
96558,0
130437,0
125364,0
41847,0
16565,0
44339,0
31516,0
105412,0
64507,1
12734,0
40247,1
106704,0
46083,0
3111,0
59434,0
97609,0
89647,0
24367,0
90665,0
104896,0
23927,1
2063,0
8238,0
50945,0
90126,1
10600,0
112280,0
93126,0
116116,0
111366,0
140006,0
25307,0
81178,0
92451,0
124734,0
74368,0
139262,0
132825,0
69621,0
63000,0
102191,1
70881,0
118215,1
85547,0
87865,0
41031,0
100839,0
19792,0
74461,1
53996,0
57240,0
131720,0
118139,0
87404,0
93767,0
72214,0
48788,0
24346,1
36575,0
3724,0
72821,0
62361,0
108283,0
25524,0
44834,0
123925,0
49437,0
43300,0
36850,1
47649,0
102340,0
104471,0
110423,0
18199,1
16720,0
34884,1
83526,0
35508,0
52088,1
108576,0
87919,0
10188,0
27917,0
86994,0
125812,0
71573,0
101913,0
116421,0
44770,0
128178,0
19644,0
42969,0
31647,0
1126,1
36173,0
59555,1
93977,0
40371,0
103440,1
48389,0
115907,1
67208,0
45875,0
119023,0
137633,0
3802,0
86480,0
3895,1
45430,0
107067,0
75672,0
121250,0
60037,0
86909,0
80788,0
127244,0
33452,0
27516,0
30565,1
46444,1
26823,1
18531,0
51162,0
79042,0
129239,0
116378,0
66237,0
99264,0
78266,0
72016,0
113908,0
979,0
82410,0
36648,0
115388,1
54560,0
11553,0
100046,0
42241,0
66585,0
130752,0
5007,0
62580,0
51495,0
8759,1
93343,1
97120,0
76637,0
86335,0
120293,1
12419,0
37174,0
36453,0
96116,0
79358,0
93196,1
21233,0
41885,0
88930,0
88234,0
121798,0
111839,1
61755,0
117196,1
46756,1
108674,1
80404,0
138477,1
13805,0
15071,0
114310,0
35403,0
56063,0
19406,0
113161,0
30725,0
89864,0
27430,1
139644,0
134076,0
108407,0
73716,0
84647,0
11369,1
55622,1
125416,0
43044,0
127496,1
19828,0
108059,1
21843,0
130176,0
78675,0
51942,0
118154,0
107934,1
40924,1
61903,1
55439,0
81044,0
135194,0
137940,0
269,0
121015,1
20997,0
114995,0
105434,0
18987,0
38538,1
94089,1
108645,0
134255,0
73788,0
92813,0
96909,0
103535,0
134245,0
61881,1
4920,0
63964,0
104967,0
126492,0
110042,0
9020,0
17944,0
98206,0
98338,0
23510,0
27884,0
53705,0
32022,0
83597,0
93125,0
72417,1
25384,1
40688,1
9137,0
95246,0
131422,0
45283,0
114716,0
72195,1
64659,0
68152,0
112854,0
30682,0
126088,0
118720,1
86604,0
31688,0
50267,0
108082,0
31228,0
107836,0
18670,0
85054,0
134280,1
11975,0
76401,1
46883,0
45291,0
122475,1
48295,0
138958,0
123255,0
54780,1
71196,0
65433,1
86687,1
95020,0
39823,0
63360,0
51063,1
52323,0
65445,0
117861,0
14730,0
116395,0
10273,0
50114,0
111508,1
120236,0
20061,0
98345,0
14053,0
104931,0
99069,0
131572,0
95458,0
73587,0
47426,0
28189,0
18753,0
47124,0
87569,0
125195,0
59122,0
132454,0
108228,0
2918,1
46819,1
80090,1
20533,0
88168,0
64257,0
108450,0
59867,1
47867,0
127570,0
37736,0
92808,0
63087,1
121354,1
111397,0
20083,0
121379,0
22974,1
18464,0
7780,0
75656,0
54804,0
122779,0
27349,0
127617,0
137539,0
131297,0
77693,1
99385,0
13425,0
106439,0
62755,0
99147,0
112800,0
86191,0
12150,0
40489,0
65186,0
133366,0
23623,0
132457,0
62374,0
18992,0
29530,0
66768,0
57044,0
103528,0
4871,1
63144,0
15482,1
77900,0
92840,1
83786,0
97862,0
133619,0
60990,0
8230,0
93363,1
117675,0
110633,0
16532,0
106731,0
93741,0
71499,1
36722,0
27235,0
17845,0
90033,0
97633,0
130440,0
9071,0
89731,0
84740,0
15449,0
113965,1
137794,0
50753,0
60055,0
106195,0
79322,0
13951,0
136778,0
117057,0
117278,0
108298,0
114230,0
88774,0
28210,0
95228,0
99426,0
89370,0
111126,1
7013,0
103356,1
116050,1
85106,0
33061,0
87421,0
39210,1
38033,0
86817,0
104425,0
100349,0
79148,0
40635,1
18642,0
58432,0
58865,0
10060,0
128312,0
10013,1
51434,0
5247,0
80782,1
5089,0
113910,0
47211,1
86794,0
16528,0
45537,0
45059,1
20746,0
58811,1
30614,0
94166,0
123028,0
48287,0
120674,1
121407,0
139875,0
69374,0
53451,0
83992,0
130411,0
132076,1
103973,1
70976,0
139141,0
6589,0
76109,1
45403,0
105499,0
34948,0
100835,0
74500,1
119912,0
76306,0
31456,0
131080,0
124579,0
26245,0
68912,0
28417,0
90359,0
61659,1
20938,0
38211,1
42604,0
105845,0
58417,0
34456,0
96012,0
22119,0
4644,0
136609,0
122427,1
64524,0
121257,0
128561,1
62891,1
87646,0
137202,0
114892,0
32484,0
129260,1
81621,0
133866,0
51899,0
138611,1
105554,0
57950,0
90297,0
21477,0
109735,0
94470,0
104191,0
64253,0
91091,0
139515,0
19334,1
46038,0
3037,1
109684,0
71649,1
127389,0
7158,0
22233,0
107593,0
47966,0
128734,0
15413,1
79288,0
96237,0
4192,0
64696,0
106261,1
4160,0
19829,0
137010,0
88222,0
67589,0
115254,0
81072,0
29910,0
3633,0
26266,0
113105,0
59,1
113457,0
79801,1
88520,0
92800,0
9830,0
38454,0
114742,0
57057,1
80937,0
132549,0
116771,0
113452,0
103200,0
34975,0
41374,0
138961,0
122484,0
22398,0
18843,0
62840,0
58289,0
101450,0
59320,0
76099,0
2614,0
67693,0
48600,0
19893,0
39106,0
69042,0
125976,0
71185,0
7715,0
57982,0
14796,0
120029,1
108431,0
46628,1
49013,0
136976,0
42096,0
89609,0
14291,0
129406,0
79019,1
112926,0
70621,0
44558,0
24497,0
95552,0
48319,0
27628,0
130508,1
45363,0
132957,0
116719,0
70093,0
88425,0
104983,0
122762,0
91743,0
79455,0
55548,0
127574,1
18762,0
30044,0
93418,1
122250,0
15257,0
31396,0
101136,1
1015,0
81025,0
41821,1
110035,0
100181,0
132470,0
132745,0
100852,0
47542,0
80341,1
3966,0
54040,0
92910,0
103634,0
106701,0
67182,0
80253,0
109036,0
122608,1
112322,1
63169,0
27412,1
130056,1
134988,0
34734,0
83608,0
111354,1
63768,0
137303,0
82004,0
100737,0
36106,0
38137,0
69274,0
58450,0
49549,0
39937,0
36691,1
99180,0
121132,0
98065,0
65132,0
104581,1
1657,1
75982,1
137349,0
135792,0
55029,1
36927,0
137212,0
22939,0
21812,0
112948,0
3630,1
77201,0
92082,0
76428,0
109101,0
43332,0
23777,0
131764,0
82669,0
80406,0
104483,0
51850,0
34439,0
102609,0
130187,0
42465,0
11851,0
107863,0
125338,0
57405,1
57149,0
128051,0
73505,0
69662,0
92627,0
124754,0
57990,0
75587,0
53718,0
126826,0
4159,0
36608,0
23810,0
60103,0
5367,0
90886,0
55798,0
51024,1
41300,0
97730,0
53193,0
11676,1
20468,0
78829,0
121859,0
112440,0
111179,0
27798,0
9366,0
16432,0
136240,0
7488,0
93860,0
97757,0
111274,0
76738,0
39653,0
129654,0
134087,0
106977,0
38945,0
81848,0
75029,1
115081,1
132655,1
62916,0
54577,0
42097,0
123979,0
139709,0
81356,1
93278,1
55414,0
66239,0
131206,1
20472,1
76683,0
41479,0
121030,1
116286,1
15272,0
29393,0
94178,0
54133,1
71613,0
102719,0
118911,1
43779,0
65690,0
45353,0
37000,0
126020,1
51513,0
98702,0
51229,0
53759,0
43076,0
29855,0
62906,0
117998,0
104999,0
116130,0
27931,0
69851,0
51964,1
101757,0
21967,0
79202,0
81965,0
16579,0
97409,0
61786,0
13002,1
55796,0
103161,0
47099,0
80538,0
5190,0
109388,1
89261,0
76610,0
113756,0
140494,0
130902,0
106778,0
13097,0
2210,0
18529,0
51089,0
130264,0
49642,1
134741,1
94131,0
101594,0
115824,0
117511,0
121468,0
103282,0
117845,0
116155,0
62277,0
130234,0
135440,0
110198,0
105393,1
39229,0
42008,0
92949,0
21542,0
130762,0
44184,0
120799,1
30604,1
94365,0
24923,0
47121,1
49140,1
101521,0
17392,0
71567,1
73828,0
120032,0
58801,0
38720,0
118812,0
107541,1
2691,0
45751,0
83210,0
71525,0
65705,0
6986,1
52487,0
94587,0
76263,0
101957,1
101819,1
49187,0
11206,0
29495,0
15080,0
35234,0
107639,1
126743,0
53030,1
81798,0
36564,0
95724,1
56185,0
140247,0
101402,0
82034,1
51299,0
121176,0
81722,0
115015,1
88898,0
50387,1
124987,0
89892,1
72088,0
26688,0
2705,0
26587,1
90734,0
125070,0
40504,0
27221,0
44246,1
113069,0
112601,0
136253,0
39401,1
46210,0
43723,0
117942,0
36693,1
37398,0
13396,1
95729,0
123574,0
32114,0
132202,0
81910,0
140585,0
1880,0
121422,0
66450,0
45497,0
138202,0
89304,0
104293,0
38443,0
131675,0
114805,0
4607,1
131100,0
118960,1
65117,0
115667,0
130751,0
65421,1
17983,0
58067,1
117459,0
113975,0
127370,0
92036,0
85159,1
76064,0
51863,0
79784,0
31816,0
58776,0
42011,0
70475,1
36095,0
97331,0
66397,0
100364,0
52344,0
44224,0
35489,0
132268,0
115572,0
83800,1
116770,0
73972,0
98115,0
74725,0
121990,0
50508,0
17347,0
24258,0
21445,0
118322,0
42909,0
51032,0
79976,0
76431,0
30773,0
5962,0
136982,0
27759,0
19739,0
121205,0
105040,0
38923,0
113430,0
21560,0
82858,0
102687,1
1328,1
71098,1
91320,1
16913,0
74372,0
132576,0
18270,0
118185,0
63143,0
19667,0
109437,0
50450,0
5948,1
133520,1
68947,0
2896,0
130777,0
48387,0
115524,0
135004,0
57906,0
43846,1
104577,0
39149,0
20883,0
95891,0
12147,0
37285,0
6042,0
50876,0
82740,0
16891,0
16378,0
66066,0
101540,0
4978,0
134493,0
110022,1
65766,0
131069,0
46178,0
119989,0
95518,0
103432,0
69604,0
93049,0
69745,0
40255,0
117903,0
38241,1
94247,0
105165,0
31749,0
105396,0
24831,0
67292,0
63067,1
33006,1
38634,0
136819,0
106783,0
42021,0
118598,0
106634,1
16872,1
104882,0
15107,1
129737,1
45629,0
63194,0
24026,0
21306,1
72577,0
8103,0
4041,1
104534,0
34822,0
116850,0
132446,1
57284,0
14929,0
2272,1
118107,0
14582,0
123006,0
55495,0
5027,0
85131,0
118829,1
130861,0
135942,0
123052,1
116743,0
73651,0
104018,0
117815,0
103779,0
68223,1
20641,0
95972,1
76544,0
108878,0
52751,0
29715,1
96031,1
15277,0
106492,1
95138,0
37402,0
127228,1
116029,1
55687,0
21443,0
114047,0
82151,1
92944,0
117694,0
112567,0
139833,0
87131,0
23055,0
66747,0
43853,1
32725,1
128229,0
80944,1
114035,0
33763,0
24322,1
17810,0
75685,1
86396,0
112069,0
107062,0
27355,0
45787,0
88249,0
69749,1
36920,0
79780,0
66385,0
130296,0
90617,0
70159,0
21016,0
59172,0
23333,0
126910,1
34961,0
59248,0
138046,0
73836,0
39742,0
74149,0
70848,0
32761,0
112456,0
40947,0
80441,0
78101,0
26203,0
28480,0
38118,1
136870,0
94945,0
39510,1
131255,0
5766,0
64024,0
7818,0
28661,1
107943,0
120733,0
136277,0
75173,1
7487,0
16591,0
18777,1
26163,0
21086,0
48154,0
133106,0
40975,0
70348,0
78182,0
50295,0
81268,1
1553,0
61915,0
91184,0
4878,0
129292,1
26726,0
29776,0
109303,0
66958,1
61220,0
26779,1
135143,0
87841,0
119125,0
63510,0
115249,1
51237,0
80081,0
38643,0
132017,0
54533,0
1415,0
23580,0
93665,0
67312,0
69727,0
123682,1
34605,0
54612,1
137965,0
49169,0
9736,0
31332,0
112125,0
20082,0
119225,0
96423,1
57865,0
32426,0
85491,1
79534,0
134911,0
120321,0
10848,0
61957,0
89018,0
101476,0
85701,1
14043,0
84380,0
117742,0
65734,1
1471,0
83047,1
3449,0
13630,1
125750,0
47079,0
25390,0
47463,0
67305,0
138154,0
96400,0
70042,0
90658,0
5325,0
114736,0
17996,0
132275,0
3196,1
118283,0
10522,1
73742,0
50479,1
48106,0
7856,0
76909,1
135022,1
81279,0
45699,0
128746,0
45670,1
27011,0
84826,0
2199,0
40697,0
21911,0
85036,0
41720,0
48336,0
26727,0
56937,0
131289,0
55568,0
35981,0
115501,0
5932,1
8542,1
78672,0
26766,0
19412,0
30363,0
112719,0
50236,0
5736,0
19813,0
130732,0
121838,1
115476,0
83477,0
105650,0
33478,0
98670,0
83738,0
100115,0
95958,1
5017,0
73053,0
9133,0
104666,0
57909,0
78212,0
49791,0
17587,0
116123,0
17699,1
30881,1
38208,1
79969,0
86341,1
42501,0
89615,0
35498,0
73406,0
52079,0
66803,0
5821,0
55411,1
39670,0
131817,0
95510,0
7269,0
131032,0
104058,0
34104,0
16811,0
76540,0
122338,0
106620,0
113060,0
112905,0
49297,0
126153,0
122191,0
40212,0
123387,0
130144,0
44348,0
34499,1
30417,0
106296,0
35562,0
42572,0
51854,0
108808,0
104047,1
122269,0
136987,0
76177,0
56697,1
2498,0
96797,0
125494,0
63918,1
16299,1
118453,0
91311,1
37359,0
100673,0
137020,0
82526,0
134546,0
46050,0
135090,0
22638,0
8551,1
90538,1
2051,0
102140,0
84447,0
100663,0
37936,0
67434,0
98427,0
60855,0
80851,0
59096,0
20605,1
74596,0
60743,0
84702,0
28627,0
68154,0
103698,0
58052,0
30844,0
102525,0
13053,0
19509,0
31337,0
65374,0
41334,0
72033,0
91886,0
94335,0
50433,0
67368,0
42272,0
75218,1
69711,0
136484,0
94213,0
21271,0
12214,0
86884,0
81364,0
19947,0
17167,1
130736,0
61452,0
124778,1
111897,0
85763,0
117908,1
21584,0
112714,1
28511,0
108597,0
53097,0
132932,0
107186,1
128766,0
50126,1
34522,0
50326,0
118523,0
116888,0
3187,1
57338,0
89885,0
4488,0
31311,0
64692,0
126348,0
24961,0
85436,0
71078,0
5743,0
45225,0
27038,0
49055,0
103572,0
25930,0
45724,0
32760,0
31624,0
105038,0
113022,1
110373,0
111719,0
74987,0
111303,1
117901,0
83587,0
131544,0
54657,0
35187,0
79150,0
49208,0
113759,0
71482,0
101693,1
112522,0
20121,0
16303,1
118255,1
139457,0
127437,0
66013,0
118023,0
59547,0
93498,0
115021,0
90744,0
41737,0
56925,0
37154,0
135651,0
15305,0
128564,0
76377,0
123577,0
4351,0
99429,0
138470,1
139,0
13284,0
136655,0
32347,0
72678,0
62395,0
74180,0
84234,0
29459,0
84642,0
56604,0
81265,0
110434,0
123126,1
76837,0
2067,0
100094,0
90456,0
85168,0
90156,0
139943,0
108138,0
37108,0
105665,0
69909,0
136944,0
124209,0
49949,0
90362,0
69633,1
72737,1
38215,0
57032,0
86083,0
83251,0
494,1
62821,0
81267,0
133903,0
59508,0
35664,1
123371,0
60192,0
8439,1
134527,1
3700,1
102042,0
81947,0
132603,0
103177,1
113484,0
132753,1
13399,1
78471,0
7183,0
41691,0
111586,0
129441,1
78977,0
25037,0
46063,0
102322,0
91712,0
6278,0
125066,0
84546,0
98007,0
99098,0
21928,0
85993,0
1739,0
99301,0
78227,0
22553,1
72972,1
10103,0
29181,0
137445,0
16969,0
17904,0
40638,1
65103,0
34120,0
29258,0
103707,0
50935,0
117281,0
103261,0
128656,0
70487,1
138584,0
76434,0
24360,0
93191,0
94287,0
106443,0
138696,0
64837,0
13136,0
130977,0
36879,0
102334,1
70724,0
14610,0
135690,0
106626,1
17011,0
124665,0
58273,1
115235,0
20687,1
124584,0
104687,0
113330,0
21895,0
21356,0
108161,0
50942,0
71713,0
115348,1
35899,1
126612,0
11928,0
31144,0
130173,0
100402,0
41484,0
28898,0
72864,0
29826,0
66351,0
122516,0
16944,1
8437,0
13049,0
48260,1
126585,0
58808,0
86812,0
8557,0
89057,0
18697,1
12673,0
39267,0
69201,0
137019,0
86679,0
126525,1
24552,1
81135,0
49197,0
37043,0
72595,0
37680,0
88122,0
39663,0
46216,0
106968,0
116852,0
85939,0
584,0
27785,0
83099,1
40891,0
94407,0
31148,0
138111,0
80266,0
57556,0
4480,1
82505,0
31762,0
42720,0
29358,0
105959,0
55915,0
131277,0
78888,0
116263,0
68983,0
92235,0
130268,0
45349,0
51642,1
115903,0
45764,0
89521,0
32137,0
49714,0
2047,0
69715,0
135958,0
69469,0
31111,0
73771,0
14212,0
24857,0
23960,0
21745,0
139554,0
74516,1
82456,0
2722,0
42498,0
14164,1
73720,0
77686,0
30593,0
112768,0
13816,0
69705,0
136032,0
7822,0
132073,0
118931,0
76484,0
132207,0
131656,0
117889,0
31619,0
83717,0
100596,0
115765,0
26479,0
27966,0
137586,0
59593,0
83052,0
121109,0
50714,0
117820,0
100618,1
24042,1
76757,1
66055,1
84825,0
38334,1
27536,0
22958,0
84939,0
35855,0
5214,0
73334,1
51117,0
8192,0
27026,0
1038,0
22471,0
3266,0
62104,0
43530,0
33840,1
76321,0
16536,0
51897,0
49646,0
83651,1
40546,0
9458,0
54120,0
34335,0
60635,1
64719,0
130479,0
32061,0
33055,0
120027,0
47942,0
62937,0
126708,0
5812,0
78438,0
137977,0
53934,0
131670,0
80107,0
11403,0
100740,1
22478,0
44557,0
87948,0
138092,0
130637,0
135391,0
113147,0
76875,1
48003,0
52045,0
15176,1
127414,0
55282,0
115027,1
8902,0
21437,0
103542,0
39932,0
65244,0
125966,1
82635,0
132034,0
138787,0
140263,0
11689,0
56014,0
36900,0
98463,1
118147,0
64842,1
110563,1
105812,0
76215,0
44025,0
843,0
14923,0
114779,0
27551,0
120592,0
74888,0
138012,1
64036,0
98770,0
74123,0
25612,0
87190,0
135936,0
41293,0
109339,0
7497,0
95260,0
30814,0
124618,0
23394,0
62122,1
78985,0
106908,0
1050,0
140100,0
72999,1
7615,0
130369,0
20236,0
29084,0
90936,0
49554,1
2680,0
91877,0
35506,0
78494,0
137006,0
35053,1
15670,0
48202,0
43874,1
66619,0
73443,0
112568,0
62354,0
27125,0
51450,0
6185,0
68335,0
15911,0
72390,0
28849,0
118937,0
124432,1
113583,0
133032,0
83948,0
99102,1
41412,0
114851,0
86143,0
115118,0
44734,1
13437,0
39594,1
90640,0
2188,0
137784,1
78106,0
53564,0
125877,0
91301,0
127270,1
28071,1
96013,0
124753,0
75985,0
100572,0
72662,0
31618,1
3549,0
64907,0
126810,0
32141,0
55611,0
104061,1
59477,0
31732,0
74306,0
106295,0
63312,0
41597,0
58315,0
97690,0
56103,0
108164,0
116895,0
88521,1
121850,0
89128,0
39073,0
73413,0
23840,0
72574,0
70219,0
78905,0
30983,0
120036,0
82364,0
132329,0
119319,0
81725,0
29335,0
35656,0
94865,0
112149,0
54641,0
69840,0
52673,1
112776,0
15763,0
97166,0
65391,0
32336,0
110574,0
37960,1
119675,0
97017,1
102008,1
16605,0
47361,0
54672,0
134042,0
1303,0
82620,0
121104,0
10411,1
137100,0
80453,0
30769,0
14692,0
86113,0
38117,0
41249,0
100354,0
80529,0
483,0
136293,0
72307,0
124431,0
113885,0
105667,1
60001,0
94003,0
78604,0
69933,1
40599,0
109350,0
30082,0
122634,0
82539,0
126513,0
5389,0
90659,0
9534,0
15934,0
90365,0
7969,0
103982,0
104289,0
139309,0
128517,0
131678,0
62679,0
121292,1
18140,0
56265,0
89869,0
70111,0
109208,0
52466,0
36362,1
34358,0
1068,1
93388,0
131158,0
108598,0
64189,1
47788,1
32799,0
64103,1
27666,0
24087,0
60504,0
23836,0
86979,0
112582,0
84350,0
127471,0
12451,0
24199,0
91930,1
19153,0
32515,1
77596,0
129148,0
140,0
24353,0
79218,0
9456,0
29337,0
60846,0
84401,0
115531,1
136637,0
5813,0
49556,0
81838,0
131267,0
23071,0
83390,0
68953,0
133119,0
5109,0
70889,0
6678,0
110836,0
47252,0
5249,0
54154,0
82671,1
111271,0
56187,0
8468,0
88494,0
70385,0
9478,0
58725,0
101879,0
80548,0
10368,0
102748,0
87676,0
109591,0
101872,1
124206,0
83510,0
10755,0
76545,0
132927,0
47375,0
33859,0
13309,0
69072,0
21796,0
63095,1
75202,0
98584,1
4524,0
5617,0
30223,0
49515,0
63296,0
18260,0
25639,0
52089,1
1597,0
37518,0
71959,1
81652,0
104498,0
117752,0
16256,0
44298,0
17208,0
11142,0
18350,0
107919,0
43493,0
109175,1
119026,0
92747,0
14752,0
90628,0
90897,0
73779,0
71191,1
61175,0
39922,0
43989,0
58068,0
95600,0
108273,0
56419,1
42688,0
138828,1
25647,0
136127,1
75260,0
18205,0
34060,0
92629,1
40833,0
73830,0
120876,0
20117,0
41790,0
4855,0
85003,0
18496,0
28947,0
76474,0
10711,0
71383,1
57660,0
118908,0
73147,0
14328,0
114346,0
135809,0
107548,0
120745,0
90351,0
121725,0
105724,1
111612,0
41290,0
129918,0
86358,1
107718,0
3316,0
135429,0
53228,0
48496,0
56132,0
70704,0
133286,0
76830,0
51040,0
103638,0
73335,0
68430,0
45386,1
47714,0
137917,0
58741,0
2613,0
123634,0
93627,0
12010,0
22465,0
14387,0
133497,1
21134,0
41198,0
76136,0
122069,0
51384,0
5358,0
60169,0
111762,0
76807,0
82097,0
70155,0
69176,0
128884,0
122344,0
94523,0
67893,0
86150,0
37996,1
56746,1
77147,0
42724,1
57753,0
11481,0
107410,0
126661,0
51394,0
14831,0
54762,0
41449,0
112168,0
58393,0
16188,0
105051,1
84396,0
40453,0
131521,0
103143,0
32314,0
85093,1
128724,0
93397,0
122722,1
26294,0
88705,0
43555,0
56402,0
9735,0
92268,0
62216,0
60318,0
43130,1
679,0
126545,0
46137,0
137188,0
24125,0
123885,0
7509,0
95707,0
127037,0
72227,0
131433,0
50962,0
24718,0
138381,0
19775,0
27445,0
79768,0
77085,0
66310,0
122926,0
24971,0
55509,0
131439,0
114558,1
85866,0
20013,0
108393,0
98031,1
16674,0
32529,0
130990,0
50845,0
20335,0
13910,0
40854,0
127766,0
137395,0
85428,0
22091,0
65519,0
139399,0
35920,1
86759,0
104786,0
131915,0
128707,0
63077,0
41590,1
88753,0
18166,0
108127,0
114782,0
131954,0
41990,1
32951,0
23754,0
67843,0
17474,1
50106,0
28667,0
18416,0
6347,0
19364,0
132939,0
136688,0
98628,0
106670,0
21954,0
83159,0
110202,0
60376,0
36,0
135459,0
47761,0
28435,1
30251,0
53232,1
89717,0
28059,0
83100,0
24888,1
73417,0
139860,0
57717,1
97777,0
16995,0
136340,0
129028,1
1,1
67775,1
124836,0
108012,0
137320,0
43581,1
112136,0
84624,0
115716,0
47380,0
55792,0
109857,0
91189,0
57360,1
42644,0
16445,0
51689,0
38076,1
18860,0
102859,1
35586,0
107332,1
107442,0
134244,0
15106,1
116746,0
13069,0
54860,1
119320,1
118355,0
6475,0
79169,0
71648,0
112867,1
66090,0
133247,0
4730,0
89506,0
138022,0
68053,1
11031,0
6582,0
49628,1
139313,0
125471,0
637,0
98616,0
101963,0
22543,0
134629,0
46836,0
1801,1
139472,0
53782,0
135952,0
56496,0
131977,1
50059,0
21694,1
27403,0
88760,1
11856,0
13006,0
94665,0
42409,0
12293,0
99577,0
2271,0
2155,1
33184,0
967,0
100325,0
66319,0
75700,0
136202,0
135229,0
126664,0
55462,0
55047,0
27857,0
96155,1
3382,0
77254,0
76453,0
127913,0
110040,0
29493,0
96817,1
100907,0
95089,1
47702,0
91740,1
62724,1
57920,0
73250,1
49290,0
42089,1
2465,0
77945,0
70277,0
42216,0
73922,0
51432,0
51491,1
75865,0
120215,0
33748,0
97902,0
84323,0
17100,0
24663,0
124502,0
130047,0
72094,1
53748,0
78596,0
124323,0
122927,0
63240,0
75580,0
32485,0
22881,0
56836,0
131921,0
52970,1
56882,0
45895,0
132683,0
20531,0
104291,0
54871,0
29051,1
8584,0
41124,0
102314,0
59601,0
115793,0
17727,0
3300,0
29636,0
95361,0
118957,0
22093,0
20344,1
34320,0
4025,0
65966,0
31985,0
74207,0
11019,0
112790,0
31746,0
115024,0
46134,1
51843,0
136847,0
79579,0
68918,1
81931,1
73523,0
86286,0
13427,0
133901,0
93450,0
129833,0
103408,0
136955,0
60620,0
127354,0
81029,0
107656,0
27568,0
63858,1
44449,0
1526,1
113505,0
67056,0
62136,1
10119,0
29339,0
119138,0
21675,0
52507,0
49002,1
79305,0
91258,1
72503,0
2393,0
8642,0
20237,0
139684,0
49489,0
71252,0
117670,1
82971,0
75317,0
25945,1
32716,0
44392,0
84587,0
57784,1
117181,0
19397,0
85327,0
48789,0
114573,0
48776,0
1149,0
2101,0
76063,0
16130,0
96084,1
70181,1
1634,0
120581,0
36471,0
53081,0
117779,0
89771,0
45339,1
70244,0
121100,0
24633,0
29809,0
140511,0
53693,0
101921,0
124080,0
27269,0
133867,0
68588,0
81384,0
134613,0
125100,0
107149,1
4627,0
17075,0
24547,0
125902,0
79786,0
112203,0
84192,1
33557,1
108930,0
81836,0
47720,0
64495,0
103096,0
19375,0
76695,0
104087,0
68029,0
7383,0
124581,0
4433,0
91251,0
94426,0
15849,0
37449,0
100459,0
138980,1
21470,0
18186,1
94053,0
130882,0
75936,0
98984,0
7152,0
86108,1
4008,1
58070,0
67868,1
49824,0
4499,1
97088,0
69983,1
13895,0
425,0
25799,0
106911,1
80064,0
8657,0
18935,1
90493,0
123134,0
69055,0
91924,0
122579,0
35338,0
27679,0
45535,0
50738,0
31989,0
19856,0
65368,1
35075,0
9575,0
93894,0
28850,0
116627,0
18170,0
34209,0
108604,0
34648,0
101378,0
60419,0
121017,0
125017,1
123423,0
28323,0
129245,1
71331,0
26441,0
74086,0
17194,0
16079,0
41008,0
93305,0
133920,1
3826,0
80482,0
32875,0
20203,0
127423,0
112140,0
105142,0
42725,0
111769,0
33968,0
87417,0
71859,0
62594,0
117113,0
37004,0
76722,0
87917,0
83655,0
110239,0
27292,0
67375,0
119670,0
91197,0
49663,0
140163,0
121026,0
103182,0
65152,1
106952,0
105668,1
111350,0
67621,0
90189,1
119436,0
69389,0
90532,0
81496,1
56175,0
127444,0
135933,0
130182,0
5148,0
25894,1
106534,0
38114,0
32001,0
103719,0
56351,0
47881,0
67567,0
109032,1
2177,0
61051,0
64428,0
118604,0
58849,0
76146,0
36166,0
130435,0
137870,0
99629,0
110720,0
79041,0
54027,0
107098,0
53201,0
101578,0
121728,0
53020,0
46955,0
8188,0
20230,0
72820,0
116031,0
128150,1
56584,0
95572,0
117378,0
108003,0
126802,0
51684,0
4133,0
123638,0
128121,0
81603,0
58302,0
89852,0
96755,1
38329,0
22800,0
134749,0
45576,0
24401,1
10938,1
111787,0
91952,0
129866,0
22993,0
136547,0
29217,0
135097,0
8666,0
13432,0
42975,0
36493,1
5704,0
18527,0
62065,0
64713,1
120732,0
96026,0
120446,0
61328,0
45157,0
41874,0
64151,0
22104,0
50538,0
6640,0
67846,0
81215,0
131490,1
58074,0
32702,0
135549,0
12094,0
15116,0
54411,1
4628,0
121146,0
39420,1
65619,0
122676,0
85193,0
64848,0
64880,0
131598,0
59560,0
23037,0
25350,1
138242,0
42220,0
84870,0
5520,0
68011,0
22251,0
67678,0
87512,0
103361,0
96500,0
25510,1
27776,0
38983,0
76424,1
31685,0
23938,0
100716,0
124559,0
8309,1
137944,1
119707,0
42825,0
131275,0
95455,0
26610,0
80732,0
21187,0
136114,0
63639,0
74989,0
139696,0
129816,0
34681,1
44007,0
102577,1
100356,0
70920,0
120708,1
3511,0
124277,0
27537,0
132118,1
111758,0
26979,0
135723,0
51772,0
87830,0
134839,0
108716,0
137389,0
51677,0
61560,1
25662,0
53596,1
86541,0
136862,0
136682,1
19964,0
25426,0
109467,0
11158,0
87290,0
79948,0
138243,1
45534,0
96179,0
123237,0
79319,0
34178,0
116353,0
15769,1
115293,0
16082,0
90277,0
32665,0
13632,0
96370,0
103287,0
9539,0
61268,1
127235,0
111344,0
31530,0
27859,0
24754,0
28764,0
29848,0
117624,0
66461,0
84356,1
69462,1
132894,0
42957,0
26452,0
145,1
84729,0
117403,0
128314,1
7996,1
36625,0
38172,0
138540,0
105378,0
45361,0
122576,1
91252,0
42419,0
17648,0
93671,1
139398,0
7326,0
43494,1
93714,0
121199,0
122920,0
82112,0
108654,0
100514,0
46595,0
129727,0
116186,0
74969,0
117649,0
82520,0
54529,1
9741,0
134411,1
122380,0
65355,0
98958,1
79764,0
78191,0
9101,0
27456,0
81285,0
15795,1
102155,0
44913,0
57431,0
8395,0
131392,0
64210,0
105799,0
81674,0
36260,0
48648,0
60614,0
97916,0
44896,1
15762,0
63045,0
44774,0
20903,1
18746,0
13452,1
58186,0
39769,0
104007,1
134433,1
18538,0
75275,0
78961,0
132717,0
51326,0
51038,0
123456,0
93993,0
32388,0
139915,0
117952,0
61568,0
136533,0
85564,0
85503,0
30111,0
118898,0
122217,0
94579,0
106424,1
24396,0
21058,0
21616,1
31308,0
49420,1
104981,0
16513,1
82706,0
59802,0
113292,0
122393,1
132958,1
40480,0
87008,0
66244,0
118514,0
125257,0
25727,0
57698,0
85563,0
18904,0
54647,0
35965,0
135156,0
15563,0
7277,1
95956,0
63854,0
129385,0
87672,0
13084,0
125932,0
126713,0
42947,0
58804,0
109137,0
84052,0
10388,0
88695,0
70366,0
122155,1
138438,0
34998,0
123501,1
25619,0
888,0
79544,0
9364,0
111504,0
114147,0
6204,0
27176,0
127725,0
45792,0
84505,0
135026,0
140565,0
10048,0
106018,1
7206,0
125867,0
66525,0
25674,0
67128,0
79500,0
84992,1
92084,0
67973,0
108290,0
39983,0
108786,0
8776,0
82617,0
132808,0
134852,0
67889,0
43563,0
51138,0
19066,0
59171,0
17110,0
100257,0
118569,0
87704,1
5373,0
109732,0
95616,0
132708,1
34708,0
72795,0
2317,0
139599,0
137044,0
37619,0
130847,0
23714,1
133685,1
94588,0
60410,0
58678,0
33154,0
34711,1
100848,0
1727,0
43672,0
4846,0
117874,0
138833,0
112173,1
24612,0
86199,0
22526,0
52510,0
26702,1
130421,0
29645,0
6276,0
34423,0
22507,0
28927,1
65581,0
24402,0
140332,0
61292,1
99111,0
105189,0
33545,0
102092,0
118631,0
15536,1
48719,0
132014,0
126471,0
772,0
36389,1
69768,1
43999,0
115174,0
127578,0
46046,0
55537,1
64844,0
67769,0
125650,0
122242,1
117274,0
27007,0
72551,1
89500,0
119627,0
8638,0
132857,0
120616,0
5258,0
97982,0
261,0
85407,1
46,0
77789,0
32320,0
107638,0
36911,0
86337,0
87498,0
27193,0
108963,0
123425,0
48261,0
15483,0
118274,0
3296,0
82910,1
119341,0
94799,0
110651,0
140522,1
89595,1
114201,0
129014,0
11794,0
60097,0
87708,0
22077,1
1290,0
15581,0
5183,0
26413,1
135713,0
47870,0
11541,0
44236,0
68226,0
32135,0
60460,0
124381,0
44375,0
73067,0
12344,0
7551,0
22010,0
127350,0
41920,0
82702,0
56803,0
84805,0
108220,0
38783,0
75248,1
39858,0
5395,0
132067,1
121518,0
79936,1
81147,0
42004,0
74919,0
70835,0
94417,0
64989,0
102742,0
7770,0
105811,0
69555,0
79000,0
111797,0
23443,0
73457,1
67317,1
78369,1
85805,0
105099,0
46501,0
10107,0
89202,0
83959,0
81996,0
9256,0
135997,0
32227,0
90898,1
99828,0
47332,0
48348,0
77478,1
12421,0
29420,0
43835,0
61286,0
89806,1
22224,0
61182,1
18126,0
26148,0
100469,1
71858,0
122859,0
68985,0
119683,0
124722,0
31150,0
130708,1
16723,0
60148,1
36488,1
105604,0
127399,0
16015,0
67628,0
55168,0
2165,0
96129,0
69272,0
109116,0
94322,0
17233,1
121284,0
137503,0
34180,0
79221,0
83927,0
2122,0
1745,0
10650,0
25563,0
22429,0
94176,0
83371,0
25125,0
39189,0
11392,1
59855,0
34277,0
5055,0
74014,0
73821,1
122098,0
40656,0
131067,0
131951,0
137161,0
92739,0
9917,1
91211,1
70261,0
1250,0
17911,0
52243,0
1650,0
99040,0
75123,0
100961,0
111272,1
124373,1
47115,1
86130,0
118392,0
85888,1
77589,0
43725,0
54390,0
98828,1
87185,0
56792,0
78204,0
59407,0
105608,0
51379,0
33267,0
98100,0
2178,0
73472,1
124483,1
107832,1
89977,0
87870,1
53649,0
87787,0
65562,0
15697,1
68172,0
134824,0
138400,1
55765,0
87937,1
35897,0
58673,1
31844,0
44892,1
117728,1
72603,0
132933,0
93319,0
83002,0
103664,0
74766,0
129305,0
123477,0
106657,0
677,0
64574,0
114753,0
45493,0
125158,0
100100,1
29541,0
78922,0
19343,0
98979,0
113983,0
103602,0
134194,0
91475,0
102970,0
81731,0
96587,0
50635,1
90302,0
15138,0
7964,0
99062,1
25216,0
68170,0
112482,0
4030,0
9080,0
92509,1
107143,0
139128,0
95022,1
110231,0
34464,0
117456,0
135669,0
43651,0
100458,0
76688,1
23106,0
85784,0
115723,0
62421,0
119658,1
64379,0
10646,0
123035,0
6696,0
54551,0
76053,0
71929,0
128470,0
63048,0
97060,0
54957,0
74476,0
50232,0
132188,0
91964,0
45293,0
15757,0
80470,0
58232,0
38821,1
34315,0
117562,0
43117,0
53042,0
91466,0
68802,0
49603,0
94255,0
30891,1
45571,0
28984,0
62435,0
3983,1
56886,0
44842,0
8387,0
111741,0
102959,0
32334,0
40954,1
127466,0
98365,0
27415,0
100579,0
34553,1
75694,0
117195,0
70756,0
107233,0
25736,0
137956,1
50276,0
131985,0
129264,1
96451,0
104185,0
67410,0
116734,0
2683,0
56314,0
23057,0
77332,1
28041,0
113020,0
43700,0
66152,1
118926,0
68560,0
131522,0
125752,0
34449,0
113315,0
47446,0
49979,0
122749,0
61235,0
94949,0
80381,0
82202,0
129506,1
63695,0
27385,0
110611,1
53308,0
8224,1
133535,0
74732,0
9866,0
109660,0
136462,0
82868,0
109163,0
115575,0
72032,0
70199,0
66787,0
128086,0
37620,0
39550,0
62266,0
87790,0
64218,1
71701,0
40514,0
117896,0
40736,0
7580,0
86885,0
111059,0
60965,0
90310,0
79923,0
4562,0
36947,1
4852,0
33007,1
84419,0
59136,0
42418,0
98850,0
54633,0
102644,0
60812,1
75326,0
115091,0
89564,0
128013,0
30050,0
28871,0
26664,1
99510,0
105161,1
43266,0
105497,0
102218,0
82659,0
108044,0
106463,0
38897,0
103722,0
43754,0
127489,1
53729,0
113851,1
108252,0
108489,0
76883,0
82495,1
31950,0
51776,0
34254,0
94553,0
53640,0
85660,1
78287,0
30390,0
91700,0
33662,0
7971,0
54574,0
102974,0
22871,0
59782,0
135161,0
2871,1
118791,0
71711,0
102197,1
75659,0
81311,0
63075,0
42708,0
108570,0
34226,0
122969,0
79723,1
96615,0
126416,0
53114,0
96979,0
2041,0
74446,0
18374,0
132251,1
13906,0
119979,0
135284,0
25668,0
82018,0
64043,0
3441,0
55551,1
24749,1
131501,0
123153,0
103592,0
132072,1
135034,0
105754,1
111574,0
86483,0
45655,0
41993,0
127272,0
110139,0
129723,0
39811,0
57938,0
111759,0
137850,0
31679,0
85879,0
106335,0
69515,0
71501,1
94835,0
76419,0
45260,0
121817,0
55842,1
39327,0
108098,0
84160,0
22656,1
130386,0
88838,1
91455,0
56545,0
56026,0
44787,0
22933,1
137662,0
119548,1
18167,1
18550,0
88451,0
132602,0
6949,0
68702,0
100681,0
77446,0
28550,1
59465,1
132007,0
107084,0
48431,0
5240,0
54093,1
91540,0
113216,0
124857,0
106197,0
72341,0
13486,0
24365,0
8868,0
49402,0
85001,0
127713,0
68308,1
113719,0
65818,0
80414,0
113590,0
96310,0
30017,0
124685,0
100812,0
38618,0
128817,1
67972,0
119189,0
115098,0
128093,0
25559,0
77931,0
12533,1
137088,0
59234,0
112960,1
49108,0
106538,0
56247,0
130455,0
98318,1
90941,0
135213,0
120927,1
22510,0
122230,1
79627,0
79829,0
9156,0
102410,1
64433,0
123818,0
82787,0
14419,0
75225,0
44679,0
30666,1
110775,1
50953,0
120624,1
97203,0
64297,0
31233,0
127655,0
46199,0
116298,0
22718,0
53126,0
99674,0
40538,0
62223,1
130490,0
135602,0
34660,1
30350,0
80840,1
32808,0
52650,1
15771,0
3531,0
76318,0
89525,1
90190,0
127663,0
64333,0
19105,0
112718,0
41770,0
23383,1
109136,0
112616,1
47674,0
48959,1
99826,0
33928,0
43933,1
48377,0
999,0
99948,0
15472,0
34520,1
123467,0
6872,0
55307,0
6085,0
19266,1
116923,0
42388,1
12880,1
542,0
119421,1
121905,0
73945,0
37249,0
96403,0
130337,0
93548,0
99997,0
138118,1
91094,0
105815,0
93858,1
16077,0
129279,0
35483,0
128916,0
93168,0
65579,0
136866,1
4412,0
56236,1
34723,0
108459,0
17519,0
109671,0
107838,0
24160,0
66119,0
110543,0
91271,1
126995,0
94181,0
88986,0
4702,0
100749,0
30865,0
50560,0
48479,0
55354,1
2850,1
115261,0
15796,0
8852,0
29157,0
123299,0
126901,0
7217,0
81402,0
41352,0
61008,0
101175,0
7279,0
58896,0
109654,1
24787,0
86741,0
5295,1
59050,0
57382,0
121367,0
110782,0
34872,0
63374,1
79171,0
41713,0
107018,0
112944,0
118173,0
47537,1
94347,1
134758,1
20872,0
83403,0
87988,0
3246,0
118193,1
97377,1
14631,1
113129,0
121188,0
13928,1
30002,0
113238,1
101564,0
138008,0
34677,1
93802,0
62992,0
2682,0
35209,0
136156,0
138085,0
118532,0
3498,1
100906,0
108316,1
79369,0
116267,0
46325,0
132153,0
94318,0
127550,0
38381,0
109572,0
134070,0
93197,0
104995,0
21386,0
113049,0
129128,0
78632,0
28277,1
114961,0
69212,0
90045,0
84894,1
6197,0
52893,0
131071,0
106097,0
123658,0
140342,0
138344,0
114952,0
119899,1
138530,0
115402,0
31497,0
69905,1
121240,1
98378,0
105270,0
6601,0
40022,1
3017,0
133747,0
94098,0
24518,0
133502,1
17357,0
53316,0
117962,1
112077,1
91898,0
63453,0
4371,0
61290,0
15024,0
67690,0
21708,0
104659,0
62976,0
70446,0
98245,1
13957,0
113339,1
45450,0
136973,0
75361,0
16371,0
112407,0
125034,0
116090,0
116097,0
73073,0
113460,0
92733,0
35955,1
3515,0
70571,0
82802,0
29589,0
6860,0
136894,0
126566,0
121448,0
35294,0
10312,0
70195,0
48677,0
43259,0
124634,0
115324,0
80375,0
75235,0
75025,1
76954,0
114424,0
90217,1
128099,0
54580,1
45490,0
113378,0
138374,0
69155,0
28769,1
95708,1
5460,0
80903,0
63418,1
127675,0
87754,0
109522,0
67272,0
14687,0
75522,0
68875,0
16815,0
95566,0
92714,0
25232,1
79206,0
35128,0
58599,0
81711,0
92074,0
47149,0
5909,0
88411,0
3650,0
89786,1
119499,0
111378,0
1768,0
34721,0
77467,0
126847,1
135617,0
80299,0
27583,0
95764,0
21335,0
50766,0
72704,0
93457,0
124335,1
5742,0
125453,0
19975,0
54251,0
61823,0
40357,1
9645,1
28812,0
129003,0
108694,1
30052,0
122673,0
24932,0
6516,0
101142,0
60104,0
58066,0
13635,1
74485,0
99272,0
41923,0
51163,0
75742,0
91951,0
25952,0
62306,0
21734,0
52359,0
75147,1
52418,1
40559,1
26642,0
83147,0
84840,0
136550,0
82576,1
133779,0
134841,1
88633,0
112895,0
86431,0
130471,0
111429,0
38112,0
39186,0
45466,0
79884,1
28530,0
46892,0
25839,0
122410,0
130468,0
122185,0
86001,0
103711,0
79799,0
20500,0
60847,0
68103,0
132026,0
16122,0
18175,0
30976,1
108797,0
71025,0
106350,0
119077,0
20011,0
137300,0
11712,0
73626,0
72282,0
12698,0
134450,0
9078,0
105763,0
2666,0
22482,1
101079,0
72314,1
57488,0
38093,0
105755,0
73133,1
47916,1
63436,0
121529,1
125891,0
66306,0
124146,0
44838,1
74653,0
132844,0
40180,0
115182,0
28615,1
87894,0
109041,0
130833,0
122632,0
116517,0
16330,1
98667,0
73070,0
77808,0
16979,0
15851,1
67183,0
103152,1
61334,0
39841,0
10645,1
129769,1
24594,0
71510,0
71637,0
66337,0
70268,0
40307,0
48200,0
26519,1
81459,0
92441,0
91947,0
100866,1
110135,0
56761,0
117142,1
111107,0
129888,0
117900,0
90034,0
110058,0
93690,0
124865,0
111476,0
46442,0
1574,0
66001,0
20031,0
16301,0
80844,0
118702,0
14381,0
46465,0
37151,0
14404,0
2100,0
748,0
127024,0
43934,0
76489,0
125925,0
8520,0
124860,0
82599,0
85757,1
95511,0
61098,0
140033,1
110847,0
59111,0
78384,1
35873,1
1197,0
34073,0
56123,1
103500,0
110047,0
69278,0
87379,0
90325,0
85958,1
83033,1
75336,0
11654,0
131474,0
110910,0
106178,0
133538,0
22693,0
7984,0
194,0
55474,0
81048,1
79986,0
86620,0
26588,0
13995,0
1582,0
116241,0
54734,0
18134,0
47996,1
134890,0
44585,0
83763,1
46609,0
91778,0
62463,0
6554,0
57195,1
92999,0
35365,0
93560,0
36998,0
58007,0
44822,1
122877,0
115390,0
5491,1
67391,1
75562,0
98147,1
71384,0
19676,0
74829,0
35162,0
92478,0
40491,0
131294,1
51532,0
102444,0
38908,0
31828,1
114964,0
67005,0
67267,0
82218,0
75979,0
105586,0
67872,1
65550,0
99851,0
75369,1
60229,0
60381,0
132023,0
39129,0
88578,0
78728,0
25423,0
17724,1
57145,0
10434,0
134327,0
45439,0
121933,0
58176,0
119616,1
103039,1
17954,1
101843,1
104780,0
75806,1
12424,0
49089,1
47688,0
78104,0
97201,0
107109,1
65198,1
139292,0
41274,0
121670,0
56286,0
106079,0
103520,0
133185,0
37610,0
103235,0
91781,0
44233,0
86321,1
46266,0
110900,0
26164,0
79443,1
59791,0
46938,0
77554,0
112916,0
64157,1
79245,0
6719,0
101935,1
72454,0
5192,0
9998,1
140464,0
18732,0
127912,0
20187,0
22633,0
82713,0
92038,1
53086,0
51252,0
137804,0
62572,0
135430,0
60464,1
79663,0
112114,0
61472,0
31457,0
28520,0
23879,1
128159,0
54623,0
106314,1
40361,0
16742,0
59797,0
70009,1
94019,0
66380,0
135206,0
90127,1
122570,1
98546,0
61037,0
118473,0
42911,0
160,0
97978,0
6836,0
85056,0
71877,0
111451,0
11625,0
130226,0
129863,0
100471,0
3049,0
15613,0
473,1
139172,1
69358,1
119224,0
19016,1
100592,0
22453,0
103016,0
111099,0
78499,0
71672,0
27548,0
69348,0
88287,0
10321,0
36034,1
139917,0
101939,0
97586,0
21879,0
68557,1
38979,0
111576,0
29575,0
96277,0
80224,0
15408,0
39758,0
114500,0
120195,0
73910,0
102876,0
87163,0
52786,0
32995,0
22726,0
97095,0
48070,0
119241,0
114469,1
121790,0
35659,0
92204,0
23886,0
84667,0
49456,0
110706,0
4655,0
22896,0
10100,1
27351,0
26926,1
112045,1
134491,0
127577,1
59561,0
14296,0
93467,0
67658,0
69878,0
126194,0
60786,0
10399,0
62712,0
16912,0
121040,0
82693,1
30647,0
29955,0
88363,0
94617,0
77569,0
121572,0
137760,0
44283,0
67001,0
113284,0
110153,1
12775,0
11472,0
13846,0
121173,0
37336,0
64397,0
17199,0
132322,0
91346,1
47744,1
75277,0
108190,0
92242,0
9083,0
90072,1
140403,0
4190,0
54781,0
93444,1
75530,0
33912,0
122908,0
17615,1
10746,0
92560,0
121674,0
98312,0
49018,1
36072,0
58373,1
132235,0
1950,0
88547,0
14408,0
95363,0
119964,0
84072,0
82074,0
19915,1
27169,0
71159,0
81234,0
108749,0
27647,0
34154,0
26276,0
9323,0
48311,1
113868,0
94942,0
65756,0
1402,0
12019,0
55413,1
82716,0
40527,0
35250,0
38625,0
59695,1
26123,1
44157,1
42753,0
46428,1
49232,0
12723,0
53534,1
29927,0
139085,0
68429,0
55975,0
86791,0
71892,0
5479,0
12428,0
115497,0
39290,0
55768,1
56328,0
100039,0
94390,1
87562,0
15419,0
4713,0
26407,0
20053,1
7903,0
94548,0
80984,0
108638,0
102336,1
28014,1
9647,1
67025,0
90171,0
68549,1
121862,0
135324,0
116455,0
54617,0
16619,0
108762,1
107155,1
38854,1
34584,0
114301,0
8123,0
104329,0
86238,0
52424,0
19108,1
49512,0
81598,0
43774,0
72796,1
127122,1
65582,0
51540,1
15456,0
69724,0
1677,0
135726,0
69942,1
84096,0
74731,0
56846,0
36679,0
88812,0
63260,1
40029,0
52662,0
36364,0
90322,0
86220,0
53792,0
126349,1
112967,0
93458,1
16036,0
11227,0
23862,0
39600,0
57297,0
59676,0
7224,0
52107,0
64896,0
100409,0
116133,0
131184,1
124957,0
121754,0
124986,0
138062,0
111439,0
27733,1
99806,0
52783,0
78472,0
134014,0
90121,0
66713,0
73130,0
118506,1
139090,0
119894,0
22878,0
29049,1
83279,0
65435,0
53428,0
114447,0
3457,1
111265,1
80227,0
83016,1
112784,0
25,0
70334,0
24825,0
30643,1
16320,0
81990,0
52041,0
27190,0
120478,0
9894,0
53304,0
42425,0
140448,0
17761,0
34717,0
82329,0
102194,0
105784,1
97617,0
112569,0
59583,0
35152,1
108152,0
44320,0
69816,1
40616,0
27112,0
14366,0
63553,0
72907,1
62425,0
31632,0
43682,0
85074,1
68340,0
59853,0
130168,0
54583,0
74842,0
21809,0
11509,0
69366,1
65764,0
65472,1
137229,1
133086,0
60643,0
16603,0
101710,1
52211,0
1678,0
111079,0
131613,0
102605,1
86950,0
2945,1
103774,0
23469,1
93601,0
16204,0
4801,0
70821,0
37054,0
50235,0
139482,0
87588,0
115641,0
92154,0
2115,0
77560,0
37573,0
18132,0
95761,1
13337,0
94476,1
135797,1
81697,1
52579,0
76968,0
350,0
132743,1
106536,0
15329,0
125167,0
86462,1
85887,0
68060,1
103037,1
100078,1
110208,0
6057,0
50893,0
16109,0
49702,1
107252,1
7221,0
62101,0
74229,0
117170,0
110169,0
76976,0
23515,0
65336,0
11902,0
61613,0
80207,0
9252,0
81579,0
77529,0
70112,0
40877,0
120217,0
44979,0
82517,0
49168,0
73690,0
26671,0
7748,0
29053,0
97591,0
9673,1
112879,0
34259,0
100569,1
94425,0
87134,0
84616,0
6208,0
68676,0
13730,0
52829,0
86718,0
93430,0
41366,0
103650,0
55684,0
109299,0
102253,0
33917,0
137277,0
10991,0
110861,0
88703,0
88219,1
139386,0
29838,0
128384,0
83434,0
137148,0
133173,1
102864,0
28246,0
110593,0
92797,0
74932,1
51481,0
91003,0
60515,0
96931,0
76034,0
107124,0
123932,0
51312,1
68561,0
137592,0
8864,1
926,0
1826,0
38794,0
63777,1
53410,0
55971,0
37034,0
106503,1
123998,0
88198,0
34302,0
97713,0
2507,0
16052,0
11323,0
8131,0
124281,1
71319,1
1947,0
111328,0
87966,0
17663,0
90390,1
18242,0
130246,0
62575,0
38120,0
26189,0
129720,0
66992,0
91002,0
126898,1
54202,0
127300,0
28673,1
12461,0
57363,0
84976,0
115557,0
57371,0
27934,0
968,0
99722,0
37210,0
117770,0
32691,1
130716,0
36190,1
34186,0
90903,0
14097,0
139754,0
4028,0
88670,0
91162,0
29471,0
111131,0
7601,0
57588,0
21373,0
76055,0
313,0
136931,0
90826,0
108492,0
120094,1
100112,0
50161,0
11211,0
126819,0
95526,0
54739,0
137315,0
84386,0
129382,0
38426,0
20068,1
19054,0
29196,0
55340,1
11582,0
64734,0
139609,1
46188,0
120821,0
117783,1
60902,1
8388,0
40579,0
131428,0
114707,0
56294,0
51512,0
84336,0
27631,0
90771,0
119130,0
25675,0
26175,0
89403,0
71879,0
19270,0
130106,0
20272,0
89904,0
7621,0
119494,0
5872,1
133733,0
33516,1
129085,0
115289,0
89954,0
6134,0
112059,1
102436,0
34032,1
107420,0
65944,0
6055,0
103413,0
64859,0
56146,0
49216,0
84494,0
134723,0
136919,0
38669,0
43371,0
114261,0
135483,0
126710,0
20652,0
53067,0
16706,0
71431,1
103148,0
67955,0
88906,1
94691,0
97727,0
9726,0
66727,0
107102,0
88372,0
74326,0
19955,0
69075,1
56738,0
128942,0
2697,0
101081,0
87328,0
120556,0
25620,0
103524,0
54320,0
52160,0
58358,0
114618,0
107203,1
88091,0
61996,1
30263,0
129785,1
109541,0
84945,0
62079,0
15575,0
85475,0
25329,0
59074,0
100629,0
97084,0
10850,0
127322,0
136177,0
93119,0
81128,0
27199,0
7212,0
73270,0
88947,0
127134,0
16502,0
11099,0
65255,0
110196,0
34107,0
49809,0
44107,0
138271,0
82998,0
122799,0
115550,0
121877,0
48344,0
61906,0
91117,0
119999,0
1614,0
15522,0
28207,0
66579,0
73411,1
112815,0
139611,1
20054,0
17750,1
52878,0
4779,0
28046,0
4654,0
114403,0
92226,0
51453,0
112245,1
46397,0
81549,0
77818,1
87207,0
124137,0
50920,0
52082,1
132036,0
106744,0
132607,0
72561,0
2642,0
94672,1
118436,1
46114,0
55944,0
67993,0
91014,0
139165,0
56477,0
19382,0
134886,0
33793,0
92071,0
97684,0
95156,0
43447,0
133786,0
114737,0
53839,0
112675,0
109028,1
52616,0
56653,0
101431,0
79285,0
48174,0
136503,1
83323,0
37103,0
120811,0
12313,0
80696,0
50003,0
77718,0
107519,0
61833,0
19553,1
31285,1
87484,1
121753,0
33839,0
21661,0
2948,0
82677,0
117061,0
106312,0
4086,0
56360,0
13537,0
101168,0
65261,0
16531,0
79236,0
105019,0
37894,0
6404,0
115698,0
18340,0
15991,0
51176,0
38598,0
27395,0
129894,0
62321,0
96875,0
9025,0
96356,0
17675,0
130625,0
17450,0
6628,0
24019,0
86074,0
1203,0
133333,0
124526,1
99847,0
99649,0
107583,0
138689,1
116271,0
73001,0
108052,0
30359,0
131252,0
128216,0
107975,0
85058,0
18924,0
130,0
18348,0
114344,0
23503,0
41812,0
134808,0
109329,0
26329,0
12071,1
43701,0
54894,0
54323,0
89561,1
62869,0
51306,1
128390,0
124524,1
140268,0
115959,0
60686,0
87872,0
110717,0
115225,0
91062,0
77082,0
20422,0
31307,1
60789,0
93034,0
124999,0
48851,0
57895,0
60208,0
50617,1
75847,0
136568,0
1476,0
69041,1
64017,1
26080,0
42895,1
55265,1
79904,0
57158,1
56345,0
26575,0
102770,0
21668,0
27850,0
138680,0
36018,1
117453,0
122907,0
40869,0
47070,0
128986,1
72434,0
139354,1
60566,1
123814,0
82819,1
120730,0
7173,1
81355,0
34370,0
3175,0
122529,0
82765,0
115138,0
137238,0
62311,0
13640,0
31474,0
106160,0
82766,0
113957,1
51469,0
130616,0
78804,0
117040,0
48258,0
116996,0
97917,0
24579,0
51291,0
133927,0
95184,0
95753,0
45641,0
9825,0
38905,0
211,0
55552,0
121623,0
115181,0
62776,1
26876,0
101344,0
59377,0
99584,1
33169,0
44586,1
123968,0
45295,0
2633,0
26405,0
132662,0
124540,0
14300,0
131371,1
68731,0
59741,0
51344,0
33788,1
13065,0
71257,0
77057,0
60096,1
139267,0
83309,0
63288,0
78343,0
50046,0
11378,1
82006,1
101453,0
135162,0
59707,0
86611,0
58401,0
125510,0
56441,0
103212,0
57751,0
57925,0
138855,0
72912,1
131988,0
44142,1
119603,0
47950,1
36877,0
30308,0
133363,0
54584,0
2870,0
5823,0
74798,0
36897,0
69410,0
118499,1
64008,0
18010,0
18049,0
103396,1
96413,0
4139,0
9072,0
66874,0
100073,0
55930,0
52493,0
59639,0
110625,0
69291,0
95977,1
43948,0
7347,0
123252,0
31055,0
46775,1
48667,0
18986,0
77744,0
88325,0
3887,0
125358,0
76180,0
17658,0
59024,0
66612,0
46031,0
33935,1
33909,1
44485,0
100367,0
126983,1
9412,1
123485,0
37326,0
97191,0
59515,1
83515,0
139347,1
125851,0
106167,0
99091,0
130679,0
115652,0
31435,0
44757,0
102868,0
21710,0
93924,0
62190,0
114464,0
116845,1
117526,0
132408,0
48279,0
14393,1
106988,0
93677,1
32060,0
86897,0
72660,0
105599,0
64889,0
63311,0
128226,0
120299,0
30218,1
91752,1
12439,1
115257,0
44861,0
86839,1
93975,1
132646,0
84294,0
121177,0
111648,0
69087,1
98098,0
4200,0
81476,0
77736,0
60759,0
63212,0
31371,0
45441,0
118285,0
30033,0
51468,0
21901,0
91108,0
111705,0
120424,0
74976,0
98234,0
95448,0
98008,0
64313,0
113138,0
127223,0
46250,0
66118,0
14374,1
30988,0
40464,0
56221,1
116452,0
126254,1
115859,1
119550,1
131742,0
110944,0
54947,1
103114,0
56906,1
110362,0
80737,0
42043,0
95766,0
30354,0
108907,0
3758,0
33727,0
53882,0
16655,0
17295,0
107175,0
31891,0
22424,0
2785,0
19723,0
65343,0
49405,0
132117,1
64457,0
99863,0
63676,1
65848,0
6694,0
38173,0
82980,1
5423,0
127421,0
94018,0
85202,1
26783,0
132383,0
47069,0
19901,0
137776,0
131149,0
106157,1
59473,0
102543,1
782,0
139031,0
11232,0
2466,0
129205,0
118544,0
109357,0
25414,0
87405,0
43233,0
7898,0
54347,0
71581,0
52747,0
134658,0
16759,0
10097,0
22883,0
82071,0
77682,0
37964,1
60076,1
64131,0
47055,0
48481,1
36794,0
27621,0
40279,1
58724,0
4886,0
66189,0
28493,0
6198,0
33254,0
30678,0
55953,0
20276,0
70741,0
138239,1
82535,0
55406,0
63171,0
138195,0
48560,0
52258,0
133592,0
13080,0
114167,0
66646,1
63424,0
44433,0
31974,0
135911,0
74703,0
6447,0
95528,0
34245,1
34923,0
136864,0
97569,0
12963,0
135556,1
25970,0
1642,0
103262,0
53977,0
1110,0
64293,0
51317,0
67290,0
24640,0
12315,0
65508,0
54350,0
94524,0
47236,0
134340,0
67739,0
71945,1
92740,0
91546,0
96993,0
35950,0
8744,0
83594,1
35723,0
75405,0
64928,0
111998,0
31646,0
24314,0
85883,0
63105,0
45399,0
62935,1
102872,0
121400,1
95373,0
67418,1
136585,1
72542,0
62601,0
6535,0
50638,0
71122,0
17947,0
65297,0
94574,0
45140,0
73858,0
33454,0
106074,0
84233,0
30292,0
127986,0
26287,0
93337,0
26543,1
140287,0
112364,0
64034,0
89854,1
35733,0
86987,0
45621,0
70865,0
86493,0
41761,0
70191,1
10259,0
103507,0
124880,0
9276,0
13150,0
102085,1
117540,1
132961,0
55658,1
87449,0
27495,0
107932,0
130152,0
33943,0
50828,0
105513,0
71029,0
60088,0
71907,1
122404,0
134666,0
56120,0
23746,1
52929,0
86038,0
19880,1
127929,0
99266,1
104383,1
10356,0
9718,1
81949,0
14855,0
32003,0
54767,0
8361,0
107014,0
58522,1
117420,0
89678,0
60787,0
29697,0
53328,1
78161,0
22300,0
12068,1
31711,0
127304,0
88974,0
94157,0
61545,0
101592,0
94906,1
45876,0
53787,0
109064,0
14946,0
118195,0
116214,0
71351,0
72998,0
76625,1
22450,0
108847,0
103499,1
137927,0
50716,0
113130,0
95973,0
90000,0
33309,0
83421,0
52601,0
7179,0
27710,0
76201,1
53326,0
112831,0
69302,0
101776,0
108619,0
63831,0
69717,0
55213,1
55555,0
20268,1
82477,1
43046,0
7639,0
135150,1
45718,0
61731,1
119242,0
123229,0
15471,0
139878,1
122340,0
87604,0
36082,0
140238,0
304,0
98873,0
4649,0
1000,0
59069,1
2002,1
55042,1
26351,0
15714,0
12696,0
2182,0
65742,0
129349,0
113391,1
110291,0
52973,0
48391,0
22657,0
31291,0
116479,0
65443,0
100213,0
115942,0
108418,0
91668,0
57696,0
116407,0
137690,0
89606,0
101891,0
37237,0
99400,0
90048,0
110349,0
64005,0
72106,1
81895,1
120689,0
20461,0
130432,0
85072,1
69382,0
62170,0
13889,1
119170,0
37224,0
118502,1
122971,0
51918,0
90003,0
114274,0
96259,0
18855,0
47732,1
119058,0
85237,0
19930,1
110062,1
28994,1
3221,0
44187,0
35342,0
77883,0
57182,0
90286,0
78966,1
75532,0
139607,0
72513,0
84916,0
59636,0
115876,0
91869,0
5593,1
65849,0
14551,0
27515,0
21305,1
26677,0
54943,1
123088,0
106217,0
48721,0
132701,0
38579,1
135021,0
47440,0
9763,0
32265,0
40399,0
39925,0
95568,0
106600,1
21512,0
105983,0
104648,0
110977,1
84335,0
6053,0
26643,0
33826,0
94872,0
25886,0
42137,0
64783,0
61119,1
64332,0
112254,0
68085,1
82114,0
139079,0
4007,0
89876,1
39310,0
8374,0
36315,0
68443,0
39231,0
97890,0
34537,1
2915,0
53930,1
54003,0
133195,0
105045,0
125610,0
110825,0
135260,0
97143,1
75890,1
3811,0
102716,0
29352,0
10234,0
50754,0
117520,0
128577,1
119315,0
122181,0
106724,0
13854,0
79789,0
41698,1
15973,0
13419,0
51733,0
22031,1
82138,1
133878,1
66884,0
78590,0
11345,0
29321,1
63724,0
112342,0
79013,0
53254,0
7625,0
20339,0
10935,0
116584,0
3364,0
453,0
114235,0
12126,1
104352,0
34313,0
85349,1
39002,0
62187,0
55582,0
102431,0
38870,0
128029,0
111627,1
583,0
120827,0
25402,0
44904,0
18041,0
116708,0
64491,0
135057,0
64191,0
110027,0
65815,0
5822,0
32984,0
69866,0
19331,0
50959,0
18979,0
20725,0
84368,1
112451,0
4320,0
76245,0
81953,1
51506,0
116272,1
76236,0
103935,0
110393,0
322,0
85783,0
38717,0
55196,0
130255,0
71542,1
83747,0
27219,0
105010,0
80305,0
27781,0
121229,0
10182,0
92798,0
77480,0
127627,0
47137,0
130507,0
128521,0
24523,0
96963,1
69503,0
132387,1
79922,0
29103,0
46287,0
80080,0
39942,0
126779,0
124578,0
52042,0
91217,0
37815,0
60465,0
59730,1
53092,0
60361,0
78125,0
415,0
20810,0
40385,0
97482,0
110414,0
134760,0
132609,0
56651,1
98568,0
98444,1
124260,0
99210,1
16500,1
64089,1
87230,1
136996,1
35758,0
132947,0
72826,1
88663,0
15326,0
14958,0
87080,0
17781,0
2137,0
67192,0
21840,1
122227,0
112408,0
55116,0
116882,0
111347,0
17372,0
27993,1
117798,0
15140,0
35262,0
133988,0
89958,1
89577,0
113632,0
38932,1
74980,0
86695,1
77813,0
93617,1
77738,0
92913,1
1344,0
50173,0
77458,0
125450,0
48889,0
87815,0
121243,0
64534,0
125108,0
73052,1
14865,0
73923,0
86407,0
63403,0
64925,1
13238,0
99165,0
63042,0
95065,0
92207,0
50597,0
105238,1
12620,0
132348,0
85642,1
36987,1
55705,0
110498,0
49362,0
121745,0
34419,1
82061,0
60280,0
111893,1
118276,0
46101,0
57262,0
133809,0
91424,0
60475,0
46364,1
107853,0
133356,0
58764,1
10538,0
126455,0
87279,0
56773,1
41534,0
1771,0
37379,0
72239,0
46401,1
59188,1
107249,0
74422,0
53053,0
108383,0
27233,0
93640,0
30555,0
129669,1
133155,0
72932,0
82448,0
57083,0
39836,0
34147,0
6243,0
70290,1
82356,0
42757,0
80110,0
25400,0
20901,0
48276,1
8929,1
89484,0
32914,0
29768,0
93972,0
104491,0
104394,0
97514,0
39750,1
83939,0
132095,1
86363,0
118343,0
50620,0
4205,0
27535,0
25380,0
135597,0
69465,0
140566,0
112019,0
76031,0
99832,0
112657,0
92507,1
25132,0
21910,0
71557,0
98686,0
72871,0
136005,0
125448,0
14445,0
95250,0
81694,1
140171,0
117599,1
28360,0
31712,0
67851,0
101575,1
39308,0
75802,0
17158,0
33179,1
122543,0
140562,0
127716,0
58205,0
75232,0
22620,0
54488,0
124777,0
31602,0
78803,0
135481,1
58131,1
100508,0
41391,0
64601,0
30913,0
103833,0
29070,0
122725,0
26851,0
86414,0
110938,0
43413,1
53404,0
54479,0
26992,0
18310,0
34891,0
67997,1
136204,0
35280,1
14385,0
56111,0
31704,0
81650,0
124751,0
140631,0
25344,0
123622,0
113936,0
105578,0
63644,1
112987,0
57395,0
18146,0
111544,0
68298,0
136334,0
120267,0
32385,0
55107,0
110680,0
112795,0
75264,0
80492,0
465,1
38453,0
105192,1
90122,1
82481,0
104783,0
56677,0
132386,1
100853,0
19835,0
40545,0
66469,0
100268,0
41125,0
91187,0
77710,0
123986,0
136544,1
113249,0
36618,1
78405,0
116134,0
43199,0
5554,0
91341,0
1218,0
53638,0
86138,0
124653,0
66586,0
140425,0
77647,0
124476,0
92104,0
121927,0
35663,1
116154,0
96619,0
93883,0
100837,0
110955,0
11284,0
3582,0
87166,0
111296,0
36843,0
66080,0
118380,0
113307,0
135740,0
49382,0
98252,1
124100,0
78202,0
65153,0
117255,0
34250,0
94355,0
39266,0
80888,0
3861,0
112006,0
89601,0
25961,0
45966,1
10544,1
67677,1
137011,0
65088,0
60463,0
68752,0
25205,0
131045,0
129432,0
73795,0
24465,0
70647,0
134458,0
40109,0
56556,0
63931,0
36027,0
116417,0
58525,0
49293,1
74757,0
31948,0
100617,1
115873,0
124517,0
23260,0
20445,0
90134,0
44589,0
87325,0
28961,0
117418,0
22987,1
36934,0
42684,0
126266,0
67834,0
42633,0
69056,0
35378,0
95551,0
83888,0
854,0
5263,0
130804,0
40372,0
104140,0
92736,1
99680,0
16306,0
84824,0
35798,0
53330,1
45587,0
3610,0
103807,0
133663,0
59844,0
129084,0
102797,0
92293,0
96340,0
72501,0
24397,0
59951,0
40570,0
108541,0
91139,0
35829,1
135717,0
58376,0
50785,0
79205,1
22804,0
113100,0
79862,0
131582,1
122399,0
65253,0
88740,1
86217,0
122287,0
7775,0
102228,0
46384,0
36079,0
93641,0
59214,0
73098,1
81810,0
44456,1
104633,0
12835,0
11913,0
46454,1
60618,0
139094,1
47437,0
118007,0
112193,0
21392,1
135169,1
19561,0
138660,0
45786,0
75904,0
117238,0
62769,0
67610,0
62593,0
112937,0
34919,0
134317,0
3865,0
136811,0
105410,0
136246,0
121217,0
92609,0
35433,0
84851,0
95114,0
137459,1
109393,0
64219,0
111881,1
115693,0
8417,0
87525,0
71216,0
65774,0
108400,0
128428,0
87759,0
32528,0
46213,1
15002,0
139072,1
4845,0
29135,0
110297,1
20056,0
69591,0
134024,0
61217,1
124475,1
63861,1
111200,0
117310,0
132201,1
58687,0
7784,0
68161,0
11962,0
26889,0
39605,0
35858,0
71034,0
5746,1
28322,1
131823,0
15964,0
124698,1
96000,0
40348,0
29865,0
30855,0
71521,0
4080,0
87374,0
43500,0
60722,0
105078,0
96613,0
61604,0
85443,0
79644,0
57873,0
19592,0
64564,0
67439,0
31783,0
63234,0
469,0
35394,0
100518,0
62236,0
15564,0
80398,0
57653,0
15847,0
117835,0
132668,0
57508,1
18561,0
115540,0
239,0
37279,1
102252,0
32677,0
16538,1
101239,0
52752,0
139200,0
66123,0
113843,0
138332,0
134588,0
92448,0
35482,0
102094,0
50240,0
72620,0
16357,1
7344,0
53068,0
26388,0
59364,0
85726,0
12739,0
5161,0
6050,0
52674,0
95624,0
129000,0
108887,0
25391,0
130515,0
61547,0
113670,0
104421,0
111551,0
70908,1
13581,0
96727,1
55686,0
133002,0
66503,0
136760,0
8949,1
66863,0
134186,0
50687,1
27275,0
102299,0
9257,0
107845,1
119149,0
82768,0
114008,0
135845,0
66955,0
60574,0
4496,0
136934,0
100209,0
88756,0
51929,0
130537,0
127171,0
124668,0
41306,0
50134,0
113191,0
28973,0
93221,1
115198,0
4136,0
96880,0
61296,1
7685,0
49526,0
134138,1
100704,1
114910,0
118242,0
89660,0
126439,0
21719,0
66914,1
28390,0
25900,0
110871,1
69846,0
78107,1
59322,0
63284,0
122023,0
109979,1
56817,0
126370,0
92014,0
67326,0
10561,1
98504,0
34477,0
5311,1
38980,1
57597,0
20067,0
81425,0
58941,0
88961,0
81246,1
45265,0
62602,0
8223,1
40197,0
109636,0
52192,1
118758,1
65084,1
110907,0
30451,0
56355,0
89177,0
119217,0
94211,0
128947,0
136801,0
68286,0
84620,0
44847,1
108481,0
69937,0
55832,0
94265,0
22637,0
22207,0
66602,0
118851,0
17201,0
127303,0
100315,0
110551,0
41539,0
63353,0
131380,1
63718,0
74134,0
85331,0
95909,0
73215,0
12823,0
8857,0
31634,0
28022,0
31048,0
110634,0
97401,0
65141,0
15653,0
30133,0
98730,0
101874,0
110174,0
27614,0
87898,0
20994,1
122247,0
131186,1
28138,0
61437,0
43872,0
111842,0
4199,0
1901,0
14785,1
11447,0
38696,0
123365,0
67700,0
10345,0
53023,0
46378,1
1912,0
19641,0
113767,0
101695,1
8750,0
77804,0
39141,1
7788,1
31812,0
108647,0
117971,0
53995,0
67983,0
7574,0
103583,1
103911,0
62012,0
111896,1
71570,0
119644,1
67977,0
42865,0
52844,1
97242,1
107193,0
54005,1
55776,1
98993,1
84539,0
8372,0
1115,0
136571,0
74427,0
59714,0
59485,0
122901,0
96225,0
119973,0
18805,0
27186,0
46714,0
68008,0
67666,0
100510,0
26566,0
117471,0
111830,0
8593,0
98153,0
5671,1
86355,0
116024,0
89361,0
91574,0
59710,0
52994,0
108894,0
20303,0
129965,0
31614,0
9953,0
103938,0
70794,0
98620,0
127819,0
132413,0
71552,0
95192,1
85275,1
78404,0
28783,0
95054,0
28316,1
80934,0
109938,0
94435,1
50520,0
125975,0
95203,0
55402,0
24289,0
29767,1
116903,0
89356,0
116559,0
76291,1
35422,0
74856,0
68547,0
29553,0
24102,1
45179,0
28822,0
43630,1
82297,1
25957,1
32399,0
8043,0
85587,0
98464,0
109713,0
76049,0
20518,0
66069,0
37358,0
116173,0
85524,1
88422,0
4064,0
43764,0
94521,0
135490,1
130077,0
31020,0
35224,1
86316,0
65545,0
4342,0
45853,0
119350,0
102470,0
101889,0
65861,0
17437,1
92491,1
70945,1
125702,0
81390,0
34827,0
4294,0
48028,0
50715,1
23412,0
12052,1
112201,0
68417,0
19747,0
100278,0
6175,0
49656,0
95628,0
82450,0
9439,1
1473,0
117892,0
1821,1
113068,0
63792,1
24973,0
131039,1
48635,0
117406,1
16092,0
90080,0
68305,0
90473,0
125840,1
7365,1
132705,0
109083,0
37908,0
124292,0
124401,0
55933,0
89927,0
86943,0
138782,0
130377,0
122408,0
74162,0
100609,0
129673,0
86602,0
35717,1
79287,1
91058,0
47431,0
115039,0
5031,0
86383,0
109280,0
125248,0
106575,0
32878,0
121614,1
94891,0
96599,0
81181,0
87462,0
47355,0
114069,0
112328,0
22275,0
8168,0
137282,1
10343,0
54923,0
51246,0
53959,0
62726,0
75132,0
89925,0
90124,0
79093,0
78422,0
84980,0
138403,0
61140,0
68358,0
119134,0
15503,0
57031,0
54022,0
65188,0
12868,0
41694,0
38833,0
79621,0
109676,0
97984,0
90573,1
32965,0
47871,0
111413,0
24386,0
96063,0
111186,0
125174,0
135494,0
72121,0
37247,0
120330,1
117264,0
80480,0
64647,1
71943,0
13539,0
61486,0
131008,0
138758,0
81985,1
32623,0
74013,0
127209,0
72875,0
137078,0
23292,0
62462,0
100479,0
62080,0
66129,0
106715,0
79994,0
81522,0
88785,0
112176,0
129291,0
24872,0
55901,0
33622,0
1736,0
102098,0
137005,0
96008,0
1975,0
138761,0
53651,1
100886,1
5409,0
87427,1
140525,0
118963,0
45162,1
124445,0
89048,0
37315,0
117464,0
68697,1
90483,0
86818,0
23367,1
7450,0
25029,0
46260,0
90776,0
82200,0
75615,1
128879,0
37049,0
118872,0
6503,0
53572,0
84882,1
67109,0
22849,0
61016,0
137388,1
105091,0
50762,0
3529,0
12023,0
21618,0
31083,0
20182,0
68645,0
57806,1
50242,0
9750,0
115879,0
34058,0
83194,0
57397,0
42315,0
118378,0
97986,0
56183,1
109501,0
7607,0
51300,0
104916,0
106610,0
37469,0
38231,0
133526,0
39523,0
76524,0
55273,0
82721,1
65154,0
102563,0
68052,0
7633,0
101169,1
129207,0
137444,0
64115,1
24319,0
104196,0
113917,0
112760,0
52533,1
103910,1
75923,0
12447,0
90191,1
67995,0
49234,0
31177,0
73449,0
35132,1
81051,1
59681,1
37625,1
79479,0
100896,0
7946,0
122414,0
36465,0
2314,1
122925,1
102508,0
91822,0
101570,0
85276,0
108746,0
124073,0
43518,0
47248,0
8930,0
52420,0
55921,0
58555,1
9543,0
79036,0
42100,0
110088,0
89433,0
137613,0
54996,1
78551,1
55502,0
35902,0
18356,0
100210,0
32509,0
129082,0
126865,0
39539,0
10615,0
104625,0
3347,0
87375,0
138505,0
110270,1
6725,0
91929,0
49799,0
97511,0
5745,0
97716,0
59033,1
12322,0
138536,1
14814,1
122276,0
91104,0
133570,0
132381,0
89316,0
30272,0
74079,0
3039,0
66270,1
107011,0
64570,0
72756,0
99391,0
116118,0
88765,0
35547,0
138872,0
3929,0
98295,0
38228,0
101794,0
137048,0
74,0
115233,0
44222,0
63435,0
136512,0
61072,0
32659,0
18198,0
57070,0
98128,0
34775,0
22971,0
94248,0
134496,0
61080,0
75046,0
94321,0
34807,0
33251,0
21679,0
90607,0
100905,1
21567,1
43862,0
45376,0
26324,0
72073,0
73019,0
57433,0
136332,0
97116,0
109178,0
26451,0
19143,0
75038,0
130339,0
24352,0
139979,0
113513,1
80455,0
122508,0
68758,0
34011,0
139929,0
8884,0
19791,0
45433,0
107377,1
48489,0
50241,0
4068,0
72411,0
74025,0
58144,0
57602,0
119672,0
51356,0
98450,0
36295,1
6953,1
57367,0
90011,1
134201,0
101285,1
56659,0
90896,1
79565,0
19718,0
22536,0
42950,0
24622,1
99870,0
98125,1
138437,0
69810,0
75343,0
131900,0
57389,0
52412,0
96699,1
79467,0
134901,0
115050,0
96336,0
7967,0
102878,0
66173,0
53584,1
36445,0
48604,0
61521,0
136415,0
9008,0
16475,0
124980,0
103992,0
63277,0
75814,0
129477,1
14181,1
59483,0
19973,0
80245,0
26757,0
21492,0
118996,1
18236,0
63810,0
85332,1
11137,0
116361,0
59402,0
45771,0
2982,1
95785,0
92150,0
10031,1
100091,1
105681,0
92924,0
5447,0
30200,0
116686,0
114334,0
132561,0
9815,0
120054,0
30341,1
98575,0
19936,0
112243,0
51551,1
757,0
10967,0
12399,0
82085,0
111385,0
73465,0
135884,0
85489,0
42678,1
86930,1
86566,0
95430,0
31374,0
795,0
89898,0
25631,0
32015,0
784,0
3213,0
116465,0
32316,0
133740,0
130748,1
113137,0
24996,1
36058,0
75377,1
136287,0
24707,1
68733,0
42775,1
78198,0
79340,0
55650,0
8713,0
67689,0
87769,0
4718,0
90342,0
19370,0
17256,0
32486,0
130134,0
82109,0
28073,0
60256,0
20494,1
1760,1
66114,1
71700,0
31346,0
118288,0
88825,0
129932,0
45454,0
123518,0
77911,0
74665,0
94105,0
33980,0
116640,0
130857,0
129651,0
1804,0
86961,0
70088,1
19408,0
125236,0
135454,0
137740,0
83146,0
115052,0
65468,1
88255,0
38871,0
111098,0
28234,1
127928,0
140479,0
136740,0
84961,0
63636,0
96070,0
76400,0
103295,0
106574,0
55910,0
20907,0
81056,0
95385,0
126434,0
126226,0
121695,0
83094,0
31928,0
117548,0
54450,0
18801,0
59769,0
56683,0
79811,0
71505,1
47327,0
7547,0
127469,0
43579,0
19296,0
124852,0
46687,0
62054,0
28635,1
27597,0
76777,0
53469,0
20818,1
27443,0
22037,0
27501,0
130146,0
56512,0
125274,0
50631,0
19391,0
85734,0
17493,0
120593,0
33979,0
43823,1
114123,0
8182,0
78073,1
41538,0
128591,0
112517,0
70201,0
80130,0
6781,0
83839,0
136875,0
54371,0
18312,0
23760,0
29950,0
8543,1
11800,0
130459,0
125221,0
69682,0
118399,0
98247,1
129060,1
112402,0
65495,0
25737,0
1608,0
137330,0
105489,0
31769,0
27977,1
29042,0
58332,0
127626,0
84184,0
47536,0
46361,1
86275,0
132102,0
21190,1
108744,0
6481,0
68995,0
84571,0
122273,0
42182,0
40078,0
68848,0
38569,0
104225,1
59150,0
78388,0
97153,0
14379,0
34143,0
69360,0
45907,0
64452,0
53276,0
92239,0
84946,0
61574,0
133092,0
48775,1
121137,0
37783,0
126903,0
127460,0
13171,0
55977,0
164,0
2318,0
128427,1
94071,1
128764,1
25796,0
53407,0
90686,0
139991,0
125335,0
115265,1
136781,1
118952,0
122856,1
123674,0
112697,0
18604,0
118461,0
112684,0
43107,0
110282,0
77402,0
75181,1
69037,1
56713,1
68173,0
10495,0
90494,0
35631,0
112144,0
6194,0
116712,0
113718,0
18103,0
37650,0
57947,0
104127,0
11439,0
102328,0
21889,0
36344,0
76253,0
37159,0
53251,0
4149,0
28153,0
101847,0
55782,0
41613,0
49126,0
119555,0
31669,0
95106,1
61555,0
16314,0
15475,0
63507,0
96408,1
48364,0
115304,0
58100,1
26011,0
127336,0
116169,0
135363,1
63180,0
1992,0
18050,1
14949,0
44676,0
104880,1
118256,0
101130,0
100674,0
28094,0
95211,1
120240,0
130700,0
69258,0
43121,1
85154,0
65285,0
87645,0
76309,0
11073,0
56359,0
26373,0
31206,1
81928,0
120068,0
136833,0
111503,1
27830,0
133445,0
30507,1
3890,0
20973,1
97584,0
33626,0
75867,0
44474,1
95858,0
11828,0
874,0
54130,1
140188,0
127863,0
7355,0
93194,1
38972,1
105625,0
16124,0
34960,1
106095,0
104171,0
69196,1
125843,0
66400,0
135146,1
113859,1
46796,0
109203,0
130741,0
117332,0
136272,0
43742,0
65499,0
75577,0
126655,0
893,0
78660,0
81386,0
136258,1
27724,0
58809,0
72886,0
93614,0
16903,0
4115,0
103085,0
23670,0
80438,0
68251,0
26957,0
97404,1
1045,0
3002,0
88792,0
120554,0
128116,0
56980,0
47726,0
17092,0
124997,0
104716,0
27213,0
114983,0
48384,0
84207,0
76379,0
110213,0
48541,0
7503,0
23205,0
17286,0
4306,0
14160,0
28796,0
18280,1
94275,1
132991,1
75621,0
100724,0
1848,1
30442,0
6689,1
2105,1
13518,0
110742,0
111193,0
45206,0
139779,0
19432,0
42506,0
104384,0
127261,0
8225,0
127372,0
41921,0
32689,1
9402,0
41980,0
72465,0
65344,0
6139,0
119554,0
12706,0
56372,1
118912,0
68263,0
79374,0
66115,0
6769,1
93384,0
33877,0
8034,0
114962,0
103840,0
53048,0
131753,0
32023,0
86097,0
73036,0
77857,0
94797,0
123258,0
23418,0
7562,0
63555,0
49973,0
13034,0
134823,1
18828,0
102135,0
75257,0
131246,0
99974,0
116147,0
1058,0
46040,1
47753,1
84389,0
95537,0
80431,1
85590,1
43527,0
76490,0
121855,0
3100,0
72799,0
78070,0
787,0
19757,0
91683,0
99285,0
135657,0
20433,0
55272,0
83097,1
82654,0
128865,0
131121,0
40436,0
118650,1
46715,0
136370,0
11175,1
104157,0
18759,0
110006,0
27555,0
48467,1
102747,0
126216,0
100808,0
115488,1
79888,0
115666,0
27145,0
100668,0
100830,0
10718,0
126926,0
84911,0
44553,0
135677,0
35377,0
5568,1
67508,0
135821,0
50797,0
58422,0
65598,1
123604,0
133373,0
26684,0
102460,0
4766,0
13664,0
8536,1
59970,1
137534,1
93848,1
91077,0
7477,0
79845,1
88014,0
41739,0
80367,1
136733,1
21765,0
29048,1
75907,0
118600,1
125485,0
25750,0
99937,0
86070,0
15139,0
15103,1
129300,0
56549,0
120193,1
105740,0
5368,0
114493,0
87077,1
71362,0
46001,0
73868,0
65806,0
11561,0
96379,1
34497,0
47775,0
91328,0
18919,1
49170,0
32261,0
130632,0
71967,0
64731,0
13044,0
67771,0
11027,0
104774,0
136750,0
26085,0
138627,0
11958,0
48542,0
44100,1
78332,0
70564,0
42352,0
79263,0
122935,0
80309,0
77066,0
123328,0
74045,0
83478,1
120885,0
100903,0
74220,0
50304,1
8116,1
81497,0
133218,0
130581,0
36469,0
12098,0
79981,0
1435,0
36531,0
134016,1
44650,0
16986,0
27899,0
55609,0
50675,0
84640,0
32432,1
20520,0
39537,0
41781,1
80721,0
56553,0
28061,0
42240,0
132530,0
111696,0
13757,0
140573,0
78897,0
67203,0
56959,1
45147,0
75491,0
70328,0
21997,0
3926,0
74452,0
59811,0
65856,0
17025,1
127438,0
73388,0
23918,0
136186,0
96439,0
14591,0
102708,0
61003,0
124937,0
78568,0
70263,0
116941,0
124772,0
12652,0
140118,0
117981,0
31902,1
129362,0
19776,0
126149,0
97621,0
134332,0
72852,0
99675,0
128018,0
18813,0
29989,0
50871,0
71829,1
31966,0
93348,1
107050,0
49117,0
96246,0
121412,0
91925,0
49561,0
51957,0
133376,0
120174,0
25097,0
72942,0
134030,0
28730,0
137966,1
93954,1
45765,0
96384,1
10944,0
12127,1
33992,0
42039,1
75547,0
115941,0
139341,0
124103,1
15740,0
132327,0
120281,0
70154,0
35434,1
39526,0
77821,0
107209,0
114061,0
71735,0
60839,0
26307,0
96743,0
15732,0
41061,0
37266,0
97069,0
114185,0
104203,0
103126,1
76267,0
85209,0
73810,0
45725,0
95533,0
1631,0
118456,0
106663,0
8588,1
68134,0
26042,0
48515,1
50680,0
116523,0
89674,0
95333,0
78468,0
55827,1
67201,1
57882,0
34680,0
69803,0
9182,0
93459,0
5654,0
48472,0
96776,0
58848,0
30670,1
55200,0
24242,0
73238,0
47157,0
132262,1
108286,0
121158,0
83291,0
5414,1
21280,0
68083,0
103204,1
49866,1
248,0
24995,0
103179,1
48032,0
106594,0
66381,1
21622,0
64423,1
9622,1
97927,0
122595,0
32505,0
136485,0
118900,0
129854,0
109233,0
6368,0
103947,0
132442,0
138385,0
113288,1
38123,0
97998,0
65940,1
96485,1
125758,0
66347,0
37797,0
12557,0
122624,0
12881,1
52585,0
46848,0
113314,0
136378,0
83979,0
104516,0
95372,0
33350,0
72007,0
91530,0
119605,0
5597,0
19685,0
38411,0
115117,0
94867,0
91995,0
47979,0
26839,0
14354,0
2735,0
33560,1
75641,0
88030,0
78280,0
61081,0
131212,0
129158,0
20558,0
116603,0
139904,0
62822,0
135888,0
14983,1
80604,0
26352,0
62734,0
72679,0
9363,0
36005,0
27968,0
90237,1
31323,0
120110,1
70204,0
107237,0
1493,0
84300,0
96170,0
121145,0
16402,0
115676,0
30613,0
126689,1
72782,0
33284,0
134029,0
67242,0
129581,0
39333,1
96150,0
27545,0
4518,0
51127,1
46087,0
25920,0
82142,0
125203,0
37762,0
37955,0
36940,0
120528,0
71729,0
56554,0
50103,0
58661,0
9596,0
63215,0
30926,0
76511,0
65418,0
17367,0
16353,0
23121,0
132970,0
121413,0
135268,0
75070,1
8025,1
118077,0
57991,0
120963,1
46592,0
81500,0
63709,0
65905,0
115094,0
23313,0
51400,0
111641,1
90372,1
27001,0
85676,1
65881,1
36033,0
52964,1
129127,0
91297,0
26708,0
44911,0
65310,0
21417,0
109199,1
58252,0
15598,0
20824,0
54426,0
18038,1
47715,0
78846,0
47569,0
38616,0
48473,0
55976,0
129278,0
46853,0
46620,0
129463,0
97794,0
2833,0
91493,0
130118,0
59144,0
76719,0
3241,0
68617,0
121425,0
78987,0
135743,0
56903,0
106425,0
64075,0
48488,0
130773,0
32113,0
14040,0
104019,0
115020,0
3389,0
38502,0
52308,0
119638,0
32279,1
604,0
88602,0
24251,0
83623,1
12435,0
76301,0
25334,0
67202,0
53398,0
45601,0
84635,0
38993,1
8734,0
68371,1
16406,1
54067,0
76143,0
41623,0
109279,0
97137,0
96857,0
41679,0
19507,0
45087,0
34383,0
63900,0
46942,0
39220,0
39787,1
82878,0
96330,0
35927,0
72776,0
133798,0
76512,0
44633,0
69399,0
77010,1
4589,1
28774,0
54858,1
92318,0
36432,0
72357,1
133353,0
103353,0
24418,0
119261,0
57491,1
60604,0
23759,1
93803,1
2826,0
28726,0
110298,0
3247,0
22440,0
52226,1
53227,0
113982,0
47388,0
45074,0
20380,0
29835,0
136549,0
79064,1
47645,0
107248,0
49368,0
112289,1
51321,0
124687,0
20917,1
96530,1
23220,0
131025,0
16935,0
26481,0
22970,0
30267,1
10374,0
124747,1
82057,0
112259,0
119432,0
29193,0
125705,0
96865,0
2601,0
105636,1
44347,0
138987,0
112940,1
130817,0
1216,0
109504,0
49956,0
90006,1
17172,0
98755,1
100386,1
121359,0
72910,0
83264,1
92583,0
108427,0
64867,0
58342,1
124549,0
37316,0
104158,0
26364,0
78394,0
80660,1
130994,0
94467,0
76612,0
118296,0
48438,0
56200,1
62994,1
100026,0
41977,0
58383,0
3307,0
137905,1
30080,0
104246,0
36965,0
129297,0
134435,0
93744,0
126754,0
42504,0
84873,0
31113,0
28747,0
100715,0
21193,0
21814,0
14715,0
19001,0
93562,0
14128,0
66360,0
129058,0
62299,0
102648,0
53239,1
37112,1
47384,0
29779,0
68168,0
13078,0
78281,0
60106,0
71204,0
129732,0
38610,0
59170,0
105083,0
14110,0
97664,0
57831,0
11024,0
88530,0
43743,0
97799,0
101686,0
78963,0
136948,0
13878,0
82382,1
54121,0
134121,0
133137,0
100303,0
10318,0
31569,0
4956,0
79053,0
40215,0
34436,0
45755,0
67963,0
117744,0
56989,0
26871,0
65583,0
91164,1
4666,0
74291,0
3735,0
54045,0
137331,0
43186,0
55210,0
62070,0
83859,1
64235,0
49330,0
65432,0
76720,0
125509,1
92358,0
99738,0
18076,0
69766,0
98532,0
57948,0
43163,0
89776,0
99435,1
125479,0
36863,1
24680,0
117602,0
63967,0
106140,0
59680,0
59501,1
59064,0
14714,0
78712,0
107101,1
31932,0
113244,0
9268,0
18953,0
125202,0
90155,0
18729,0
10338,0
50329,0
126777,0
101429,0
70086,0
100615,1
91569,0
13999,0
130003,0
18917,0
58506,1
48882,1
78224,0
14952,0
133863,0
135050,1
89896,0
140470,0
73596,0
116497,0
20691,0
117867,0
103289,1
115297,0
70401,0
64300,0
100101,0
48114,0
74244,1
74670,0
114083,0
95556,0
117805,0
95070,1
11935,0
117932,0
32502,0
85312,0
12703,0
39673,0
85608,1
5489,0
136359,0
129656,0
85663,0
48695,0
13071,0
90146,1
87627,0
41330,0
118772,0
38712,0
53215,0
52315,1
100113,0
87702,0
70705,0
109651,0
111335,0
25699,0
121451,0
116668,1
10197,1
109209,0
74428,0
125018,0
119882,0
112142,0
69255,0
91585,0
133216,0
79839,0
1324,0
61971,0
79830,0
109892,1
17722,0
46537,0
139643,1
104495,0
25434,0
27823,0
101584,0
99869,0
137571,0
97395,0
54152,0
83022,0
96042,0
12335,1
115913,0
14220,0
50955,0
119660,0
17732,1
33401,1
67499,0
29474,1
79022,0
130299,0
85371,0
126870,1
133763,0
87507,0
110673,0
121940,0
63821,0
75246,0
99332,0
60247,0
29926,0
82587,0
51662,0
137318,0
123363,0
12217,0
79490,0
78423,0
28108,1
26983,1
57592,0
133579,0
60154,0
38930,0
108272,1
131223,0
138170,1
125644,1
10960,0
7938,0
95780,0
101216,0
22437,0
40046,1
87063,1
97711,0
18326,0
30114,0
6655,0
126267,0
87277,0
6385,0
114184,1
43351,0
41962,0
18779,0
136352,0
27342,1
44526,0
15803,0
135348,0
14464,0
12307,0
67803,0
90861,0
105103,0
100754,0
98679,0
66420,0
64143,0
10155,0
98676,1
61952,0
139919,0
73526,0
113897,0
52171,1
103607,0
93893,0
130597,0
114262,1
93251,0
51116,0
87023,0
58636,1
53834,0
39717,0
25126,0
91161,1
13108,0
41850,0
108306,0
113914,1
124454,0
46179,0
110199,0
122332,0
53599,0
71992,0
86324,0
31760,0
139805,0
97455,0
131553,0
136702,1
66825,0
35766,0
47625,1
52015,0
8299,1
71508,0
4303,0
14986,0
138044,0
63197,0
30484,0
73990,1
87924,1
8681,0
79671,0
116826,0
48433,0
80229,0
78943,0
49020,0
16020,0
57919,0
13424,0
140384,1
82461,0
103624,0
59588,0
68387,0
89667,0
110795,1
13270,0
4642,0
118337,0
33789,0
74357,0
28694,0
89383,0
48558,0
108409,0
49263,0
58377,0
123916,0
36055,1
130208,0
129873,0
1059,0
59419,0
100779,0
27009,0
82418,0
101640,0
96719,0
22634,0
97447,0
7489,1
135732,0
66446,0
134392,1
24616,0
31964,0
22641,0
52381,0
78456,0
121446,1
76227,0
135896,0
71028,0
137370,0
139067,0
107687,0
139846,0
81994,0
11656,0
51324,0
18630,0
115715,0
139259,0
588,0
80847,0
84084,0
67928,1
58217,0
128654,1
139555,0
87683,0
96163,0
123940,0
30115,1
126770,1
14255,1
35068,0
89015,0
58436,1
92799,0
33297,1
45281,0
76458,0
39174,0
108929,1
134329,0
23073,0
94007,0
80703,0
39680,0
112957,0
99876,1
62305,0
29839,0
79235,0
86496,0
128062,0
81327,0
132620,0
59876,0
109537,0
2597,0
1075,1
105742,0
102807,0
39277,0
125313,0
56460,0
75230,0
91797,0
15861,0
306,1
74132,0
106259,1
63539,0
40676,0
23527,0
38053,0
76764,0
114820,0
63298,0
124261,1
51193,0
71273,1
13323,1
12096,0
129238,0
873,0
23296,1
110061,0
58366,0
1977,0
24775,0
71680,0
28044,0
12408,0
109536,0
36138,0
2822,0
21573,0
72711,0
30626,0
52983,0
2961,0
3911,1
50758,0
54892,0
99452,1
82735,0
66704,0
9669,0
114688,0
102507,0
124208,0
8211,0
16419,1
137791,0
22283,0
15948,0
44295,0
36804,0
70694,0
99324,0
70679,0
3556,0
99047,0
30011,0
138151,0
111928,1
51996,0
117717,0
81259,1
28412,1
118724,1
37885,0
2940,0
92085,0
40050,0
49278,1
29487,1
23172,0
134640,0
71942,0
28078,0
70352,0
100052,0
33276,0
58564,0
135118,0
137270,0
27164,0
85013,0
49325,0
122782,0
127164,0
86609,0
138419,1
16524,0
57218,0
24889,0
29232,0
128368,0
34897,0
3825,1
65949,0
71198,0
65847,0
24299,0
73319,0
116727,0
104378,1
127697,1
20310,0
29878,0
3436,0
97787,0
118742,0
68840,0
81528,0
12206,0
24915,0
133489,0
139161,1
36360,1
102709,0
139302,0
11696,0
108335,1
4265,0
50768,0
92269,0
6817,0
61600,0
121072,0
96361,0
4181,0
64195,0
11651,1
96001,0
98585,0
107258,0
135844,1
99006,0
6639,0
81980,0
41046,1
35255,0
76952,0
35761,0
65594,0
59446,0
26905,0
45486,0
60996,0
92788,0
126704,0
4876,0
51182,0
1605,1
4108,0
18349,0
67432,0
87816,0
136920,0
58343,0
74871,0
35330,0
111353,1
29860,0
75357,0
121585,0
123119,0
5693,1
35553,0
114397,0
49961,0
23813,1
109889,0
125286,1
138326,0
139366,1
75007,0
127408,0
6540,0
5537,0
139588,0
57053,1
45345,0
70672,0
11878,1
31225,1
55642,0
95116,0
75646,0
81766,0
107746,1
120388,0
60184,0
75237,0
73064,1
94569,0
123559,0
45721,1
133717,0
108578,1
103926,1
136267,0
82275,0
105711,0
79183,0
88964,0
14410,0
98923,0
106599,0
118906,0
63092,0
90606,0
72589,0
48063,0
76123,0
9523,1
122389,0
60147,1
27448,0
40797,1
58124,0
42846,0
67009,0
22621,0
37270,0
16018,0
118292,0
65551,0
134388,0
103448,0
68872,1
45741,0
84363,0
94833,0
110251,1
127056,0
91725,0
75101,1
124214,0
4784,1
60754,0
9612,0
61981,0
68033,1
138036,0
51656,0
50537,1
60221,0
121956,0
53804,0
116542,0
106725,0
86169,0
95462,0
38025,0
78713,0
87342,0
26330,1
41405,0
113639,0
36416,0
92021,0
64292,1
51115,1
39763,0
100742,0
67086,0
100702,0
80219,0
31722,0
68349,0
41750,0
57676,1
37149,0
38711,0
94135,0
34194,1
72404,1
31645,1
3545,0
38287,1
106005,0
95278,0
126526,0
90274,0
96262,0
90367,0
69095,1
52839,0
26075,0
126627,0
56901,1
89870,0
27755,1
77243,0
81069,1
106094,0
56763,0
107450,0
132762,1
45627,1
38866,0
120081,1
120460,0
48846,0
70925,0
46899,0
14838,0
48893,0
96733,0
105130,1
111821,0
137501,1
4508,0
60998,0
71244,1
83314,0
116514,0
128643,1
98277,0
39652,1
58536,0
79630,0
122152,0
93047,0
53461,0
58206,0
124715,0
59937,1
79362,0
121688,0
101633,0
13637,1
24236,0
78510,0
122451,0
9804,1
56266,0
24036,0
122130,0
92647,1
87580,1
82133,0
123757,0
75134,0
101532,0
130351,0
104970,0
107782,0
1545,1
38707,0
83662,1
25299,0
133210,1
64377,0
48946,0
42570,0
103004,0
42652,0
110494,0
116843,0
118917,0
84712,0
92298,0
3839,0
29421,0
129847,1
22195,0
140288,0
100658,0
119582,1
42655,0
2941,1
122849,0
74072,1
39650,0
81623,0
115851,0
43940,0
115183,1
125212,1
82069,0
97768,0
81347,0
55575,0
47422,0
56445,0
90555,0
140198,0
6021,0
99390,0
47280,0
37497,0
22750,0
120323,0
73752,0
36706,0
107202,1
87943,0
87247,0
138903,0
99779,1
64622,0
77169,0
37850,1
42600,0
43267,0
9440,1
116690,0
90054,1
60309,0
99011,0
88855,0
8329,0
78175,0
75981,0
60918,0
115818,1
35416,0
13259,0
104317,0
99060,0
51251,1
48474,0
93624,1
8471,1
54815,1
108820,0
26850,0
132960,0
38298,0
139514,0
2821,0
92486,0
52199,0
133831,0
26676,0
136915,0
58470,0
25874,0
132839,0
84582,0
72725,0
61065,0
119617,0
32472,0
19653,0
128906,1
53956,0
86063,0
83736,0
15489,0
25574,0
82613,0
90721,0
72398,0
116408,0
60919,0
101339,0
37790,0
62166,1
18297,0
60526,0
135772,0
139660,1
139024,0
124742,0
42703,0
61595,0
28293,0
51392,0
37094,1
9411,0
139918,0
64047,0
53347,0
68578,0
125939,1
60359,0
57425,0
43293,0
24780,0
15665,0
127501,0
37909,0
43761,0
68249,0
12456,0
117448,1
73934,0
51781,0
50357,0
96253,1
77268,0
21658,0
25431,0
10145,0
107362,1
21903,0
26279,1
39169,0
140283,1
36143,1
21496,0
127443,0
56202,0
38273,0
34061,0
65382,0
126719,0
62243,0
6,0
132812,0
50135,0
5945,0
119008,0
51814,0
107076,0
135881,0
21568,0
136589,0
15942,1
19032,0
136363,1
131076,1
110807,0
74403,0
126671,1
108667,0
108901,0
124930,1
52513,1
103921,1
44674,1
70616,0
34363,0
52910,0
48961,0
10476,0
86866,0
28684,1
45322,0
8112,0
61973,0
98425,0
63216,0
93704,0
81672,0
133238,0
90022,0
79252,0
120131,0
117431,0
35533,1
62503,0
31612,0
128519,0
139536,0
18117,0
104101,0
126090,0
49564,0
38109,0
75892,0
23869,0
70631,0
23498,0
117136,1
51989,0
50428,0
35809,0
26914,0
43947,1
56322,0
134502,0
11273,0
17444,1
118021,1
6200,0
76121,0
96501,0
77221,0
125233,0
38580,0
36224,0
80050,0
30069,1
109274,0
102209,0
20618,0
75961,0
135814,0
11766,1
102224,0
79530,0
88311,0
131849,0
79057,0
43459,0
127674,0
10915,1
137429,0
58367,0
58797,1
92765,0
6166,0
51909,0
63782,0
6917,0
33035,1
81866,0
121784,0
88038,0
127339,0
42542,0
4898,0
96180,0
13421,0
2020,0
127255,0
51422,0
70999,0
111878,0
8161,0
79700,0
130145,0
29243,1
57168,0
96073,0
74059,0
5504,0
123380,1
18803,0
14895,0
14095,0
86731,0
73518,0
102757,0
101247,0
2707,0
95023,0
102710,1
68118,0
46974,0
101667,0
106184,0
72019,0
39268,0
77691,0
105417,0
46193,0
130730,0
130750,0
236,0
47407,0
97372,0
99591,1
55865,0
64093,0
80113,0
84063,0
15997,0
34678,1
81699,0
88909,0
73256,1
98542,0
23314,0
43143,1
17758,0
42215,1
75943,1
100871,0
100585,0
120468,0
3791,0
21721,0
56673,0
6071,0
118711,0
22011,0
37030,0
71449,0
54530,0
20839,0
139842,0
122312,0
62677,1
891,0
132423,0
65034,0
25225,1
20557,1
116322,0
26267,0
13441,0
74331,1
114304,1
33784,0
110159,1
119972,0
64355,0
95923,1
140192,0
99383,0
98706,1
46830,0
118131,0
6181,0
24327,0
42203,0
94431,0
90759,0
50021,0
89940,0
2342,0
94090,0
41856,0
24106,1
120097,0
128113,0
31939,0
22548,0
128119,0
105601,0
137057,1
31101,0
21366,0
71822,1
107273,0
41894,0
79713,1
13343,0
45186,0
125793,1
46271,0
104627,0
26982,0
11808,0
57104,1
91865,0
62127,0
32886,0
131906,1
59873,1
92437,0
99330,0
51393,0
95083,0
137506,0
8099,0
14096,0
13898,1
66216,0
130388,0
35313,0
126856,0
74560,0
64326,0
62566,1
132632,0
35208,0
22909,0
122914,1
91932,0
44664,0
82229,0
25621,0
52064,1
90477,0
67301,0
26681,0
44071,0
81022,0
122789,1
7756,0
2671,0
44062,0
67070,0
130742,0
12925,0
88327,0
42859,0
56390,0
31585,0
93789,1
44600,0
1845,0
5145,0
10593,0
136863,0
7001,0
75510,0
72751,0
4727,1
90233,0
72079,0
92538,0
18770,0
5053,0
108735,1
107253,1
24433,0
119745,0
118556,0
26767,0
39427,0
107964,0
131291,0
76451,0
131856,0
84800,0
20485,0
44043,0
82709,0
75869,1
68984,1
74327,0
117769,0
91415,0
117369,0
49254,1
132358,0
86581,0
24359,0
25536,1
20333,0
53054,0
87373,0
74868,0
89232,0
83551,0
62584,0
140041,1
22936,0
76992,0
6013,0
111950,0
10761,0
16770,1
43278,0
40253,0
123048,0
41918,0
94015,0
113126,0
126206,1
65892,0
42564,0
21063,0
257,0
137920,1
128373,1
49728,1
52619,0
31541,0
32140,0
63268,0
13775,0
134917,0
61406,0
82760,0
68014,0
58468,0
32853,0
25321,0
86915,0
104764,0
51436,0
73765,0
129598,0
53979,0
101135,0
70737,0
74518,0
6415,0
1960,1
99018,0
42791,0
51847,1
41582,1
56680,0
72159,0
110286,0
46437,0
38467,0
83121,0
62950,0
12158,1
30226,0
105593,0
109628,0
81018,0
30842,0
9475,0
73492,0
3319,0
69029,0
7916,0
122737,0
12545,0
27770,0
37725,0
74908,0
57151,0
95714,0
14241,0
56678,1
118722,0
135751,0
81893,0
124623,0
23571,1
140696,0
25275,0
82772,0
118997,0
30235,0
45134,1
130348,0
130323,0
11680,1
131794,0
71623,1
89840,0
26427,1
64999,0
86215,0
136130,1
11671,0
12599,1
13576,0
20139,0
16989,0
115464,0
76619,0
92308,1
71853,0
120238,0
4284,1
115483,0
135659,1
96158,0
51524,0
18144,1
29477,0
102357,1
95881,0
133534,1
26440,0
100755,0
90153,0
73983,0
107987,0
108284,0
54949,1
20881,0
61451,0
122017,0
41491,0
36021,0
59750,0
3525,0
138163,0
124951,0
132917,0
85184,0
6869,0
86617,1
16874,0
121659,0
23126,0
70554,0
43670,0
121969,0
23335,0
117975,0
112566,0
105370,0
126853,0
78817,0
139055,0
99033,0
53122,0
4734,0
14060,0
96247,0
80639,0
12178,0
42001,0
72082,0
58850,0
64488,0
87806,0
24676,0
12454,0
51500,0
92662,0
70098,1
16255,0
51987,0
39091,0
129940,0
20731,0
49014,0
137573,0
7758,0
63924,1
51346,0
29472,0
26984,0
86245,0
107734,0
83555,0
121741,0
59383,0
2179,0
7233,0
123871,0
31834,0
14104,0
104006,0
106876,0
139184,0
56021,0
78230,0
50901,0
39803,0
28546,0
34487,0
14637,0
80900,0
108513,0
71132,0
104255,0
61095,0
34629,0
50340,0
52482,0
100829,0
99554,0
57465,0
107855,0
67688,0
60355,0
101930,0
78996,1
12846,0
135558,0
16191,1
50417,0
87989,0
54150,0
91697,0
90403,0
126987,0
107925,0
134272,0
21254,0
114653,0
13688,0
78391,0
8928,0
22752,0
101979,0
77284,0
123575,0
13420,0
130190,1
43837,0
16607,0
767,0
114580,0
84818,0
122980,0
23319,0
66015,0
83780,0
79327,0
23228,0
42548,0
73226,0
105218,0
84254,0
12197,0
71575,0
87532,0
3137,0
33811,0
133259,0
7556,1
44408,0
43461,0
111638,1
47000,0
70153,0
47022,0
3585,0
57177,0
31025,0
5347,1
10971,0
114876,0
106500,0
83248,0
134761,0
78592,0
27673,0
125386,0
71333,0
93442,0
105915,1
137190,0
102843,0
37809,0
66669,0
50898,0
121842,0
37837,0
120112,0
18212,0
45949,1
86871,0
114410,0
60966,0
35247,0
91916,0
113923,0
107800,1
130525,0
51148,0
92138,1
4356,1
54774,0
74345,0
12256,0
106917,1
139677,0
1935,0
6109,0
131020,1
65634,0
68373,0
78144,0
62574,1
84968,0
5075,0
109319,1
21550,0
35616,0
26503,0
16066,0
34139,0
26047,0
79692,0
84295,0
45425,0
103785,0
33252,0
12090,0
140399,0
64201,0
98817,1
68548,0
55991,1
10059,0
60508,0
73897,0
17144,0
116673,0
54267,0
37943,0
20383,0
58914,0
18689,0
96962,0
17328,0
5882,1
136011,0
83606,0
41171,0
9494,0
67060,0
128163,0
111049,0
42571,0
77781,0
45957,0
7864,0
10137,0
95131,0
40729,0
50101,1
134167,0
30324,1
26634,0
82176,0
45727,0
30023,0
83909,0
40322,0
17121,0
74024,0
82056,0
139022,0
49606,1
32250,0
124689,0
9809,0
91613,0
10323,0
27746,0
67625,0
32273,0
54280,1
13276,0
90287,0
76243,0
109825,0
93158,1
56075,0
14368,0
103882,1
35427,0
33863,0
38034,1
48322,0
36980,0
39074,0
85301,0
103330,0
63937,0
20951,1
88204,1
71141,0
136521,0
74117,0
61297,0
19284,0
35720,0
99559,0
123018,0
135389,0
88660,1
77657,0
138924,0
34360,0
12866,0
47321,0
23786,1
25869,0
124474,0
65018,0
35886,1
118644,0
87738,0
22210,1
17265,0
118121,0
73520,1
18333,1
137824,0
10142,0
130135,0
37631,0
99770,1
57198,1
116478,0
136134,0
67495,0
107275,0
139253,0
84493,0
66982,0
108464,1
53242,0
92966,0
128166,0
82338,0
19840,0
99319,0
15502,0
77774,0
80664,0
376,0
44618,0
64212,0
90782,0
97733,0
129738,0
24809,0
110092,0
130202,0
53209,1
138299,1
54367,0
117870,0
48074,0
21147,0
60242,0
9986,0
68504,0
62227,0
103949,0
103493,0
4681,0
68257,0
23572,0
30096,0
67042,1
15620,1
62736,0
129806,0
7473,0
15492,1
44158,0
6584,0
40005,1
20051,0
136260,0
45079,0
20074,0
133050,1
60627,0
81446,0
111463,0
34524,0
17653,0
128528,0
91034,0
90860,0
89993,1
22884,0
9337,0
9678,0
104090,0
136470,0
112362,0
5714,0
106862,0
133557,0
114734,0
119489,1
96621,0
65369,0
72473,0
56974,0
41852,1
88868,0
135773,1
95031,1
19862,1
13061,0
10521,0
12221,1
31656,0
99051,0
51231,0
121767,1
77493,0
44206,0
122495,0
78563,0
136043,0
46888,0
111891,0
91440,0
23843,0
87592,0
116217,0
59112,1
21117,1
69331,0
17684,0
58282,0
11569,0
109985,1
116785,0
90355,0
88826,0
64244,0
37083,0
139005,0
15078,0
120482,0
116749,0
68114,0
6529,0
105539,0
13237,0
103891,0
138759,1
10871,0
136082,1
73104,0
108429,1
85203,0
21656,0
59925,0
135464,1
98847,0
108260,0
135255,1
22639,0
97438,0
51534,1
3414,0
85019,0
75273,0
121404,1
12115,1
49837,0
130691,1
49247,1
104046,0
119029,0
38960,0
99753,0
103647,0
18430,1
62242,0
101004,0
99316,0
111203,1
70919,0
61793,0
38032,0
112891,0
40867,1
70283,0
122809,0
88649,1
130275,0
19596,0
11410,0
61565,0
28914,0
14079,1
125708,0
105388,0
25924,0
88924,0
17072,1
42952,0
118662,0
87027,1
111471,0
38605,0
118657,0
18282,0
103611,0
86656,0
112078,0
85983,0
28828,0
106987,1
24414,0
106368,0
100532,0
101444,0
106736,0
76436,0
26342,0
19808,1
12636,0
122085,0
57468,1
133544,0
103804,0
29015,0
130414,0
26605,0
129078,0
58831,1
85376,0
53502,0
58910,0
119018,0
67663,0
7000,1
94304,0
100727,0
17200,0
43996,0
133332,0
119237,0
79483,1
102871,1
18159,0
710,0
126958,0
3554,0
61791,0
30006,0
75909,0
19967,1
113838,0
57010,0
122087,1
810,0
123993,0
23243,1
115543,1
34713,0
75898,0
26552,0
78575,0
108214,1
23109,0
130646,1
16489,0
57293,0
40228,0
85256,1
136881,0
112591,0
41015,0
90692,1
33386,0
14256,1
63516,0
28643,0
37425,0
46878,1
105313,0
64892,0
133392,0
104215,0
88021,0
94517,0
21507,0
46641,0
61305,0
89836,1
138056,0
125692,0
123811,1
84399,0
54473,0
81453,0
42608,0
100442,0
63979,0
92750,0
61024,0
67407,0
51841,1
60547,0
30072,1
126579,1
86308,0
20524,0
55654,0
30238,1
73930,0
106841,0
113494,0
3914,0
82591,0
99796,0
67642,0
87121,0
26040,0
126256,0
73214,0
49283,1
71037,0
41025,0
92737,0
21985,0
12500,1
43668,1
57040,0
85578,0
128280,0
99219,0
104736,1
10047,0
15421,0
33696,0
75311,0
137062,0
56616,0
58324,0
44539,0
7330,1
100421,0
88843,1
6176,0
124661,0
132571,1
136500,1
85901,0
43487,0
125778,0
99908,0
41252,0
117979,0
86156,0
80190,0
89625,0
90264,0
105611,1
40904,0
88150,0
17883,0
1113,0
21958,0
17799,1
65284,1
133470,0
111289,1
66182,0
54397,0
79508,0
84075,0
110378,0
97692,0
9220,0
134508,1
84143,1
24077,1
77954,0
104997,0
22520,0
78751,1
46964,0
121770,0
16529,0
31382,0
69049,1
18023,0
5935,0
32862,0
9980,0
67722,0
49998,1
42759,0
29933,0
120761,0
80694,0
98907,0
18765,0
14696,0
76293,0
99725,0
8693,1
83073,0
40420,0
119702,0
57257,1
97865,0
26782,0
89721,1
134668,0
4259,0
129226,1
9858,0
115727,0
98578,0
130895,1
9365,1
72665,0
77058,0
54097,1
2171,0
66944,0
127394,1
96695,1
35878,1
127288,0
122157,0
122303,0
133562,0
21465,1
11562,0
15104,0
106859,0
20859,0
37350,0
96757,0
117176,0
6268,0
63813,1
58437,0
133454,1
12577,0
17461,0
128450,0
111416,0
58035,0
65635,0
97884,0
101514,0
89953,0
106734,0
52715,1
8042,0
60570,0
42639,0
129051,0
125565,0
15094,0
96393,0
17119,0
70573,0
111537,0
56858,0
64669,0
41822,0
87270,0
9704,0
67705,1
57305,0
85162,1
15689,0
40503,0
88217,1
18383,0
98294,1
16054,0
8953,0
70990,1
51690,0
28115,0
44129,0
85488,1
131387,0
86879,0
104805,0
98448,0
14170,0
88391,0
39944,0
109538,0
26010,0
32181,1
135987,1
57295,0
46461,0
80804,1
116535,0
134511,0
107351,0
99984,0
66896,0
136762,0
47488,0
43880,0
4765,1
87201,0
128660,0
12075,0
94561,0
14920,0
30568,0
46220,0
13132,0
126554,0
119141,0
37844,1
81892,0
90056,0
105519,0
81679,0
19434,0
62429,0
98536,0
121418,0
89440,0
33080,0
107339,0
21821,1
19120,0
62609,0
43523,0
88987,1
96754,0
93073,0
94621,1
110182,0
38540,0
14298,0
1179,1
111345,0
5154,0
94056,1
36674,0
83461,0
74285,0
99575,0
44636,0
117553,0
75128,1
126205,0
13184,1
85595,0
51728,0
12509,0
55992,0
116113,0
131044,0
117645,0
105255,0
78626,0
2889,0
75421,0
108651,0
28391,1
32266,1
58189,1
42263,0
81075,0
121868,0
139764,0
123777,0
69767,0
64378,0
25537,0
72141,1
30944,0
51353,0
25183,1
65909,0
111568,0
97427,1
12345,0
84297,0
66502,1
13456,0
117477,1
13639,0
102818,0
78991,0
36311,0
108668,0
132714,1
136624,0
137816,0
33555,0
74847,0
18219,0
98333,0
117792,0
21751,1
126014,0
119409,0
45522,1
18867,0
41393,0
97500,0
131042,0
51956,0
134284,1
11894,0
85751,0
129761,0
23113,0
119776,0
84055,0
105504,0
17544,0
38455,1
66920,0
65438,1
95679,0
52928,0
13031,0
97898,0
71705,0
72809,0
80496,0
138524,1
68564,0
89830,0
106200,1
24182,1
121046,0
15979,1
139605,0
30733,0
62975,0
133952,0
81967,0
82000,0
25556,0
4602,0
40677,0
137162,0
40039,0
2085,0
50812,0
25592,0
119861,1
9398,0
22523,0
117280,1
32531,0
31528,1
75121,0
104932,0
29173,1
42605,0
89604,1
118899,0
26134,1
983,0
17972,0
133251,1
81804,1
133109,0
140420,0
62040,0
115861,0
92693,0
8758,0
25821,0
140356,0
22887,0
1885,0
35781,1
55848,1
138500,0
110792,1
113514,0
61869,0
58288,0
111,0
132833,0
80950,0
82697,0
104539,0
70858,0
48711,1
69963,0
72097,0
94822,1
22692,0
54039,0
109007,0
82673,0
74328,0
125865,0
133399,1
136893,1
73274,0
132361,0
17818,0
59672,0
92821,0
121829,0
23365,0
62428,0
35269,0
108091,0
34929,0
77984,0
94060,0
78831,0
79475,1
117066,0
39224,0
69716,0
28191,0
119181,0
99132,0
76372,0
120692,0
110294,0
29249,0
113640,1
70918,1
29850,0
105472,0
75574,0
112612,0
6594,0
104941,0
58752,1
105631,0
34239,0
94354,0
1883,0
22571,1
48359,0
109557,0
73503,1
36056,0
42807,0
11100,0
77540,0
17421,1
45941,0
65286,0
130715,0
128719,0
81948,0
109276,0
73021,0
97823,0
76814,1
140604,0
46785,0
35190,0
136118,1
42295,0
21032,0
40386,0
116538,0
79745,0
90179,0
43215,1
101463,1
8035,0
44987,0
85148,1
35405,1
95905,1
4980,0
42855,1
127307,0
10449,0
60455,0
53615,1
52010,0
11636,0
102505,1
84569,0
132969,1
79720,0
6897,1
139533,0
68632,0
67071,0
70607,0
113875,0
93081,0
124123,0
98665,0
20400,0
113341,0
138666,0
132156,1
19402,1
46730,1
112872,0
113634,0
24306,0
48533,0
60925,0
47008,0
110968,1
116085,0
119179,0
86676,0
76102,0
67661,0
126483,0
133803,0
33664,0
84178,0
102468,0
115854,0
19505,0
118922,0
72631,0
119119,0
120076,1
67619,0
139403,0
137913,1
99133,0
62853,0
55384,1
96945,0
15950,0
116626,0
14171,0
96563,1
108487,0
81692,0
75740,1
33209,0
28820,0
77680,1
9193,0
100847,0
51962,1
75156,1
10683,0
120342,0
116336,1
82336,0
76661,0
9104,0
25185,0
12411,0
90375,0
82696,0
118357,0
119997,0
130167,0
104838,0
74212,0
36025,0
26322,0
128462,0
95030,0
85978,0
100063,0
77892,0
117552,0
30996,0
127993,0
41254,0
9149,1
43801,1
57154,0
30599,0
135976,0
14689,0
37799,0
127938,0
8717,1
41470,0
56570,0
136006,0
16397,0
122254,0
106909,0
102214,0
88354,0
11745,0
95040,0
31626,1
99951,0
73989,0
57564,0
93500,0
32572,0
48217,1
19861,0
8601,0
28919,0
41896,0
30519,0
110649,0
80334,0
126159,0
131662,0
98623,0
6275,0
107897,0
6761,0
3329,0
27095,0
50113,0
30515,1
53885,1
75051,0
48738,0
75978,0
97205,0
118659,0
48679,0
128742,0
50330,0
80476,0
14624,0
45510,0
72144,1
3371,1
87813,0
129878,1
84457,0
1784,0
25198,0
35721,0
24525,0
198,0
89675,0
51589,1
59638,1
57172,0
334,0
62547,0
37791,0
73410,1
116386,1
106877,1
28983,0
13888,0
135986,1
43854,1
64941,1
104889,1
88726,0
23400,1
79717,0
78746,0
8429,0
95960,0
126714,0
72880,0
68644,0
64822,0
113757,0
84690,1
30437,0
13004,0
66477,0
27749,0
129113,1
94395,0
22111,0
48367,0
38230,0
62871,0
86402,0
3077,0
3543,0
217,0
50729,0
66987,0
57063,0
91299,0
126836,0
46244,0
68972,0
116983,0
62627,0
13291,1
124875,0
27278,1
134951,0
107808,0
117969,0
19290,0
20640,0
26259,0
113297,0
121388,0
27591,0
22812,0
99388,0
40901,0
10892,0
30512,0
14496,0
11102,1
102473,0
47194,1
53261,1
9371,1
139199,0
134977,0
31689,1
72536,0
67877,0
112605,0
132752,0
112115,0
55488,0
113778,0
45049,1
33366,0
98005,0
128421,0
11753,1
20581,0
101433,0
21636,0
42101,0
67199,0
9903,0
86265,0
68469,0
122611,0
43384,0
23347,1
132485,0
110609,1
62944,1
5990,0
28216,0
98232,0
30220,0
18480,0
40056,0
7702,1
112878,0
24563,0
47743,0
57724,0
102846,0
104446,0
17218,1
84239,1
86762,0
84274,0
12474,0
44126,0
126630,0
103560,0
122330,1
122061,0
72474,0
85737,1
46424,0
119874,0
97931,0
20131,0
128852,0
61882,0
63976,0
121154,0
115190,0
106767,0
114694,0
87214,0
7800,1
123832,1
28170,0
63447,0
83340,0
29785,0
100647,1
82580,1
92957,0
71387,0
99803,0
48144,0
60480,0
73615,1
13638,0
109793,1
110007,0
106329,0
82252,0
91433,0
860,0
75873,0
37292,0
97867,0
18712,0
34936,0
14482,1
6061,0
31331,0
135496,0
48583,0
80002,0
125217,1
103123,0
21070,0
19717,0
23875,0
66208,0
138613,0
25316,0
97774,0
117864,0
71960,0
27932,0
46229,0
110743,0
7910,0
53952,1
136941,0
123633,0
24969,0
16867,0
138340,1
85147,0
136565,0
7704,0
119251,0
90345,1
50143,1
26181,0
76119,0
128988,0
129538,1
78513,1
20180,0
61377,0
35960,0
32341,0
108083,1
73617,1
126961,1
122143,0
39016,0
30590,0
97665,0
133170,0
37577,1
8259,0
82346,0
21937,0
70223,0
110686,0
50757,0
52422,1
9178,0
126292,0
61697,1
111552,0
127442,1
1689,1
38189,1
66512,0
74501,0
33326,0
85808,1
83438,0
23393,0
10295,0
18136,0
121615,1
109113,1
69010,0
106927,0
85867,0
36466,0
43830,0
82784,0
110195,0
48042,0
26533,1
29869,0
118262,0
15384,0
69400,0
50496,0
86054,0
51632,0
42355,0
130222,0
32209,0
83768,0
58213,0
134983,0
97339,1
122450,0
97072,0
62933,0
106384,1
77252,0
49637,0
28702,0
63011,0
104073,0
5995,1
92223,0
23100,0
64251,1
41505,0
95460,0
8662,0
103113,0
120697,0
129855,0
52644,0
68518,0
79480,0
44962,0
47378,0
79367,0
6905,0
12194,0
8563,0
108266,1
73875,0
36204,0
23186,0
53222,0
64968,0
111822,0
129691,0
98126,0
46769,0
97641,1
76513,0
112128,0
116128,0
125545,0
109008,1
86294,0
96396,0
86200,1
2621,0
117536,0
140390,0
135705,0
134635,0
7262,1
104806,0
127647,0
17099,0
18398,0
50187,0
133112,0
138467,0
54220,1
27754,0
101591,0
125806,1
111900,0
23157,0
134849,0
115521,0
88414,0
34630,0
6432,0
93649,0
21077,0
84252,0
63519,0
118565,0
78584,0
66410,0
13783,0
77348,0
61251,0
22316,0
39209,0
29572,0
19124,0
73092,0
61281,1
117458,0
10179,0
76877,0
518,0
91780,1
66047,0
71569,1
49607,0
35780,0
39995,0
72367,0
24865,0
56607,1
65867,0
59156,0
134387,0
68837,1
108000,0
20698,0
35088,0
81296,0
38759,1
31322,0
68686,0
20030,0
96213,0
71624,1
36063,0
61959,0
111533,0
98486,0
21988,1
101349,0
112835,0
108580,0
15470,1
113350,1
64562,0
89826,0
67659,1
24647,0
61960,0
23680,0
97004,0
62482,0
8645,0
91484,0
79018,0
43348,0
120766,0
93028,0
25420,0
23897,1
123322,0
72877,0
91519,0
74590,0
97603,0
105735,1
92309,0
126559,0
67231,0
58339,0
134708,0
68450,0
89578,0
52899,0
13013,1
120064,0
85528,0
53498,0
88692,0
98833,0
65356,0
6107,0
86784,0
57914,0
56047,0
59152,0
139014,0
138545,0
102099,1
26378,0
37757,0
69988,0
12718,0
124133,0
15855,0
39286,0
95449,0
13704,1
41136,1
81759,0
2674,1
115320,0
2677,0
116061,0
98437,0
90411,0
30343,0
39618,0
55038,0
23357,0
96609,0
51049,0
140074,1
8482,1
110793,0
64894,0
101536,0
29606,0
51913,1
124398,0
28710,0
99200,0
63607,0
49487,0
25588,0
63366,1
117495,0
111622,0
55253,1
84783,0
70240,0
81778,0
67876,0
14579,0
111262,1
125993,0
46863,1
53286,0
28958,0
17183,0
15320,0
120139,1
64038,0
126587,0
51893,0
57424,1
21332,0
108824,1
114972,0
9782,0
63161,0
49161,0
106220,1
68790,0
110973,0
107959,0
58234,0
13476,0
40295,0
8281,0
65976,0
66298,1
127629,1
38327,0
5854,0
49875,0
91557,0
21987,0
13745,0
52030,0
52454,0
52372,0
137087,0
121036,0
12506,1
99862,0
39761,0
83596,1
52446,1
32149,0
40011,0
95053,0
15414,0
119686,0
43407,0
111872,0
126379,0
59303,0
5120,0
29739,0
71406,0
119024,0
48546,1
16725,1
83629,0
46664,0
122526,1
112331,1
129955,0
130776,1
119112,0
62092,0
130505,0
97391,0
26744,0
37609,0
11620,0
16701,0
77155,0
135640,0
68728,1
55336,1
54666,0
68002,0
47647,0
14881,0
69266,0
39926,0
37397,0
67668,0
47152,0
102908,0
64898,0
33722,0
123051,0
40827,0
105228,0
55161,0
59629,1
43612,0
20326,1
39484,0
38752,0
48456,0
21735,1
106505,0
36346,0
121320,0
48990,0
76950,0
42938,0
132518,0
96732,0
3595,0
79625,0
108633,0
60629,0
106309,0
78786,0
66374,1
115741,0
114613,0
99752,0
47435,0
56204,1
123948,0
43727,0
126135,1
133757,0
99531,0
137594,0
25457,0
8185,0
73169,1
22379,0
112368,0
71703,0
99097,0
19048,1
135863,1
109856,0
10481,0
34374,0
24977,0
129221,1
131440,0
31490,0
9758,0
34560,0
121735,1
36806,0
87551,0
22650,0
80995,1
23235,0
8169,0
60841,0
94054,0
31944,0
34622,0
104646,0
41432,0
13779,0
96322,0
99682,0
6114,1
80690,0
5176,0
86976,0
112711,0
60345,0
137075,0
30610,0
93580,0
13373,1
44794,0
95144,0
5604,0
6571,0
89284,1
8918,0
10194,0
93346,0
93983,1
27422,0
61191,0
123473,0
124392,0
96889,0
10396,1
30780,0
42422,1
18956,1
19150,0
95826,0
13177,0
98228,0
60329,0
89171,0
31594,0
11891,0
53881,0
131487,0
42680,0
84316,0
123693,1
28770,0
13627,1
79736,0
94073,0
44840,0
115253,0
133506,0
22042,0
63717,0
80909,0
19185,0
76080,0
98636,0
98313,0
12383,0
68266,0
79023,0
80576,0
55720,0
85160,0
9301,0
66528,1
2249,0
135977,0
70547,0
129839,0
8496,0
136820,0
98051,0
30053,0
108599,0
131199,0
8114,0
45332,0
130072,0
46505,0
53883,0
43818,0
86155,0
26097,1
114281,0
68525,0
59085,0
100869,0
76536,0
101348,0
117966,0
63445,0
78356,0
59313,0
581,0
28243,0
53355,0
49524,0
73513,0
65145,0
140371,0
56749,0
135525,0
13159,0
36458,0
89903,0
77516,0
10702,0
131773,0
25175,0
81786,0
78820,0
116393,0
11374,1
49210,0
137765,0
64179,0
129294,0
114973,0
39785,0
62739,0
62131,1
120715,0
140327,0
44051,1
119073,0
45004,0
33431,0
78621,0
18031,0
19208,0
109188,0
32580,0
18425,0
129595,0
11899,0
33607,0
98945,0
112661,0
21950,0
35276,0
42186,0
19581,1
109771,0
33396,1
135949,1
106132,0
80301,0
43018,0
95112,0
75314,1
71193,0
104637,0
54565,0
61818,0
91167,0
56710,0
118332,0
49591,0
36318,0
138952,1
103136,0
125164,0
16670,0
45703,0
105172,1
77791,0
25840,0
73241,0
28674,0
15805,0
132281,0
86721,0
88475,0
69204,0
135880,0
111624,0
25632,0
44361,0
131396,0
785,1
1687,0
140593,1
77937,1
88022,0
1392,0
7913,0
29931,0
127901,1
44202,0
9455,0
88033,0
8494,0
91649,0
21314,0
122353,0
69956,1
134798,0
70011,0
5048,0
58329,0
103670,0
93678,0
51105,0
112341,0
38262,0
68955,0
31221,0
53808,0
56433,0
88991,1
132805,0
122124,0
69126,0
109135,1
85655,0
43277,0
129426,1
115317,0
16923,0
55097,0
41446,0
108932,0
87078,0
53776,0
68971,0
55281,0
126988,0
37535,0
48602,0
15604,0
74139,1
109200,0
16829,0
96704,1
46998,0
24318,0
8988,0
2570,0
40319,0
111686,0
108789,0
34776,0
31565,0
43878,0
24047,0
121706,0
32911,0
953,1
74554,0
2564,1
138301,0
126766,0
26374,0
84270,0
28523,0
132038,1
88856,0
29406,0
111875,0
17723,0
108751,0
106682,0
34157,0
19531,0
71689,1
102088,0
86940,1
116800,0
76404,0
131861,0
82674,0
78430,0
66277,0
111302,0
90825,0
116309,1
136406,0
112181,0
51717,0
101138,0
54771,0
73515,1
33108,0
78267,0
27256,0
120924,0
63815,0
85473,1
68453,0
3475,0
42746,0
73807,0
32707,1
72352,0
99076,0
22805,1
33585,0
101372,1
20125,0
65869,0
3318,0
78841,0
117660,0
24568,1
117114,0
67696,0
59276,0
89088,0
10535,0
63396,0
86208,0
103025,0
37454,0
83086,0
118626,0
137171,0
105738,1
73646,0
85997,0
128259,0
3641,1
62564,0
64275,1
122575,0
84124,0
37671,0
16072,0
81516,0
80200,0
71742,0
98579,1
116684,0
11241,0
21714,0
129195,1
135516,1
118757,0
126941,1
44089,0
59679,1
39601,0
76167,0
4823,0
79707,1
35914,0
36584,0
135356,1
76641,0
39301,0
42798,0
120578,0
133677,0
75324,0
61249,0
71816,0
59770,0
633,0
41482,0
60856,0
9238,1
120588,0
131888,0
97118,0
27244,0
120965,0
125635,0
9354,0
73538,0
127551,1
118949,0
58700,0
1151,0
21150,1
41651,0
51354,0
45947,0
42953,0
53574,1
90955,1
104914,1
72640,0
66908,0
113564,0
15639,0
38637,0
66659,1
137668,0
134480,1
12478,0
80061,0
27423,0
74564,0
25871,0
72047,1
70754,1
36530,0
139579,0
44965,0
69033,0
131806,0
15675,0
98446,0
91201,0
20189,0
80411,1
90479,1
76392,1
131702,0
136542,0
7423,0
6768,0
28708,0
118706,0
126697,0
88706,0
88042,0
56208,0
55069,0
277,0
92513,0
137515,0
115121,0
121156,1
8083,0
37575,0
90316,0
15840,0
99655,1
1283,0
26337,0
59294,1
139113,0
59986,0
92401,0
62251,1
105553,0
121561,0
68524,0
34613,0
39253,0
77181,1
130760,0
102944,0
54209,0
1839,0
7058,0
45382,0
45113,0
87040,0
2346,0
53608,0
21501,0
16574,0
52634,0
137039,0
51919,0
119334,0
17933,0
136457,0
4939,1
50425,0
78654,0
20456,0
23626,1
24062,0
4902,0
11793,1
56211,1
16747,0
45195,1
105065,0
74084,0
54177,0
63919,0
102320,0
137929,0
100216,0
16595,1
54544,1
118505,0
105585,0
5893,1
59568,0
81053,0
80183,0
51688,0
140645,1
62808,0
59343,0
101567,1
130098,1
63166,1
19065,0
84838,0
130868,0
32530,0
13048,0
72441,0
62337,0
9817,0
76685,0
101464,0
85720,0
102895,0
100082,0
32782,0
23673,1
85788,1
19603,0
66442,0
21666,0
66324,0
59852,0
59587,0
92436,0
2230,0
10126,0
56017,0
78992,1
98423,0
134207,0
41415,0
103517,0
67520,0
4069,0
27454,0
31792,0
112323,0
54831,0
43189,0
19405,0
96372,0
137055,0
99423,0
12946,0
19482,0
18511,1
44181,0
99982,0
104486,0
132323,1
76054,1
41892,0
16596,1
35611,1
100440,1
94685,0
120797,0
17311,0
20376,0
1477,0
10443,1
85047,0
53830,0
55323,1
77300,0
53939,0
14083,0
52594,0
121708,0
140655,0
94016,0
45817,0
119775,0
117389,1
113754,0
79847,0
56255,1
7776,0
69009,0
79802,1
66210,0
65283,0
65640,0
85449,0
29985,0
72904,0
96234,0
111390,0
66012,0
127947,0
4975,1
77786,0
73328,0
112170,0
84991,0
43604,1
20688,0
32065,0
79072,0
13455,0
42788,0
38929,1
30261,1
137844,0
68089,0
125931,1
123245,0
12729,0
6014,0
34385,0
139619,1
68142,0
5800,0
20894,0
123937,0
98595,1
99306,0
53756,1
65807,0
128627,0
23395,0
3711,0
109058,0
27270,0
34445,0
140344,0
32473,0
102956,0
74990,0
111598,0
120470,0
100204,0
112808,1
9048,0
12836,0
35115,0
95681,0
8664,0
128777,0
60877,0
106883,0
111767,0
6191,0
10666,0
22103,0
23020,1
9627,1
42477,1
40995,0
122432,0
124679,0
5716,0
113269,0
44367,0
92131,0
92980,0
114859,1
41502,0
64475,0
106907,0
82813,0
6877,0
523,0
2670,0
71683,0
44928,0
16855,0
130013,0
78328,0
5698,1
98842,0
4355,0
93447,0
125558,0
22229,0
129578,0
49461,0
92751,0
97463,0
4285,0
48548,0
61332,0
87047,1
38725,0
102758,0
129401,0
66260,0
115877,0
15698,0
90817,0
125324,0
107651,0
66968,0
123111,0
114222,0
24792,0
84073,0
118629,1
81389,1
137234,0
51514,0
81287,0
117248,1
43866,0
95507,1
55258,0
110339,0
96271,0
15073,0
77052,0
136478,0
86071,1
81568,0
72901,0
133847,0
15885,0
34546,1
99692,0
75721,0
67276,0
138108,0
328,1
25661,0
19297,0
42577,0
7340,0
132627,0
51475,0
93330,0
18042,0
3401,1
51716,0
21537,1
36388,0
99393,0
140489,0
117565,0
10692,0
136429,0
46726,0
97328,0
4873,0
94954,0
86790,0
31823,0
121916,0
114068,0
37,0
1522,0
119643,0
1337,0
27313,0
90767,0
34632,0
41857,0
134198,0
48812,0
136646,0
26128,1
136935,0
117753,0
104507,0
45277,1
70241,0
58193,1
38495,0
59569,0
2087,0
53002,0
39293,0
113362,0
5464,0
33803,0
82969,0
40275,0
68740,0
99940,0
9695,0
137521,0
62146,0
49307,0
72636,0
46697,0
77679,0
97798,0
105622,1
89240,0
80562,0
117198,0
118376,1
131597,0
31972,0
109027,0
10173,0
45803,1
20084,0
72222,0
45372,0
13269,0
76025,0
56743,0
51134,0
44927,0
10990,0
65694,0
86114,0
5585,0
85283,0
121775,0
9320,1
111201,0
75349,1
76586,0
2040,1
91788,0
75274,1
58168,0
75468,0
112185,0
131961,0
82973,0
110532,0
45355,0
94519,0
39528,0
71207,0
128966,0
96768,1
95051,0
80477,1
79390,0
129488,0
133897,0
89452,1
44167,0
77275,1
108122,0
26362,0
93254,0
1018,0
101007,0
9589,0
23350,0
127670,1
139581,1
47621,1
24846,0
138721,0
40425,0
107297,0
115625,0
18179,1
107650,0
110111,1
58260,0
122460,0
86592,0
50865,0
17575,0
129013,0
119245,0
32925,1
102973,0
98671,0
25689,0
94345,0
27379,0
58534,0
7429,0
49345,1
130719,1
34939,0
34611,0
100831,0
72055,0
59659,1
79334,0
26297,0
22980,0
26537,0
62370,0
7569,0
65616,0
132175,0
123033,0
101857,0
83829,0
14406,0
17388,0
80612,0
130401,1
121672,1
99533,0
94573,0
7650,0
18024,0
58336,0
32058,0
120972,0
118266,0
122452,0
75743,0
115494,1
137654,0
3021,0
120953,0
131090,0
52325,0
100530,1
116631,0
109521,0
62568,0
21342,0
15748,0
23372,0
3732,0
61280,0
108984,1
110940,0
21116,1
134275,0
69973,1
113861,0
77801,1
72848,0
78318,1
133278,0
99214,0
97608,0
6245,0
65884,0
136237,1
31300,0
64715,1
55203,0
112283,0
92780,0
25332,0
24368,0
12072,1
57087,0
77014,0
69319,0
85921,0
124037,0
110663,0
117683,1
137324,1
14186,1
5989,0
57517,0
119814,0
17843,0
55729,0
131860,0
65654,0
100622,1
103154,1
131716,0
96640,0
114592,0
138458,0
53901,1
8810,0
88068,0
111693,0
87656,0
106770,0
6211,1
140435,0
84664,0
98925,0
92860,0
112516,0
121546,0
7271,0
93925,0
25405,0
134848,0
42573,0
64865,1
81538,1
80683,1
23525,0
70157,0
103155,0
58965,1
120861,0
128265,0
45171,0
78928,1
70289,0
12581,0
7894,0
61200,0
131667,0
42403,0
43298,0
135056,1
140062,0
72878,0
2638,0
84731,0
106965,0
125107,0
135107,1
114388,0
52343,0
109989,0
135160,0
135102,0
44145,0
37095,0
139772,0
105879,0
58624,0
111114,1
45266,0
99471,0
111073,0
78160,1
76021,0
75884,0
57553,1
68596,0
76481,1
91977,0
17657,1
47627,0
130754,1
9972,0
82429,0
118240,0
89363,0
28023,0
118819,0
101184,0
52074,0
3570,1
23566,0
54758,0
39612,0
99585,0
89121,1
121505,0
12189,0
43597,0
1215,0
119741,1
97612,0
57999,0
27986,0
76452,0
123702,0
62973,1
122821,1
98809,1
31495,0
2754,1
85324,0
63570,0
60162,0
113500,0
34352,0
41033,0
60891,0
17585,1
16660,0
105931,0
38244,0
49453,1
72822,0
136904,1
29652,0
36494,0
97258,0
130380,0
84471,0
81032,1
74261,0
101571,0
46820,0
78133,0
59708,0
96124,0
94267,1
115602,1
105371,0
43909,0
77675,0
90246,1
61270,0
10829,0
130347,0
38900,0
106342,0
35760,0
16143,0
33978,0
117436,0
66188,0
66534,0
123271,0
129548,0
21837,0
92830,0
92270,0
27463,1
131145,0
56214,0
89570,0
15133,0
23289,0
80896,0
52664,1
77100,0
68337,0
84542,0
130634,0
125701,0
83636,1
6681,0
136706,0
33776,0
135857,0
63052,0
258,0
52824,0
43709,0
139394,0
59818,0
83871,0
131134,0
74875,0
130602,1
43442,0
3949,0
45962,0
131465,1
85165,1
107038,0
121067,0
39782,0
75741,0
25942,0
36592,0
91215,1
6738,1
64081,0
629,0
31498,0
60947,0
122448,1
115756,1
104433,0
30965,0
140203,0
133222,0
3974,0
115125,0
25375,0
106484,1
102047,0
79874,1
43667,0
106529,0
72966,0
56201,0
77273,0
74401,1
109540,0
72425,0
57524,0
18902,0
100465,1
101641,0
22085,0
65210,1
95786,0
88723,0
34395,0
86974,0
72416,0
60792,0
60719,1
8409,1
56414,0
41419,0
33507,0
121123,0
68076,0
21773,0
100567,0
89130,0
109255,0
116004,0
109123,0
113611,0
111922,1
98050,0
72284,0
30300,1
117843,0
79102,0
61889,0
26704,0
71464,0
95839,0
37372,0
44171,0
40617,0
88096,0
1096,0
96976,0
50158,0
87144,1
84751,1
904,0
23223,0
47797,0
72684,0
52172,0
114726,0
3125,0
70524,0
36799,0
48572,0
117138,0
66770,0
66866,1
13349,0
47473,0
126438,0
39058,0
115957,0
57085,0
60159,0
103588,0
49030,0
28315,0
97790,0
129652,0
25660,0
114593,0
50344,1
103512,0
18771,0
113873,0
87628,0
133550,1
16516,0
93391,0
12896,0
117345,0
28320,1
88860,0
25403,0
20330,0
106726,0
37887,0
10676,0
41831,0
94788,1
116382,0
21576,0
49968,0
30330,0
136136,0
97260,0
114426,0
140590,0
90139,0
114121,1
110403,0
6305,0
25544,1
63243,0
76718,0
47531,0
11460,0
27224,1
102696,1
27944,0
38392,0
122111,0
82360,0
109225,0
28599,0
77882,0
52502,1
28465,0
30236,0
121045,0
73222,1
105169,0
23743,0
106562,0
116742,0
139033,1
81767,0
121207,0
102571,0
78448,0
543,0
123661,0
31719,1
113721,0
36302,0
48873,0
109687,1
50150,0
122898,0
106346,0
80985,0
66737,0
24425,0
10532,0
45424,1
41468,0
118197,0
6179,0
58427,0
12291,0
130001,0
33381,0
72230,1
91089,0
107617,0
22731,0
125428,0
127066,0
25227,0
1095,0
59498,0
38570,0
96328,0
5796,0
17886,0
27962,0
23929,0
25153,0
127759,0
78774,0
10214,0
91762,0
140567,0
10143,0
1979,0
64249,0
54676,0
59613,0
107200,0
128378,0
76684,1
1892,0
60602,0
24478,0
91468,0
64095,0
105905,0
137236,0
79967,0
448,0
101955,0
116864,0
114440,0
127656,0
116337,0
10460,0
54704,0
113783,1
130997,1
125038,0
118935,1
6219,0
59772,0
30234,1
67719,0
126748,0
121482,0
23181,0
81299,0
45678,0
22700,1
138749,0
67828,0
110911,1
106669,1
22360,0
80215,0
52282,1
54900,0
78432,0
69980,0
104928,0
127360,0
98610,0
118238,0
35686,0
82080,0
21715,0
72020,0
96536,0
4450,0
79604,1
72185,0
17132,0
84007,0
99087,0
87756,1
37419,0
9360,0
109944,0
86305,0
70080,0
9920,0
93045,1
88227,1
2426,0
123626,0
85703,0
81148,0
41155,0
20375,0
34437,1
31639,0
137516,1
44859,0
117934,0
123223,0
18900,0
71604,0
26368,0
14927,0
40262,1
67459,1
85947,0
33048,0
93519,1
124599,0
658,1
87229,1
84650,0
65151,0
37440,0
52589,0
298,0
137707,0
101552,0
52435,0
44980,0
124493,0
117904,1
40532,0
131878,0
6423,0
76754,0
12327,0
109519,0
95317,0
34002,1
140105,0
12405,0
36044,0
37087,1
37009,0
22636,1
124144,0
31738,1
37063,1
40671,1
136354,0
39798,0
19246,0
24709,0
82486,0
83400,0
74923,0
7176,0
86663,0
112580,0
124961,0
29041,0
106803,0
17349,0
130551,0
20332,0
73568,1
93605,0
34754,0
5921,1
90353,0
1350,0
126967,0
113192,1
121844,0
101771,0
116156,0
75004,0
50604,0
68660,0
48331,0
137240,1
62659,0
50569,0
23276,1
6337,0
125875,0
26393,0
132848,0
18202,0
109361,0
106961,0
13450,0
63475,1
134377,0
90792,0
46168,0
48561,1
33640,0
107423,0
86908,0
20591,0
82159,0
124671,0
62616,0
63667,1
28979,0
75727,0
47354,0
64555,1
26092,0
78377,1
19255,0
390,0
97282,0
3328,0
117232,1
1645,0
71043,0
82906,0
57368,0
38731,0
89900,0
104935,0
56832,0
84345,0
104318,0
21692,0
21397,0
139073,0
67681,0
29746,1
102186,1
79463,0
1185,1
117693,0
87910,1
47433,0
5314,0
53907,0
23856,1
70194,0
26772,0
48215,0
128743,0
41213,0
42070,0
24920,0
5573,0
113706,0
14847,0
19782,0
76138,0
88617,0
129115,0
36086,1
88424,0
56769,0
63842,1
23459,1
132858,0
13246,1
125767,0
124201,0
97520,0
105688,1
5527,0
17785,0
47364,0
53549,0
84813,0
29866,0
36520,0
129575,0
48416,0
90186,1
50663,1
103736,0
17562,0
136160,0
120338,0
4208,0
78072,1
87065,1
126705,0
113073,1
17740,0
13990,0
36031,0
62936,0
89161,1
44447,1
69755,0
6354,0
79299,0
75234,0
113968,0
66954,0
28626,0
134443,0
10673,1
85114,0
4301,0
16156,0
96360,0
128238,0
88572,1
28165,0
114295,0
14064,0
42996,0
38164,1
135841,0
9744,1
123151,0
42435,0
21213,1
119419,0
116033,0
44517,0
117819,0
23948,1
73506,1
135418,0
91884,1
125515,1
43864,0
41428,0
87156,0
113686,0
125837,0
2588,1
22054,0
120888,0
107732,0
43276,0
65301,0
118718,0
138061,0
9499,0
22421,0
93243,0
125544,0
135750,0
70131,0
62436,1
48709,0
38424,1
78045,0
34791,0
119389,0
61018,0
138734,0
110635,1
115552,0
111240,0
127510,1
10678,1
36881,0
100247,0
78138,1
41001,0
138066,0
8798,0
129061,0
15835,0
27963,0
87800,0
101203,0
79756,0
7838,0
36339,1
81566,0
58996,0
105777,1
10167,0
5059,0
9762,1
112423,0
83618,0
114950,0
3837,0
125907,0
55236,0
95747,0
59865,0
111087,0
358,0
85359,0
40613,0
117715,0
101094,1
102059,0
91273,0
104814,1
11457,0
36807,0
128579,0
43223,0
44549,0
115749,0
85387,0
101063,1
101973,1
34033,0
100391,1
105655,0
48857,0
121321,0
133563,0
73854,0
134038,0
22686,0
15829,0
124849,0
49329,0
108846,0
58008,0
59805,0
36743,1
137936,1
10886,0
2437,0
113327,0
39051,0
1041,0
102612,1
8251,0
69594,0
137604,0
2959,0
33356,0
73947,0
115635,0
133884,0
7472,0
22026,0
59916,0
87791,0
89378,1
86652,0
44818,0
134056,0
8870,0
16760,0
101676,0
12252,1
14391,0
10429,0
40625,0
75581,1
124310,1
13590,0
67270,0
100979,0
138055,1
59036,0
66736,0
129137,0
113848,0
24819,0
35367,0
51200,0
129604,0
45052,1
52240,0
29816,0
40739,1
9309,0
15571,0
82935,0
21853,0
21104,0
124732,0
23084,0
68463,0
28532,0
35428,0
49818,0
60027,0
58862,1
60175,0
62720,0
40542,1
65676,0
26132,0
90838,1
98906,1
63785,0
140626,0
132981,0
55803,0
97038,0
95107,0
42088,0
19147,1
25751,0
133076,0
15568,0
132773,0
7168,0
66367,1
56184,1
68545,0
38558,0
103610,0
119257,0
44906,0
127795,0
109346,0
130172,1
67066,0
35776,0
38726,0
134287,0
91953,0
29088,0
79328,0
70001,0
12155,0
75894,0
129550,0
51064,0
74958,0
21913,1
18634,1
96498,0
57640,1
44853,0
5006,0
49902,0
104552,0
135729,0
120381,0
2136,0
15332,0
90520,0
94463,0
103975,0
61740,0
124662,0
102825,0
42860,0
100509,0
50206,1
59766,0
76118,0
119968,0
63907,0
86424,0
57475,0
94204,1
26014,0
40618,0
31153,0
54976,0
74377,0
13713,1
101114,0
101205,0
49560,1
83745,0
108062,0
52206,0
32154,0
133208,0
115171,0
2121,0
95734,0
93638,1
5230,1
128565,0
65456,1
65189,0
86667,1
38288,1
12266,0
123695,1
60920,1
40063,1
91106,1
14808,0
115735,0
111543,0
88537,0
36705,0
112743,0
70076,0
54038,1
85189,0
80239,1
625,0
14769,1
87313,0
105173,1
53917,0
42766,0
60095,1
62561,0
5623,0
14877,0
119098,1
66464,0
68442,0
44286,1
32597,0
80454,0
8812,0
51297,0
37759,0
117216,0
93979,0
56109,1
128449,0
108642,0
72787,1
100081,0
85592,1
45720,0
43681,0
116038,0
113348,0
135448,0
39723,0
118339,0
14985,0
21529,0
83949,0
81270,0
90841,0
64964,1
8205,1
23519,1
95939,0
125363,0
11074,0
39386,0
32233,1
49891,0
31465,0
70231,0
53783,0
96972,0
13022,0
92516,0
54651,0
117627,0
84070,0
103246,1
58909,0
71594,0
33451,1
119263,0
15469,0
78426,0
51949,0
75952,0
48122,0
2903,1
5003,0
89173,0
15037,0
51196,0
101527,1
39072,1
130303,0
4138,0
47763,0
27273,0
101486,1
32700,0
105861,0
102109,1
76356,0
28658,0
46149,1
48778,0
67262,0
33899,0
76609,0
59180,0
40973,0
72166,1
30175,0
41380,0
21641,1
47600,0
2951,1
97097,0
108208,0
36096,0
127251,0
106421,0
138694,0
29954,0
83149,0
60489,1
103776,0
71952,0
69471,0
137493,0
139297,0
27024,0
59988,0
80105,1
128125,0
9479,0
39287,0
25303,0
29076,1
32815,0
57120,1
74182,0
59389,1
62357,0
101222,0
9851,1
92522,0
136167,0
66125,1
83498,1
17028,0
77251,0
140302,0
112481,0
63421,0
41619,0
129018,0
75344,0
73846,1
139810,0
87320,1
8061,0
45085,0
78754,0
34131,0
60311,1
6393,1
11236,0
16953,0
72320,1
126733,1
47328,0
94862,0
89851,0
25785,0
51574,1
125182,0
32981,0
122239,0
14764,0
70107,0
119131,1
95559,0
45667,0
32501,0
93992,0
72243,1
15454,0
12445,0
50405,0
7039,0
19315,1
45263,0
133515,0
99917,0
77185,0
22463,0
49269,0
34045,1
30750,0
28628,0
61821,0
65757,1
115827,0
4520,0
3195,0
128495,0
20073,1
105148,0
121914,0
74783,0
5942,0
36964,1
67837,0
61044,1
129282,0
46014,0
14908,0
55849,0
52414,0
92709,1
30680,0
3799,0
140229,0
130558,0
75420,0
33569,0
60320,0
87925,0
84238,0
49775,0
41800,1
120807,0
34510,0
119810,0
37868,1
130438,0
128425,1
74671,0
39889,0
40659,0
44504,0
63655,0
24148,0
2509,0
21758,0
92487,0
30264,0
127028,0
73536,0
16101,0
34518,0
87959,0
83020,0
99439,1
2319,0
80432,0
107726,0
62705,0
81637,0
75350,0
93041,0
109789,1
81166,0
43816,0
125564,1
44237,0
117986,1
45257,0
41437,0
69440,0
2647,0
111030,0
120129,0
83670,0
9847,0
77702,0
82700,0
56661,0
52833,0
20927,0
34545,0
100495,0
23286,0
20427,1
28852,0
9846,1
8946,0
86473,0
113817,0
17469,0
133270,0
120015,0
99887,0
55543,0
49862,0
64533,0
56121,0
22995,0
127981,1
33796,0
135,0
113219,0
112473,0
41527,0
107909,0
19833,0
84597,0
16367,0
50091,1
40227,0
73205,0
3171,0
139148,0
24189,0
87506,0
97421,1
52440,0
14240,0
131270,0
70230,0
44396,0
94313,0
66046,0
30625,1
120314,0
39195,1
68887,0
14904,0
135008,0
64983,0
84417,0
35791,0
138077,0
138011,0
93855,0
93785,0
40572,0
82748,1
26545,0
83592,1
18133,0
73650,0
58225,0
115905,0
53489,0
19442,0
17004,0
133910,0
114544,0
28143,0
19320,1
97954,0
135922,0
42003,0
123524,0
129462,0
91914,0
65303,0
74941,1
83798,0
105878,0
82585,0
66022,0
113419,1
75765,1
27946,0
9600,0
83042,0
71002,0
4423,0
55723,0
114312,0
109472,0
33338,0
47749,0
78425,0
7359,1
77414,0
97509,0
34741,0
106875,0
76866,0
24392,0
8078,1
129971,0
9405,0
56022,1
139430,0
119799,0
115455,0
124124,0
109363,0
87490,0
45579,0
89322,0
2733,0
15597,0
103057,0
73698,0
103875,0
74426,0
52334,0
82270,0
28542,0
43908,0
7115,0
43099,0
14309,0
43834,0
131384,1
101186,0
83017,0
38796,0
117337,0
60388,0
13679,0
128503,1
10272,0
100937,1
107591,0
41552,0
77641,0
15622,0
81531,1
101727,0
27043,0
28805,0
32946,0
77334,1
88018,0
56384,0
27582,1
112695,0
13102,0
43659,1
57702,0
342,0
17248,1
55147,0
139559,1
125662,0
121856,0
86361,1
48794,0
18110,0
130090,0
100377,0
17743,0
25946,0
64529,0
22304,1
91637,0
2404,0
47278,0
114232,0
114987,0
67027,0
108025,0
46916,0
44431,0
113571,0
140387,0
95830,0
72053,1
41813,0
115603,0
100246,0
87699,0
94269,0
22822,0
127063,1
37677,0
22891,0
77711,0
65993,0
137067,0
99521,0
139525,0
88352,1
126975,0
110624,0
83221,0
46599,0
138130,0
13965,0
88805,1
59250,0
9009,0
99755,0
133522,0
48696,0
46480,1
30958,1
99837,1
16896,0
14901,0
3279,0
52758,0
54593,1
116978,1
56016,0
59018,0
111384,0
28328,1
51311,0
118295,0
65852,0
54557,1
126734,0
58087,0
21442,0
129523,0
127400,1
12065,1
17765,0
70322,1
127072,0
124102,0
89220,0
40350,0
134662,0
39924,0
134301,0
132255,0
114169,1
7585,0
113588,1
6868,0
51552,0
126015,0
129407,0
62518,1
73534,0
48773,0
27064,0
102991,1
97036,0
123157,0
85480,0
104977,0
111804,0
83663,0
125347,0
57311,0
87694,0
94686,1
114923,0
127076,0
57591,0
53999,0
52685,0
21522,1
74793,1
122993,0
108542,0
93512,0
32723,0
76153,0
76923,0
46024,0
58541,0
107282,1
9077,0
113117,0
72747,0
82072,1
32578,0
58548,0
61601,1
74431,1
5394,0
132834,0
5483,0
77962,0
136350,0
96082,0
66837,0
68437,0
2337,0
42301,0
9672,1
27692,0
5046,1
127604,0
97864,0
36824,1
53987,0
105686,0
68367,0
126086,1
100438,0
57219,0
113059,1
15949,1
52468,0
96395,0
126407,0
82441,0
7703,0
86558,0
69645,0
134586,1
8748,1
49806,0
11396,0
25461,0
83879,1
26706,0
31997,1
42290,0
27942,0
123264,0
116516,0
53964,1
15860,1
20856,1
115346,1
111966,0
140099,0
116809,0
59070,0
75680,0
62943,0
125289,0
75249,1
6882,0
86677,1
88455,0
117825,0
46053,0
138200,0
668,1
78226,0
5982,1
129284,0
107283,0
100036,0
50854,0
92866,0
139340,0
104982,0
24421,0
42113,1
84453,0
81777,1
6325,0
121510,0
54360,1
26068,0
86743,0
3297,0
27012,1
63719,1
28031,0
122666,0
41912,0
57354,1
91275,0
77817,0
64303,0
67879,0
9032,0
129251,0
35210,1
79624,0
70007,1
46025,0
55764,0
56922,0
139859,0
81201,0
4290,0
70499,0
82276,0
2068,1
87357,1
80467,0
1867,0
32351,0
90378,0
90874,0
56536,0
57223,0
91688,0
45047,0
120567,0
50385,0
83988,0
83612,0
76841,0
86865,1
51355,1
106665,0
7356,1
26394,1
19163,1
78491,0
134816,1
1346,0
59082,0
76323,0
134803,0
40041,0
134006,0
112600,0
43807,1
31851,0
103862,1
115710,0
123062,0
63580,0
62981,0
70497,0
104097,0
136604,0
62588,0
13929,1
50765,1
105407,0
19180,1
37231,0
63721,0
71843,0
125380,0
87737,0
37629,0
131244,0
106691,0
56838,1
18269,0
136456,1
27308,0
126309,0
105984,1
103836,1
4955,0
9662,1
58657,0
42889,1
85579,0
26848,0
131473,1
30589,1
125912,0
35857,0
19194,0
76828,0
26597,0
41595,0
81023,0
25604,0
20589,1
71426,0
86461,0
72674,1
54502,0
67040,0
66580,0
91458,1
39978,0
53988,0
135267,0
139703,0
73316,0
2751,0
90533,0
23556,0
21130,0
102497,1
75800,0
51535,0
64990,1
29093,0
97590,0
26673,0
18912,1
135683,0
38141,0
14874,0
22058,0
128594,0
37061,0
117365,0
68715,0
127788,0
92446,0
112659,1
86171,0
73575,1
107713,0
70615,0
139467,1
6864,1
77329,0
125868,0
15919,0
48732,0
48848,0
4897,0
123737,0
90980,0
37692,0
103318,0
27819,1
19238,0
3635,0
54990,0
64422,0
6522,0
106494,0
79401,0
98398,0
921,0
31157,1
63474,1
24099,0
16652,0
87220,0
11237,0
52785,0
20900,0
116579,1
56664,0
95043,0
23180,0
42640,1
30140,0
91159,0
12245,0
57642,0
18073,1
56228,1
76672,0
76170,0
96091,0
31414,0
102810,0
131892,1
92018,0
61849,0
97683,0
108173,0
74920,1
118579,0
72178,0
43609,0
42821,0
58060,0
25677,0
101323,1
6713,0
74099,1
57972,1
129439,1
115760,0
104742,0
62356,0
76498,0
1726,0
9820,0
64974,0
33242,0
14281,0
71314,0
114130,0
46652,0
118210,0
57765,0
66786,0
8493,0
102678,0
84454,0
103545,0
123145,0
74673,0
126232,1
31548,0
132742,0
74323,1
122972,0
119565,0
65659,1
73612,0
116812,0
7018,0
52863,1
60929,0
7513,0
25774,0
107250,0
120939,0
30527,0
93681,0
30808,1
13778,1
94281,0
18235,1
131606,0
61783,1
74749,0
79618,0
107981,0
83397,1
18605,0
87195,0
91628,0
95294,0
121000,0
8729,1
69428,0
128847,0
130500,0
12770,0
87192,1
93745,0
119719,0
94196,0
56995,0
12910,0
57772,0
21905,0
66559,0
31971,1
67823,0
136190,0
49941,0
22451,0
133724,0
24303,0
91644,0
113613,0
4928,0
48620,0
22274,0
20324,1
60111,0
58748,0
136555,0
52599,0
112040,0
131511,0
91516,0
139649,0
23561,0
129213,0
96130,0
11184,0
18781,0
532,0
106547,0
37570,0
135051,0
139234,1
37618,0
64952,0
2158,0
87087,0
42127,1
68019,0
85819,0
31776,0
53887,0
52588,0
117474,0
122202,0
66519,0
31650,0
82471,0
69110,0
9768,0
53403,0
112586,1
75664,0
64041,0
80796,0
93832,0
25622,0
122639,0
63402,0
125855,0
131013,0
53139,0
128153,0
121231,0
39434,0
93600,0
126482,0
132513,0
22616,1
26803,0
49959,0
126666,0
7061,0
85308,0
45635,0
7231,0
106023,0
28819,0
88381,1
86447,0
137118,1
80291,0
12213,0
47192,0
129526,0
52294,0
17847,0
97295,0
107145,0
59635,0
30155,0
57692,0
89907,0
24893,1
130062,0
38423,1
69722,0
44140,0
101660,0
88694,0
46439,0
104044,0
65585,0
130011,0
122829,0
129157,0
18727,1
25929,0
133011,0
25823,0
85468,0
92857,0
111867,0
37556,0
760,0
91570,0
58968,0
20569,0
95084,0
126726,0
102318,0
92428,0
66075,0
38428,0
111670,0
117583,1
5810,0
100080,0
49830,0
57967,0
97219,1
110102,1
25099,0
86822,0
39486,1
53567,0
138718,0
92902,0
46167,1
123257,0
129797,0
74147,0
33256,0
113016,1
15491,0
15322,0
123175,0
68394,0
10016,0
135375,1
44472,0
49271,0
107069,1
108980,0
139811,0
9974,1
139157,0
63583,0
24485,0
130114,0
113864,0
14898,0
76725,0
62246,0
103814,0
111454,0
87718,0
117239,0
49686,0
24543,0
99228,0
85712,0
78323,0
110508,0
35357,0
112576,0
117172,0
64725,0
109497,1
100260,0
123936,0
129941,0
48237,0
43238,0
12243,0
9940,0
126059,0
49422,0
44452,1
71344,1
123735,1
14884,1
115406,0
79585,0
27713,0
66542,0
38108,0
33658,0
120316,0
61666,1
135793,0
118492,0
122627,0
3424,0
105939,0
341,1
114664,0
94207,0
69531,0
56751,0
8353,0
15936,1
57074,1
71708,1
43978,0
114728,0
75178,0
470,0
73251,0
92101,0
42606,1
131462,0
12471,0
38192,0
4322,0
32537,0
81193,0
122395,0
33876,0
73444,0
115046,0
77307,0
41086,0
2690,0
20405,1
48622,0
56895,0
98714,1
112631,1
75911,0
64970,0
134804,0
86284,0
13648,0
4669,0
78352,1
72710,0
19750,0
61438,0
87540,0
53611,0
17630,0
103092,0
50633,1
41736,0
37704,0
121093,1
79790,0
53120,0
127891,0
44467,0
53158,0
81905,1
117639,0
105361,0
70774,0
51433,0
5521,0
23056,1
5778,0
136701,0
109792,0
94955,1
122880,0
89194,0
107214,0
83479,0
78899,0
5122,1
55830,1
110875,0
134935,0
97529,0
55371,0
39402,0
58320,1
122289,0
48992,0
44218,0
109492,0
64464,0
31912,0
113353,1
107483,0
56212,1
101798,0
114461,0
135337,0
136179,0
119612,1
115692,0
68745,1
50119,0
2231,0
6405,0
7871,1
33888,0
116474,0
8514,0
100881,0
56543,0
106788,0
4588,0
53511,0
10297,0
49243,0
12162,0
45622,1
79553,0
41164,0
36928,1
69941,0
61055,0
120374,0
60609,0
118411,0
130027,0
124415,0
33194,0
65760,0
67812,1
83015,1
102324,0
94462,0
117704,0
129946,1
77227,0
74993,1
106542,1
84273,0
26178,0
69986,0
54334,1
93799,0
58160,0
62516,0
92587,0
18754,0
19774,0
93141,1
105306,0
38147,0
13000,0
104618,1
98797,0
105419,0
49370,0
18483,0
26856,0
25397,0
26831,1
58509,1
14217,0
112358,0
2234,0
80566,0
92600,0
16293,0
114315,0
53696,0
92731,1
17247,0
46467,0
81361,1
72113,0
86428,0
1358,0
18503,0
107881,0
79985,0
6294,0
82515,0
68171,0
115186,0
60470,1
55357,0
7056,0
24801,0
51217,0
56968,0
44369,1
126324,0
40760,0
25809,0
103703,0
118611,0
117539,1
92851,0
18358,0
51647,0
32043,1
66743,0
97087,0
123905,0
129659,1
3064,0
57677,0
98598,0
91364,0
62512,0
74184,0
78982,0
74042,0
104250,1
77028,0
15893,1
102113,0
84208,1
60554,0
121748,0
3855,0
117250,0
100476,0
101833,0
115140,0
112446,1
51372,0
21182,0
16704,0
30752,1
35986,0
38751,0
130093,0
134487,0
87280,0
24482,0
131955,0
71926,0
36725,0
41078,0
97008,0
64107,0
122975,0
118930,0
135019,0
11701,0
49360,1
40465,0
92544,0
63330,0
29032,0
119526,1
116725,0
108996,0
118695,0
67563,0
47707,0
82552,1
125346,0
67460,0
75299,0
110493,0
1352,0
89947,0
48082,0
117482,0
92631,0
16135,0
111555,0
31492,1
78710,0
78500,1
139945,0
70243,0
42547,0
73816,0
32049,1
5266,0
63958,1
56009,0
29984,0
105004,0
133614,0
50950,0
16408,0
27961,0
58991,0
2379,0
140119,0
105155,0
98009,0
26002,0
12495,0
13365,0
46243,0
57065,0
113976,0
47052,0
50928,0
12414,0
4515,0
109893,0
18504,0
98441,0
29045,0
47162,0
123087,0
21858,0
122507,0
33919,1
108974,0
73963,0
78937,1
34579,0
52557,0
49972,0
62451,0
107321,1
71334,1
61197,0
134468,0
135869,0
121580,0
56406,0
89989,1
60537,0
18996,1
98715,0
115012,0
61586,0
78150,0
100985,0
120599,0
12659,0
37013,0
37596,0
34185,0
29498,0
10317,0
57249,0
40007,0
24084,0
60160,0
30245,0
11210,0
74667,0
127683,0
36348,1
34572,0
106642,0
8682,0
98859,1
11258,0
55574,0
69981,0
125451,0
115197,1
33548,0
140034,0
131401,0
13683,1
66939,0
89662,0
46912,0
33621,1
46688,0
32461,0
32766,0
24922,1
53604,0
60121,0
13282,0
32611,1
52461,0
26003,0
38480,0
79655,0
33559,0
71124,0
92643,0
31968,0
35819,0
69886,0
47885,0
34547,0
72077,0
120515,0
53700,0
17853,0
104287,1
39896,0
119733,0
57122,0
11025,0
133577,0
47973,0
132217,0
36351,0
57587,0
87066,0
56733,0
53757,1
51973,0
32193,0
41032,0
20216,0
72085,1
125269,1
20804,0
25595,0
27573,1
17528,0
3719,1
138771,1
76916,0
24617,0
27765,0
102315,0
6702,0
105534,0
112464,0
98911,0
30617,0
117590,0
38402,0
10671,0
43391,0
3923,0
66623,0
96168,1
114002,0
39438,0
11963,0
12246,0
10000,0
71873,0
40189,0
128544,1
132645,0
56508,0
28176,0
78316,0
60274,0
49922,1
37338,0
75937,0
59223,0
59113,1
75611,1
41959,1
111747,0
7430,1
27003,0
36155,0
100750,1
116713,0
137228,0
15988,0
100854,0
117131,0
103492,0
38562,0
57229,0
8132,0
140137,1
49312,0
127856,0
25608,0
34382,0
14995,1
41275,0
95258,0
78951,0
85657,0
6132,0
120000,0
44665,0
5883,0
84285,0
2444,0
59123,1
38561,0
20525,1
130574,0
109839,0
121970,0
71497,0
42002,0
87266,0
84924,1
95912,0
92227,0
25285,0
67916,0
125628,0
35244,0
78487,1
42235,0
47351,1
23824,0
25649,0
95804,0
108058,1
131714,1
47681,0
94935,0
115601,0
67519,0
114721,0
50180,0
31294,0
132758,1
28870,0
15878,0
5532,0
64078,0
51034,0
130418,0
130967,0
80669,0
128006,0
38133,0
51181,1
4140,0
132687,0
69543,0
78201,0
97640,0
91986,0
25277,0
34968,0
80447,0
10825,0
54750,0
31330,0
20483,0
14991,0
67061,1
126318,0
20175,0
115037,1
30898,0
127826,0
47998,0
17797,0
46409,1
81030,0
35675,0
69106,1
1264,0
113272,0
12748,0
32482,0
100597,0
6568,0
86750,0
53090,0
55668,1
18244,0
88446,0
114071,0
59913,0
95866,0
27794,1
74330,0
63550,0
79938,0
35834,1
100219,0
81407,0
118685,0
646,0
109726,0
30084,1
87351,0
4061,0
133933,1
3202,0
106067,0
66853,0
12398,0
102234,1
136351,0
104692,0
51343,0
538,1
81571,0
58575,0
49815,0
65642,1
140499,0
23217,0
74679,0
17687,0
100478,0
34160,0
101276,0
29060,1
100521,1
8246,0
112194,0
90060,1
86065,0
45928,0
92330,1
89346,0
5895,0
19490,0
37124,0
130877,0
23427,1
45191,1
139755,0
121116,0
25697,0
128687,0
71134,0
14323,0
130076,0
97031,0
22978,0
80233,0
56486,0
49565,0
130849,0
59200,0
111025,0
108066,0
133437,1
46542,0
78864,0
33594,0
16404,0
45084,1
129394,1
66964,0
122720,1
134231,0
121246,0
118809,0
139760,0
10328,0
74338,0
27883,0
105053,1
96319,0
92672,1
117487,1
13535,0
40038,0
88409,0
107270,0
30389,0
88822,0
10361,0
68598,0
132685,0
35763,0
130191,0
92047,0
49978,0
108913,1
66392,0
108028,0
72811,0
86728,0
29160,0
9795,1
42832,0
124721,0
44945,0
7736,0
88735,0
59586,1
23317,1
71208,1
76165,0
85508,0
111489,0
127014,0
76336,0
19556,1
119246,0
128059,0
79413,0
137288,1
69728,0
80151,0
108866,0
18703,0
132213,0
45440,0
137817,0
121778,0
33207,0
34020,0
106981,0
91623,1
111156,0
100823,1
107431,1
122501,0
5191,0
47082,0
54190,0
107009,0
90448,1
37644,0
79275,0
96512,0
98180,0
18691,0
24630,1
38678,0
32581,1
139308,0
30895,0
97204,1
93835,0
139294,0
30731,0
51378,0
88536,0
40190,0
55756,1
70216,0
123038,0
67489,0
38641,1
19007,0
133284,0
3136,1
22314,0
118122,1
119303,0
84466,0
17290,0
127492,1
10135,0
25908,0
67099,0
59994,0
134996,0
44791,0
15755,1
139086,0
123545,0
56035,0
128615,0
113998,0
101468,0
51046,1
17542,1
41141,1
74615,0
46258,0
33824,0
4563,0
46226,0
36884,0
118745,0
73257,0
130433,0
135932,1
31313,0
65631,0
49093,0
48545,0
117774,0
108666,0
105642,1
121235,1
37102,0
93819,0
136304,0
58921,1
101778,0
138568,0
56825,0
12859,0
93195,0
130066,0
50515,0
96487,1
101502,0
89961,0
1623,1
14999,0
89079,0
119727,1
83500,0
70411,0
87431,0
21005,0
23097,0
74812,0
104663,0
89215,1
100987,0
105124,1
24244,0
101916,0
9956,0
77443,1
132444,0
16433,0
33342,1
125647,0
105860,0
57900,0
109440,1
24400,0
37786,0
96273,0
61987,0
56449,0
36070,0
139603,1
115330,0
78193,0
20116,0
119709,1
60696,0
97304,1
127868,0
87100,0
81217,0
121836,1
90736,0
19212,0
17830,0
9370,1
65009,0
128980,0
16897,0
134234,0
125592,0
21278,1
127772,0
50281,0
83561,1
3118,0
79081,0
34013,0
55316,0
107089,0
64685,1
24821,1
69914,0
34167,1
34342,0
131548,0
30663,0
118652,0
14803,1
52496,1
95042,0
9063,0
7790,1
91447,1
126008,0
129558,0
1926,0
69747,0
137547,0
122090,0
17430,0
57949,0
84071,1
109469,1
97808,0
123903,0
42325,0
38431,0
129227,0
128718,0
11416,0
132182,0
103229,0
41464,0
28312,0
65890,0
117758,0
74203,0
102746,0
99227,0
16403,0
131073,0
91798,0
91832,0
11682,0
50055,0
117227,1
77942,0
52541,0
94373,0
117897,0
104489,0
41477,1
59808,0
124970,0
105021,0
109528,0
44330,0
87741,1
46874,0
89931,0
132330,0
53985,0
118213,0
120026,0
52497,0
118109,0
12519,1
77292,0
35229,0
8553,0
96044,0
35865,0
31429,0
87271,0
119678,0
95320,0
70659,1
76033,0
43200,0
132501,0
50621,0
9393,0
35666,0
47064,1
97279,0
126048,0
34450,0
124585,0
57969,0
11162,0
110038,0
38070,1
87608,1
127411,0
128460,1
83566,1
114353,0
105716,0
38,0
2867,1
69927,1
134347,1
7408,0
107524,0
95321,1
28295,0
34272,0
2323,1
10230,1
68404,0
17909,0
136970,0
94670,0
76851,0
20573,0
105644,0
112671,0
59296,0
40818,0
108352,0
99283,0
110229,0
9461,0
54971,1
14581,0
35614,0
61944,0
42523,1
10149,0
74082,0
123646,0
48461,1
12701,0
113013,1
28135,1
53481,0
39396,0
51428,0
35273,0
28578,1
10789,0
61034,1
20858,0
78894,1
125508,0
18537,0
69824,0
105395,0
111457,1
40497,0
2604,0
101071,0
149,0
126167,0
31018,1
131014,0
535,1
40389,0
71875,1
15790,0
108757,0
75374,0
99535,0
24094,0
120740,0
123249,0
122390,0
108843,0
103324,0
99322,0
130379,0
65605,0
59979,0
110192,0
74297,0
48763,0
123890,0
30180,0
64254,1
116233,0
50458,0
98908,1
73548,0
94177,0
113072,0
73519,0
79229,0
48585,0
41150,0
11704,0
129973,1
15752,0
139825,0
80698,0
54118,0
133871,1
124748,0
26780,1
42278,1
104396,0
10371,0
119695,0
120537,0
109448,0
126352,0
62200,0
104712,0
16065,0
41569,0
121839,0
139401,0
20378,0
68351,0
29610,0
13062,0
89013,0
60330,0
126642,0
92921,0
96620,0
57540,0
87740,1
109411,0
50273,1
53904,1
24390,1
48995,1
83431,0
131612,0
34202,0
94840,0
55007,1
85827,0
18822,0
22710,0
114619,0
104524,1
34617,0
6637,1
100945,0
91701,0
36649,0
56102,0
10977,0
19693,0
127062,1
112256,0
126118,0
61038,0
127253,0
100221,0
17196,0
20370,0
13003,0
109376,0
53970,0
42661,0
135256,1
8546,0
130790,0
108294,0
120400,0
126359,0
74733,0
132224,0
43159,0
112426,0
123829,0
17483,1
113585,0
48205,0
93892,0
47187,1
100040,0
25606,1
23782,1
121545,0
59336,0
33000,0
22003,0
137025,0
99137,1
112692,1
116225,0
113141,0
39514,1
17187,0
61603,0
69244,1
38804,0
9630,0
105571,0
128416,0
130327,0
104163,0
10890,0
120352,0
97010,0
140071,0
1150,0
87164,1
36112,0
44437,1
9343,0
106675,1
82309,1
43035,1
111939,1
137830,0
66642,0
111778,0
36669,0
7202,0
44703,0
99523,0
3385,1
24149,1
132895,0
42590,0
62213,0
6081,0
38777,0
122441,0
129752,1
27912,0
71166,0
17046,0
111002,0
134055,0
20571,0
92338,0
104016,0
120405,0
126155,1
46744,0
6957,0
106010,0
105549,0
92284,0
128626,1
20639,0
101408,0
68324,0
75966,0
110259,0
64840,0
3559,0
11134,0
92818,0
22762,0
101426,0
91830,0
102488,0
125551,1
81304,0
65521,0
104236,1
21162,0
37623,0
124779,1
104037,0
102967,0
30619,0
2082,0
25148,0
55430,0
81005,0
12531,0
134004,0
25669,0
86513,0
98604,0
99202,0
84224,0
68721,0
123965,0
24635,0
13692,1
15188,0
64114,0
104759,0
79920,0
140682,0
129404,0
42915,0
107924,0
52681,1
50386,0
34880,0
47880,1
28497,0
14535,0
38958,0
125412,1
510,1
12247,0
20431,0
76208,0
71902,0
54075,0
60591,1
75968,0
133771,0
62240,0
45794,0
130044,1
15820,0
3396,0
61979,0
66867,0
89153,0
122249,0
75270,0
42044,0
111041,0
135926,0
39433,0
42476,0
8325,0
61392,0
22746,1
38675,1
139739,0
102791,1
82033,0
126801,0
53346,0
111192,0
114242,1
58398,1
90992,1
106208,0
35846,0
40042,0
93074,0
91075,0
73123,0
127955,0
96992,0
132653,0
70890,0
48029,0
50209,0
95251,0
135331,0
113785,0
83777,0
128079,0
32101,1
103105,0
72038,0
101306,0
87950,0
104211,0
89001,0
1927,0
14438,0
32845,0
6947,1
59340,0
124067,0
123476,0
96788,0
140395,1
72891,0
14004,0
41817,0
42438,0
132416,0
835,0
87181,1
120770,1
26599,1
12047,0
79769,0
49119,0
87367,0
60203,1
77737,1
46351,0
51358,0
35839,1
3040,0
36084,0
132907,0
37918,1
5753,0
96477,0
87808,0
42581,1
28119,0
119359,0
8187,0
90042,0
17363,0
12273,0
17788,1
131819,1
14101,1
123030,0
120979,1
52543,0
53300,0
45795,0
87967,0
82939,0
23578,0
91396,0
124116,0
110848,1
16100,0
19894,0
120639,0
59790,0
139839,1
134943,0
80951,0
50243,0
114385,0
17737,0
91268,0
13528,1
45847,0
15365,0
131643,0
104548,0
81704,0
35613,0
102938,0
42115,0
30374,0
13226,1
110615,0
93594,1
77588,1
84875,0
100747,0
71148,0
4175,0
36864,0
555,0
123555,0
86585,0
35297,0
24713,0
134169,1
74905,0
81249,0
103819,0
54975,0
88847,0
93396,0
10354,0
128154,0
7642,0
105159,0
75120,0
130209,0
90575,0
49101,0
131136,0
24985,0
127364,0
60351,0
65181,1
72300,0
59101,0
20550,1
129105,0
97218,0
16963,1
912,1
121599,0
98390,0
64261,0
18068,0
95291,1
84522,0
43694,1
1997,0
19635,1
20178,1
59571,0
110703,0
124241,0
139715,0
36077,0
73481,0
140505,0
106962,0
34783,0
10252,0
96604,0
68410,0
66711,0
17198,0
95871,0
44078,0
86681,0
19426,0
21553,1
80787,0
96785,0
17332,0
64625,0
105619,0
62892,0
87747,0
119111,0
17864,0
110652,1
40176,0
84245,1
8339,0
95942,0
50152,1
55327,1
89231,1
84476,0
38419,0
122600,0
9324,0
37202,1
29164,0
52261,0
87206,0
41426,0
109039,0
96830,0
101704,0
129733,0
27340,0
39595,0
37929,1
5133,0
116499,0
99881,1
66981,0
33913,0
75945,0
17776,0
104326,0
75756,1
51900,0
89458,0
118174,0
21682,0
115787,0
64126,1
21169,0
70417,0
131284,0
56615,0
47774,1
81240,0
56459,0
89816,1
37778,1
102083,0
120042,0
103163,0
19496,1
13847,1
101331,0
6039,0
22928,0
83776,1
28166,0
117976,0
109033,1
125422,0
53916,0
92720,0
90857,0
77126,0
67429,0
113826,0
27252,0
107255,1
24646,0
45026,1
112118,0
123442,0
83427,0
52522,0
99275,0
101386,0
131400,0
15806,0
65201,0
29394,0
64123,0
54375,0
27886,0
79487,0
103015,0
28576,1
122615,0
31819,0
48267,0
85014,0
81814,0
40944,0
72792,0
111791,0
70561,0
101792,0
1077,0
41715,0
49597,0
33114,0
719,0
80522,0
80071,0
46062,0
28327,0
23604,0
87393,0
11047,1
4991,0
18808,1
65840,1
85795,0
43317,0
128206,0
56533,0
137360,0
68185,0
67798,0
68124,1
108790,0
88478,0
33771,0
11086,0
85060,0
80833,0
65547,0
81691,1
60903,0
43976,0
73277,0
43297,0
137368,0
85845,0
40403,0
113964,0
126031,0
62123,1
71514,0
42019,0
60709,1
25624,0
110766,0
51470,0
118447,0
113523,0
62471,0
35894,0
121493,1
48227,0
5418,0
58920,0
44786,0
96492,1
97018,0
27390,0
126242,0
6064,0
70377,0
104122,0
118995,1
135183,1
83548,0
26194,1
118894,0
133144,0
23014,0
113750,0
34719,0
32080,0
31595,0
34200,0
127666,0
106134,0
113674,0
108428,1
35694,0
72326,0
35236,0
50056,1
57191,0
68584,0
65104,0
102481,1
118496,0
33487,0
70337,0
121726,1
10089,0
35296,0
1802,0
50318,0
79138,0
107256,0
44193,0
52038,0
19823,0
98742,0
33447,0
47126,0
26084,1
63046,0
82331,0
27154,0
71294,0
16748,0
31779,0
43497,0
100202,1
34443,0
94069,0
100645,0
52426,0
129423,0
42786,0
115806,0
50863,1
111168,0
135110,0
29664,1
55400,0
107289,0
45313,0
97465,0
134910,0
71631,0
49371,0
11867,1
84604,0
129459,0
91329,0
109031,0
65361,0
1985,0
131146,0
50624,0
124750,0
85729,0
35347,0
102352,0
104084,0
68824,0
24440,1
118464,0
113476,0
77562,0
113637,0
108394,0
62150,0
45960,0
64519,1
133791,0
85173,0
102240,0
45871,1
55847,0
43,1
55692,0
9297,0
30296,1
97362,1
105493,0
37645,0
136635,0
26879,0
117722,0
110597,1
17042,0
55276,0
94274,0
67887,0
133065,0
60261,1
81395,0
24903,1
112363,0
83409,0
81818,1
103346,0
51132,1
31265,0
117882,1
96885,1
94460,0
61262,0
90750,0
118218,0
122127,0
29105,0
69339,0
68982,0
46737,0
86056,0
137375,1
92894,0
35624,0
2756,0
113673,1
75501,0
16925,1
71364,0
37860,0
76308,0
116647,0
6287,0
25492,1
57184,1
133479,0
92004,0
125742,0
36396,0
90930,0
92005,0
26949,0
91671,0
43734,0
116020,1
9995,0
99550,0
139017,1
139075,0
96610,0
44442,0
83338,0
138028,0
74382,1
60553,0
60386,0
102364,0
124615,0
38903,0
102347,0
66021,0
52905,0
135072,0
126964,0
115415,0
61980,0
117630,0
112309,0
47308,0
31432,1
81846,0
110186,0
5327,0
3901,0
21121,0
70165,0
117036,0
27559,1
41950,0
121679,0
133205,0
110923,0
61298,0
130235,1
93577,0
127855,0
22493,1
36717,0
2520,0
131952,0
85061,0
86576,0
17276,0
16664,0
33835,0
8704,0
51058,0
101417,0
138029,0
85533,0
22875,0
80709,0
58357,1
47907,0
81092,1
1633,0
69473,0
121654,1
57559,0
5651,0
45202,0
68823,0
101683,0
108915,0
139139,0
118830,0
37014,0
86166,1
105832,0
109948,0
110357,0
23000,0
13300,0
132767,0
78542,0
137700,0
65663,1
54526,0
95225,0
135702,1
26062,0
57878,0
127844,0
37703,0
75736,0
20690,0
56431,0
132841,0
38299,0
22414,0
129712,1
135670,1
123105,0
85871,0
68710,0
14219,0
93576,1
119136,0
46275,0
129116,0
16158,0
3025,0
134383,0
14722,0
112060,0
119668,0
22336,0
98599,0
18590,1
31702,1
136905,1
16842,1
73740,0
131891,0
82190,0
25807,0
8983,1
58091,1
34587,1
33681,0
65614,0
27162,0
61616,0
113941,0
54431,0
31808,0
3299,0
114200,0
63253,0
85464,0
99094,0
92365,0
38893,0
88243,0
11443,1
76495,0
66690,0
129978,0
29976,0
28545,0
105063,0
44912,1
62673,0
1932,0
107602,0
131859,0
20890,1
75551,0
35801,0
114383,0
95255,0
112333,0
49413,0
22612,0
16104,0
73704,0
966,1
26672,0
91765,0
79440,0
132538,0
128621,0
118607,0
140256,0
56297,0
96793,0
3805,0
128348,1
53263,1
44075,0
44052,0
132972,0
135554,0
50660,0
40303,0
112265,1
275,0
75651,1
28133,0
132143,0
83687,0
80012,0
74695,1
15038,1
95673,0
88293,0
62106,0
14061,1
110509,0
73638,0
132096,0
118753,0
95962,0
127754,0
58229,0
120654,0
132918,0
101090,0
131133,1
2395,0
65169,0
31609,0
140377,0
121781,0
120522,0
59600,0
64951,0
16653,0
49585,0
26079,0
138526,0
48305,0
132411,0
60372,0
18403,0
74193,0
27366,0
118980,0
50877,0
66300,1
4657,1
126624,0
130778,0
6613,0
29535,0
54384,0
100973,0
116588,0
25273,0
112838,0
94123,0
135285,0
54065,0
117566,0
89997,0
46692,0
75073,0
92011,0
71085,1
63829,0
76821,0
13781,0
103326,0
80126,0
55998,1
22434,0
130137,1
11452,0
20755,0
119528,0
119286,0
92205,0
30386,0
33289,0
47340,0
74746,0
41321,1
101034,0
14076,0
89886,0
26453,0
112676,0
64193,0
25372,0
40964,1
66532,1
39583,0
19781,0
12902,0
53019,0
17586,1
60904,1
314,0
128609,0
92410,0
45956,0
106461,1
117872,0
138120,0
28955,0
58404,1
107455,0
79960,0
112344,0
16831,0
38401,0
21538,0
116204,1
95071,0
108699,0
75278,0
24364,0
119996,0
90618,0
91599,0
74107,0
131043,0
18434,0
25567,0
50323,0
135321,0
65868,0
118125,0
118040,0
127135,0
77656,0
99673,0
34940,0
121144,0
117218,0
62320,1
35821,0
133993,0
70134,0
123795,0
105262,0
34701,0
52231,0
106298,0
43636,0
64389,0
97928,0
41973,0
40366,0
115480,1
44598,0
29754,0
118888,0
4630,0
46447,0
67765,0
23486,0
57631,1
102361,0
124197,0
64121,0
111386,1
139758,0
99545,0
14282,0
33281,1
80396,0
118593,0
438,1
103968,0
86757,0
114520,0
28418,0
112143,0
76154,0
108860,0
10584,0
73530,1
92628,1
20120,0
15766,1
24294,0
134505,1
122331,0
120551,1
13021,0
86573,0
130446,0
38565,1
125894,0
139908,1
118855,0
82543,0
31253,1
111924,0
125469,0
46525,0
73918,1
136504,0
133190,0
9546,0
97146,0
72533,0
96509,0
140361,1
60576,0
81149,0
98892,1
68866,0
36536,1
54770,0
81701,0
33346,0
86092,1
82376,0
122030,1
48735,1
9358,0
31125,0
58165,0
121279,0
62058,0
2321,0
93723,0
98020,1
101741,0
56552,0
136912,0
62001,0
40555,0
85354,0
19446,0
36869,1
12278,0
66916,0
39755,0
8966,0
63825,0
64800,0
97281,0
84930,1
63391,0
66474,0
98710,0
83310,1
94273,0
113528,0
16405,0
13223,0
83543,0
62506,0
120485,0
1943,0
34199,0
6865,0
95309,0
45704,0
37851,1
81190,1
78023,1
5379,0
55306,1
20499,0
14773,0
41323,0
52098,0
79191,0
69559,0
137153,0
131274,0
60579,0
111811,0
13137,0
70372,1
134456,0
86192,1
17695,0
51369,0
104634,0
114311,0
32406,0
98814,1
130413,0
17272,0
95166,0
113454,0
60969,0
107686,1
33177,0
10772,0
55115,0
136746,0
114856,0
123713,0
87409,0
69148,1
8747,0
61832,0
136346,0
16344,0
8386,0
110632,0
115559,1
89393,0
134912,0
94238,0
3972,0
125468,0
91278,0
128657,0
101338,0
40009,0
56011,1
99768,0
20828,1
128536,0
84937,0
23241,0
11289,0
88693,0
21816,0
20534,1
134360,0
113790,0
44162,0
130738,0
67379,0
56006,0
1850,0
67004,0
30351,0
71066,0
16918,0
13342,0
51876,0
10573,0
59295,0
130454,0
49141,0
38728,0
16304,0
54828,0
7670,0
51702,0
43440,1
133052,0
125777,0
140042,0
139145,1
94154,0
59803,0
78958,0
82634,0
106835,0
50724,0
74355,1
57649,0
18789,0
12665,1
50472,0
94640,0
55620,0
76413,0
38054,0
56573,1
6704,1
107044,0
49011,0
23464,0
31128,1
134354,0
136480,0
43718,0
50246,0
30486,0
35103,1
27032,0
126547,1
43509,1
47921,0
6433,0
11147,0
57842,0
29146,0
12797,0
32292,1
10042,0
46702,0
76405,0
134064,0
10805,1
47760,0
78025,0
12361,0
63951,0
9289,0
37585,1
121120,0
81095,0
115699,1
96866,0
51328,0
964,0
87984,0
54694,0
68250,0
15152,0
41627,0
55060,0
70849,0
104849,1
83714,0
64039,0
119298,0
92550,1
16010,0
15295,0
83846,0
11039,1
63824,0
35282,0
66458,0
45354,0
108953,0
49017,0
15576,0
43274,0
34583,0
3281,1
115829,0
132320,0
127741,1
35213,0
88510,0
29752,0
56853,1
18072,0
45168,0
85137,0
79338,1
72597,0
33568,0
94297,0
52812,0
71886,0
96899,0
126699,0
72330,1
60134,0
111521,0
5186,0
57444,0
135159,0
84590,1
22810,0
24423,1
76485,0
112493,0
138238,1
122519,0
66522,1
13571,1
129791,0
128893,1
83568,0
133451,0
74167,0
115809,0
26705,0
82720,0
71261,1
44215,0
62751,0
119345,0
17277,0
76429,1
83411,0
55902,0
44620,0
109404,1
127889,0
101573,1
20467,0
88929,0
17881,0
20948,0
47344,0
11088,0
7483,0
126143,0
124910,0
24194,1
60715,1
78383,0
140092,0
44753,0
38650,0
12907,0
87611,1
27274,0
105774,1
40105,0
31690,1
4635,1
20530,1
35024,0
73051,1
61744,0
139661,0
72851,0
121232,0
112382,0
18303,1
103239,1
38666,0
15754,0
140454,0
125827,0
77293,0
52694,0
59397,0
23541,0
54205,0
24598,1
34505,0
99487,0
134264,0
81365,0
94824,0
71854,0
70638,0
85243,0
105406,1
50825,0
126295,1
71403,0
126596,0
84887,0
129568,0
105531,0
25038,0
97832,1
86329,0
99392,0
131155,1
28397,0
134884,1
40578,0
75477,0
44727,0
94828,0
42118,0
88880,0
72687,1
21248,0
97897,0
46262,0
48705,0
7409,0
62328,0
99334,0
102995,0
118002,0
132037,0
21503,0
94214,0
51990,0
94939,0
20012,0
81839,1
21700,0
73154,0
69420,0
43704,1
82288,0
48365,0
106177,0
80869,0
105500,1
71891,0
27659,0
83205,0
67757,0
58486,0
115954,0
79570,0
134860,0
36102,0
59352,0
58971,0
122875,0
58400,0
51980,0
125762,0
4373,0
67436,0
105592,1
66699,0
22704,0
22515,0
108687,0
35703,0
139064,1
103023,0
39873,0
123072,0
35320,1
52134,1
79796,0
46218,1
38069,0
125442,0
106116,1
104190,0
44155,0
67897,0
90002,0
132676,0
94319,0
18439,0
126960,0
75752,0
94385,0
82043,1
33181,0
105963,0
112204,0
115888,0
19351,0
75262,0
22889,1
113483,1
73245,0
75630,0
135390,0
38382,0
52985,0
50419,1
47428,0
8509,0
33315,0
55052,0
55506,0
137290,1
122565,0
46158,0
88170,0
3113,0
130826,0
64615,0
133765,0
14416,0
3179,0
52552,0
65700,0
97207,0
98903,1
90758,0
55485,0
58246,0
102124,0
130617,0
137942,0
99509,0
65821,0
14706,0
91732,0
71990,1
30924,0
64369,0
83795,0
108635,0
3999,0
110591,0
88506,0
15831,0
33486,0
126857,0
127918,0
60151,0
59027,0
23080,0
50943,0
130548,0
65998,0
139329,0
56647,0
53223,1
69774,1
117546,0
124697,0
18702,0
95096,0
106775,0
36959,0
123642,0
135292,0
6774,0
95602,1
8346,1
51004,0
37639,0
29948,0
98227,1
67643,0
77899,1
31072,0
82622,0
10165,0
94527,1
83749,1
120366,0
31195,0
21844,0
95554,1
51304,0
132610,0
53626,1
112,0
104346,0
76360,1
115697,0
107873,0
35014,1
46618,0
32230,0
105054,0
96535,0
131801,1
70265,1
83906,0
132545,0
49299,0
3306,0
121325,0
88780,1
137279,0
87974,1
98510,0
130717,0
68857,1
54048,1
32046,0
3948,0
86798,0
58359,0
59746,0
52346,0
76747,1
70803,0
120552,0
72994,0
117029,0
136665,0
24023,0
64852,1
7658,0
113187,0
117323,1
3180,0
96852,0
117311,0
63207,0
114356,0
127119,0
3204,0
11096,1
51888,0
47965,0
105134,1
29961,0
84390,0
55177,1
106321,0
27251,0
44798,1
31663,1
19552,0
8202,0
100233,0
24766,1
4398,0
33222,0
9155,0
131191,0
59777,0
117015,0
130464,0
108174,1
99666,1
24544,1
130419,0
11551,0
70264,0
50466,0
103441,0
104635,0
94528,0
51522,0
41041,0
134358,0
115245,1
42196,0
25439,0
61625,0
92956,0
100874,0
28281,0
116547,0
85188,0
87555,1
37366,0
42421,0
111524,0
69162,0
81605,0
17735,0
121543,1
92405,0
72749,1
65289,0
55163,0
34285,0
64375,0
23492,0
138691,0
105607,0
80142,0
53084,1
93538,1
113667,0
55132,0
42976,0
68946,0
47234,0
85230,0
34401,1
35466,0
53820,1
10307,1
59896,1
40622,1
109724,0
104533,0
64956,1
87697,0
132624,1
132572,1
83342,0
79597,0
126297,0
123748,0
104210,1
12497,0
129840,0
137807,0
73985,0
72734,1
131326,1
9212,1
75640,0
81142,0
63352,0
71765,0
21867,0
79765,0
108358,0
32682,0
71940,0
123240,0
54950,1
113274,0
73143,1
39513,0
17553,0
23650,0
84621,0
118966,0
12855,0
119544,0
23201,0
39731,0
84852,0
55467,0
77087,1
136608,0
65712,0
33603,0
155,0
5287,0
64971,0
21015,0
39813,1
125153,0
41291,0
137775,0
40783,0
12484,0
18672,0
38986,0
124738,0
97918,1
4605,0
22491,0
60216,0
64340,1
6858,0
36233,0
82660,0
22467,0
53726,0
122610,0
110692,0
76504,1
12882,1
98257,0
62444,1
15215,1
136999,0
132778,0
80897,0
20,0
102879,0
30676,1
92462,0
64843,0
139617,0
31804,0
70692,0
13095,1
98442,1
59618,0
90821,0
70958,0
130058,0
129204,0
130666,1
52760,0
48411,0
17229,0
50010,0
10664,0
34460,0
45934,1
104809,0
123122,0
33867,0
36650,0
90232,0
60901,0
100788,0
35513,1
74601,0
26135,0
80744,0
113569,0
31260,1
76290,0
58296,0
28120,0
117294,1
112158,1
58316,0
136710,0
121353,0
94044,0
101703,0
132826,0
97959,0
39556,0
93768,0
70010,0
35734,0
102103,1
29810,0
18663,0
73869,0
10213,0
10734,0
136057,0
29095,0
59626,0
51383,0
127110,1
29184,1
72241,1
650,0
62809,0
14209,0
116135,0
18782,0
114642,0
4411,0
58420,1
39313,0
123734,0
105612,0
51793,0
77391,0
51611,0
39902,0
42933,0
71951,0
127529,0
14779,1
67260,0
72058,0
43858,0
53221,1
106397,0
80208,0
7172,0
3663,0
26978,0
75094,0
75819,0
128691,0
105538,0
47642,1
110643,0
24050,0
21145,1
63063,0
78989,0
29209,0
108219,0
120186,0
89226,1
119653,0
136208,0
253,0
87810,0
1536,1
48155,1
46835,0
101381,0
12299,0
112013,1
13728,0
74092,0
35196,0
73970,0
140091,0
105424,1
21979,0
96334,0
100027,0
108118,0
104700,0
119187,0
119571,0
121254,0
106120,0
20204,0
138265,1
75433,0
124009,0
20379,1
3143,0
69180,0
70743,0
88625,0
59087,0
20059,1
1291,0
62538,0
2752,0
113732,0
64145,1
84509,0
13950,0
113368,0
41459,0
91391,0
66991,0
106445,0
137899,0
19766,0
77878,0
136282,0
120143,0
119520,0
5805,1
69209,1
113250,0
111535,1
124131,0
40186,1
51224,0
54028,0
36214,0
63594,0
124126,1
73330,0
47154,0
53698,0
36922,0
37612,0
54425,0
75017,0
41376,0
137422,0
136380,0
67485,0
133324,0
134902,0
65193,0
59394,0
38081,1
17949,0
100298,0
9601,1
83950,0
23085,0
53446,0
100894,1
116504,0
52277,0
92136,0
88179,1
126238,0
7844,1
129589,0
102885,0
111660,0
94457,0
115644,1
25257,0
52158,1
20408,0
2882,0
39912,0
44946,0
136708,0
5510,0
109081,0
120403,0
102390,1
79609,1
27653,0
79017,0
70905,0
60940,0
68236,1
50806,1
12683,0
31829,1
39481,0
96411,0
82265,0
23274,0
44882,0
15252,0
80727,0
93063,1
108424,1
50346,0
13039,1
61341,1
16199,0
56603,0
91489,0
139230,0
47131,0
116989,0
48061,0
51398,0
43125,0
126717,0
47062,0
83317,1
86127,0
37021,0
21423,0
90118,1
131328,0
106974,0
121206,0
56524,0
48919,0
53937,0
97297,0
91314,0
120175,0
63338,0
139563,0
18113,0
24886,0
3922,0
90166,0
84908,0
10240,1
40725,0
31473,0
110617,0
85068,0
121705,0
6030,0
134155,0
6018,0
4989,0
20756,1
131312,0
107652,0
84889,0
116087,0
81131,0
93104,0
77073,0
55704,1
135646,1
76717,0
76948,0
15636,0
75379,0
40976,1
95682,0
68489,0
75400,0
51871,0
137340,0
81230,0
124973,0
78421,0
87013,0
116405,0
26583,0
49899,1
62013,0
67038,1
50436,0
8510,0
118115,0
118155,1
94765,0
25857,0
108436,0
129993,0
92932,0
128531,0
111852,0
81761,0
126343,1
81188,0
119445,0
112314,0
37792,0
25068,0
52870,0
58878,0
61776,0
122417,0
95758,0
126935,0
60248,0
823,0
105703,0
92865,0
66293,0
99600,0
127185,0
132367,1
96110,0
42449,1
102942,0
106919,1
104615,0
4443,0
43053,1
79787,0
1482,0
5297,0
12080,0
58292,0
80331,0
136303,1
10691,0
5615,0
13797,0
16376,0
11429,1
8683,0
20603,0
64421,0
123244,1
43092,0
138402,0
6808,1
84808,0
127057,0
23903,1
3096,0
56585,0
24256,0
108525,1
76189,0
116131,0
8450,0
46257,0
76093,0
87135,1
124388,0
41509,0
16456,0
87236,0
137278,0
38368,0
19762,0
26802,0
62230,0
47103,0
116905,0
84687,0
93031,0
44958,0
1681,0
110207,0
68585,0
13645,0
86270,0
52689,0
48936,0
22846,1
138464,1
75794,0
104960,0
32048,0
28149,1
35883,0
44918,1
138965,0
35129,0
99638,0
120499,0
136499,0
38363,0
24499,0
49881,1
100366,0
93437,1
63922,0
133873,0
93705,0
37141,0
107388,0
82490,0
27771,0
125959,0
36895,0
83806,0
97742,0
17837,1
123531,0
46146,0
110398,0
74637,0
111094,1
128695,0
136980,0
22127,0
122855,0
96986,0
33645,0
16382,0
42868,0
81016,0
111970,0
2503,0
49912,1
27402,0
12501,0
140416,0
87767,0
129199,0
38844,1
13383,1
109723,0
120889,0
45306,0
116495,0
85641,0
77910,0
120189,0
75255,0
67721,0
77376,0
99380,0
39328,0
56118,1
74120,0
91501,0
111832,1
118950,1
37136,1
10631,0
97582,0
129696,0
35698,0
116851,1
136201,0
71528,0
94091,0
96298,0
137230,0
81239,0
132402,1
26554,0
46559,1
62325,0
71546,0
134451,1
85541,0
127131,0
78276,0
136617,0
128454,0
132979,0
54755,0
85109,1
27530,1
78724,0
138451,0
126487,1
63357,0
68062,0
38238,0
95300,1
103360,0
824,0
127033,0
90300,0
43432,0
121294,0
55820,0
126798,0
102,0
92986,0
128823,0
98751,0
7394,0
74087,0
107020,0
86064,0
47920,0
105988,0
45253,0
2072,0
56177,0
97131,0
136239,0
62086,0
46994,0
138149,0
74210,0
115929,0
53392,0
69276,0
84554,1
59362,0
46745,0
51986,0
38802,0
76819,0
125318,0
77455,0
49785,0
37480,0
100150,0
83631,0
128262,0
22230,0
101711,0
135805,0
46410,0
51447,1
78270,0
85038,1
87761,0
48845,0
77955,0
72066,0
55166,1
124025,0
42233,1
27350,1
8990,0
33409,0
138907,1
122108,0
12730,0
9798,0
116045,1
55925,0
23422,0
132747,0
62535,0
125373,1
66818,0
72816,0
8507,0
48272,0
67821,0
57452,0
61458,1
4900,0
40762,0
129152,0
108632,1
94830,0
18653,0
134934,0
14676,1
70553,0
108038,0
58013,0
92849,0
10221,0
90542,1
68207,1
88523,0
130391,0
85789,0
89309,1
119108,0
107130,0
110388,0
65004,1
82153,0
79063,0
119223,1
86967,0
50459,0
53188,0
107770,0
40737,0
18512,0
56458,0
15723,0
122696,1
41762,1
95360,0
60086,0
101438,0
64665,0
17831,1
91522,0
115325,0
67626,0
91552,1
65525,0
49621,1
36597,0
20820,1
29400,0
29326,0
75438,1
81896,1
44677,0
81488,0
19367,0
97436,0
102808,0
41361,1
128814,1
6828,0
1457,1
72941,0
32817,0
78549,0
6785,0
12663,1
35516,0
38194,0
109118,1
85225,0
102195,0
36546,1
10279,1
80608,0
95883,0
128431,0
95795,0
36516,1
78715,0
116,0
104130,0
99376,0
11977,0
113444,0
11123,0
93410,0
128677,0
12287,0
33797,0
128498,1
11015,0
136115,0
69173,0
110546,0
113693,0
65407,0
26456,0
72170,0
126074,0
102339,0
10518,0
94183,0
44595,0
10843,0
98209,0
13492,1
114683,0
110470,0
113862,0
105413,0
88134,0
49485,0
22819,0
29998,0
14134,0
73744,0
10283,0
91204,0
39609,0
15758,1
127922,1
127686,0
79289,0
98771,0
66869,0
136849,0
72514,0
18790,0
29884,1
88366,1
37409,1
31171,0
42094,0
40297,0
46718,1
55770,0
25326,1
32812,0
16962,1
85731,0
127593,1
128611,0
54611,0
77430,1
58562,0
112089,0
138300,0
92100,0
91968,0
32285,0
9480,0
56516,0
85391,1
25519,0
44923,0
10597,0
123273,0
19247,0
15115,0
131280,0
11377,0
85869,0
7982,1
4986,0
7850,0
79800,1
71395,0
110559,0
20795,0
72297,0
8057,0
30241,0
121129,1
107805,0
109615,0
884,0
90705,0
135931,0
77595,0
80726,0
35134,0
91517,1
118192,0
43265,0
138653,0
111167,0
55775,0
118750,0
53741,0
95123,0
10931,1
125465,0
82175,1
67011,0
117771,0
118247,0
51226,0
43798,0
40051,0
9959,0
64031,0
96554,0
76353,0
103153,1
74506,0
80688,0
5012,0
3519,0
84779,0
68891,1
134052,0
128832,1
54649,0
108175,0
109059,0
120320,0
126186,0
92636,1
90611,0
62812,0
133133,0
94594,0
117329,1
86165,0
91763,1
41342,0
15373,0
132124,0
65703,1
65306,0
76070,0
107551,0
110218,0
36638,0
8032,0
42645,0
120814,0
109219,0
40362,0
135290,0
133214,0
24351,0
81185,0
27546,0
128311,0
4024,0
104429,0
70103,1
107152,0
45664,0
137877,0
78250,1
12,0
20763,0
127240,0
99820,0
108889,0
59353,0
78351,0
91375,1
20844,0
7689,0
4556,0
95954,0
54594,1
51423,1
8914,0
8842,0
135134,0
1302,0
75738,0
30835,0
133686,0
131062,0
105906,0
105291,0
59499,1
113683,0
93731,0
70725,0
108823,1
1175,0
50095,0
50963,0
72547,0
126056,0
40862,0
135262,1
3399,0
92066,0
17125,0
98893,0
90832,0
125028,0
23132,1
113744,0
25010,0
92611,0
80746,0
136576,1
110796,0
2775,0
61121,1
69620,0
12810,0
70931,0
75455,0
28473,1
66934,0
51725,0
73300,0
120255,0
32877,0
52341,1
50666,0
63206,0
8780,0
20452,0
102142,0
84855,0
124788,1
115155,1
7218,1
1952,0
59284,0
7461,0
118454,0
5983,0
95663,0
36915,0
23638,0
80823,0
83759,0
73942,0
97803,1
114955,0
139441,1
63028,0
95742,0
5986,0
100732,1
68481,0
88497,0
127493,0
109553,0
87390,1
35337,0
38412,0
3952,0
105336,0
57965,0
51003,0
18324,1
59632,1
36685,0
16610,0
67007,0
92411,0
130856,1
132987,0
83605,0
109918,0
139572,1
75424,1
14475,0
94136,0
73823,0
97198,0
104178,0
127038,1
101698,0
30526,0
47465,0
36423,0
77753,0
127914,1
6263,0
37853,0
81458,0
64323,0
112151,0
40927,0
110009,1
71484,0
35101,1
108652,0
59251,0
50986,1
48000,0
44265,0
96105,0
122288,0
96969,1
98164,0
57531,1
118403,0
34704,0
7029,0
31606,0
133415,0
61481,0
87825,0
14780,0
69551,1
105645,0
118441,0
23579,0
68877,0
61288,0
35946,0
78006,0
45417,0
131086,0
64142,1
2175,0
86842,0
40089,0
136577,0
127082,0
139449,0
79580,1
86597,0
47109,0
23721,0
44839,0
60294,1
94838,0
109595,0
67475,0
81869,0
109182,0
110095,0
6780,0
17029,0
115785,0
112357,0
29238,0
41126,1
31187,1
21831,0
62388,0
1431,0
79548,1
1378,0
124083,0
71380,0
70110,1
41690,0
52506,0
49063,0
106202,0
128586,1
16300,0
13647,1
37780,1
82308,1
103980,0
55160,0
79204,0
88936,0
119652,0
119377,0
50975,0
67791,0
107641,0
129445,0
18998,1
19069,1
130649,0
61525,0
74183,0
78881,1
90334,0
63123,0
93962,1
3830,0
37948,0
132765,0
11497,0
104707,0
105202,0
57141,1
132749,1
14456,0
124141,1
101781,0
65870,0
112230,0
83151,0
5265,0
111518,1
106661,0
10435,1
100626,0
138830,0
134675,0
118445,0
140472,0
110665,0
99500,0
100342,0
107341,0
136060,0
41837,0
4217,0
52357,1
135018,0
53941,0
14267,0
33330,1
117050,0
87779,0
128842,0
97789,0
8081,0
17812,1
128603,0
30562,1
20585,0
110401,1
94093,1
5701,0
34651,0
54077,0
119214,0
34907,0
29520,0
2251,0
45538,1
96809,1
8347,1
102087,0
59441,0
4739,0
123768,0
139039,0
60800,0
75434,1
95762,0
86484,0
113557,0
113451,0
134604,0
111860,1
126572,0
7210,0
115111,0
79461,0
65175,0
129328,0
1565,1
104110,0
77125,0
85422,0
4050,0
121952,1
44149,0
79088,0
88001,1
129772,0
100557,0
83739,0
62902,0
108575,1
29306,0
117943,1
112751,0
120959,0
3637,0
50492,0
137998,0
122402,0
4858,1
28810,0
130196,0
5845,0
126479,0
135124,0
124806,0
32899,1
92192,1
134357,0
47755,0
94366,0
74105,0
111658,0
64918,1
52367,0
37300,0
53041,0
117095,0
25217,0
61797,0
30008,0
76998,1
72111,0
31475,0
36417,0
52195,0
32867,0
96496,0
42800,1
133458,0
71654,0
9615,0
130771,0
123236,0
133655,0
68639,0
62091,0
29266,0
100795,1
66287,0
51445,0
84547,0
7305,0
35752,0
42362,0
95570,0
3594,1
36097,0
26952,0
22291,0
93280,0
53772,0
106339,0
130929,0
132009,1
85140,0
32827,1
10462,0
99986,1
9463,0
89540,0
15506,0
7319,0
9243,0
40855,0
73394,0
23555,0
127108,0
89166,0
40137,0
41910,1
57304,0
76296,0
77237,0
110407,1
53311,0
106577,1
71354,0
49024,1
46953,1
94383,0
135350,0
69080,0
125736,0
82842,0
22372,0
77340,0
84371,0
84385,0
119584,0
57874,1
101036,0
33973,0
60712,0
12936,0
35891,0
62226,1
104651,0
97553,0
71154,1
68986,0
89241,0
84588,1
106194,1
131718,0
66854,0
56850,0
37406,0
37862,0
135364,0
11330,0
129705,1
73786,0
126540,0
91138,1
78050,1
139084,0
73802,1
15206,0
65419,0
131623,0
106855,0
140421,0
115447,0
47439,0
103600,0
91154,0
131435,0
20063,0
91040,0
37245,0
107408,0
115874,0
7708,0
10166,0
61956,0
34604,0
39558,0
2736,0
3264,1
121919,0
94957,0
122271,0
43042,0
40838,0
123612,0
86309,0
106137,0
91279,0
26256,0
60585,0
98320,0
26882,0
38359,0
105179,0
117790,1
79175,1
120533,0
118535,1
18804,1
134336,0
105942,0
69608,0
95389,0
46550,0
16441,1
85566,0
80166,0
117581,1
3687,0
38947,0
78446,0
69021,1
128132,0
121936,0
107892,0
133892,0
28900,0
22690,0
50430,0
32006,0
101371,0
102965,0
40748,0
82686,1
47521,0
4337,1
17165,1
37714,1
113342,0
18618,0
46337,0
19990,0
50682,1
19882,0
5087,0
91144,1
81763,0
58411,0
65661,0
132425,0
55431,0
2910,0
125054,0
119017,0
43234,0
71980,0
33198,0
60116,0
66985,0
97009,0
22431,0
128679,0
10002,0
121023,0
42752,0
113877,0
23299,0
23116,0
66833,0
63630,0
87482,0
46852,0
125464,0
120144,0
131034,1
65981,0
9988,0
64673,0
114345,0
37211,0
108146,0
119352,0
40714,0
100666,0
11861,0
18792,0
71296,1
53381,0
119820,0
2055,0
89600,1
114746,0
124828,1
68132,1
92858,0
55603,0
60801,1
17984,0
86111,0
26025,0
74112,0
35572,0
86938,0
90284,1
116613,0
96312,0
116259,0
56064,0
120471,0
126128,0
135778,0
133823,0
114365,0
127678,0
50769,0
104022,0
55810,0
111955,0
42619,0
130839,0
74275,0
101529,0
47506,0
67415,0
121092,0
112472,0
27976,0
31913,0
13755,0
119819,1
17791,0
25302,0
130332,0
67525,0
18258,0
137831,1
15703,1
112846,0
90570,1
134173,1
139153,0
43372,1
3340,0
104717,0
19847,0
15167,0
29563,1
61238,0
15648,0
136961,0
82567,0
72002,0
99543,0
121430,0
5579,1
79903,0
76329,0
47029,0
47809,0
51699,0
32132,0
87965,0
122891,0
122425,1
42968,0
128758,0
43962,0
57289,0
26274,1
93786,0
43811,0
109700,0
68699,0
50388,0
139982,1
86283,0
115808,1
119766,0
29453,0
86040,0
105572,1
20415,0
107199,0
55353,0
91134,0
112227,0
116703,1
63256,0
32291,1
2434,0
122306,0
87750,0
121712,0
119463,0
61523,0
34689,1
102053,0
32802,0
591,1
95142,1
126381,0
127858,0
35131,0
98760,0
46147,0
140596,0
134980,0
52606,0
125432,1
107336,1
63428,0
100544,0
126384,0
77065,0
74455,0
86705,0
107874,0
110824,0
48380,1
49581,0
125293,0
82387,0
133148,0
100462,0
19960,0
20081,1
83056,0
17094,0
108944,0
35527,0
114011,0
45100,0
46472,0
121170,0
130140,1
133961,0
25847,0
72191,0
100667,0
8365,1
97971,0
45314,0
28430,0
134260,0
16765,0
120506,0
24519,0
76022,0
27818,0
89719,0
81750,1
97689,0
10154,0
71320,0
56279,0
12295,0
68567,0
63225,0
131419,0
87867,0
66098,0
103652,0
75214,0
112965,0
42962,0
33456,0
11646,0
106029,0
90875,0
65539,0
132578,0
99865,0
83227,0
92674,1
121849,0
133609,0
52097,1
48844,0
133551,0
139050,1
53325,0
60956,0
84449,0
44443,0
8617,1
37128,0
140345,0
12393,0
134370,0
69760,0
66616,0
54494,1
48103,1
132696,0
140170,0
135165,0
26251,0
50713,0
27492,0
107494,1
60277,0
100371,0
52903,0
122521,0
73499,0
53236,0
73011,0
1316,0
130361,1
23485,1
73279,0
86524,0
103394,0
103435,0
40484,0
61760,0
49027,0
65089,0
84218,1
65911,0
53244,0
72616,0
135529,0
129032,0
49319,0
22925,0
69192,0
98162,0
105693,0
64472,0
134773,0
20502,1
76702,1
30706,1
25638,0
140139,0
88642,0
11262,0
91414,0
13606,0
112033,0
124349,0
124855,0
43578,0
102448,0
20892,0
93187,0
106371,1
123468,0
116463,0
38206,0
8767,0
125643,0
56068,0
40917,1
85379,0
95787,0
116527,0
57002,0
78627,0
58244,1
32748,0
115209,0
97523,0
47843,0
50253,0
130930,0
22164,0
75965,0
18107,1
131709,0
25364,0
126569,0
641,0
26722,0
71369,0
3481,0
53340,0
35995,1
22176,0
63938,0
53015,1
75083,0
109896,0
17309,0
74822,0
21085,0
94081,1
28827,1
100563,1
110419,0
133630,0
137423,0
112767,0
82287,0
69938,1
103893,0
83207,0
50846,0
36777,1
107348,1
80086,0
123631,0
73574,0
13879,0
52974,1
122354,0
20183,0
8218,0
117333,0
106467,1
19992,1
104001,0
76335,0
42092,0
1617,0
19439,1
18171,0
65259,0
113394,1
76840,0
29667,0
111565,0
112512,0
33637,0
33674,1
119492,0
42588,0
131355,0
81156,0
10514,1
24252,0
83360,0
36988,1
10011,0
22676,0
40287,0
1573,0
128941,0
34203,1
20727,0
32923,1
17521,0
26985,0
28146,0
106937,0
81136,0
102316,1
26355,0
128834,0
111217,0
124935,0
85627,0
77312,0
82455,1
103478,0
64825,0
16813,0
113432,0
9401,1
59938,0
103806,0
73782,1
30467,1
99126,0
56949,0
125763,0
126095,0
82725,0
107176,0
113164,0
120925,0
83007,0
124515,0
86444,0
132704,1
139642,0
53806,0
122824,1
36846,0
61651,0
90255,0
102268,0
129602,0
1967,0
12455,0
29649,0
107831,0
67930,0
91938,0
134269,0
23755,0
943,0
124390,1
95304,0
8640,0
95843,0
15996,0
37005,1
134830,0
61339,0
102809,0
70928,0
105484,0
108241,0
94046,0
69416,0
138865,0
25055,0
67604,1
11650,0
68325,0
2456,0
3696,0
72124,0
98467,0
32467,0
87264,0
48468,0
110952,0
61014,0
126321,0
104406,0
95417,0
132718,0
96854,1
107739,0
55560,0
54417,0
63696,1
18706,0
96778,0
62333,0
87688,0
6912,0
20517,0
92930,0
35119,0
85897,1
136122,1
72601,0
45532,0
4785,0
107041,0
55581,0
94299,0
94084,0
88408,0
16774,1
102139,0
53393,0
97722,1
131677,0
79115,0
22235,0
70310,0
45748,0
140059,0
69969,0
4492,0
139769,0
54501,0
45973,0
98926,0
64729,0
126582,1
99436,0
65529,1
15207,0
26624,0
73545,0
132776,0
64927,0
77542,0
128665,0
16847,0
116211,0
130650,0
74053,0
47595,0
123347,0
19404,0
43730,0
134950,0
59058,1
84305,0
107373,0
174,1
96096,0
9477,0
3509,0
60396,0
38375,0
92238,0
59329,0
32368,0
126262,0
56235,0
62418,0
67981,0
64585,0
129228,0
1391,1
105158,0
1675,1
120401,0
33149,0
71944,1
129240,0
138652,0
12216,0
125343,0
76294,0
51405,0
14129,0
8104,0
131377,1
56358,0
94180,0
101894,0
96287,0
79404,0
111898,1
118412,0
1221,0
33155,0
117399,1
118013,0
128452,0
44790,0
90907,0
11152,0
29614,0
125389,0
48400,0
79539,0
94026,0
21743,0
39373,0
127543,0
64988,0
20478,0
85135,0
110097,0
37681,0
72657,0
62898,0
45371,0
80561,0
81888,0
85334,0
135231,0
119200,0
5415,0
57082,0
73029,0
5539,0
97949,0
22941,1
25293,1
104955,0
111986,0
113924,0
90401,1
14301,0
28388,0
120346,0
96029,0
15926,1
18455,0
73117,0
4761,0
69789,0
2893,0
21591,0
55500,0
11984,1
86859,0
37405,0
140582,0
53760,1
10108,0
82940,0
75313,0
94777,0
45908,1
115082,0
91769,1
112174,0
63871,1
51360,1
5911,0
88691,0
46602,0
6489,0
123447,0
50632,1
35591,0
130475,0
127635,0
128598,0
28005,0
126749,0
67174,0
35630,1
17321,1
64009,0
55826,0
82087,0
105006,0
2092,0
107460,0
66499,0
105677,0
114965,0
80459,0
90643,1
135783,1
54210,1
95398,0
99411,0
14992,0
51651,0
61758,0
53851,0
7789,0
16933,0
102365,0
83617,0
41840,0
7981,0
36187,0
95676,1
47387,0
63849,0
44520,0
101052,0
78530,0
102185,1
991,1
66199,0
6078,1
131182,0
17642,1
54255,0
98502,1
109349,0
91746,0
10800,1
18407,0
92076,0
31407,0
73137,0
29363,0
93120,0
99886,0
99866,1
25515,0
29934,1
108787,0
65376,0
849,0
12655,1
135760,0
13469,0
136566,0
103981,0
52242,0
99247,0
127085,0
53689,0
43262,0
117479,0
60511,1
94937,0
17775,0
12166,0
61763,0
126307,0
131144,0
18887,0
119054,1
106483,0
89183,1
122100,0
22595,0
118101,0
75605,0
79200,0
91582,0
100921,0
39852,0
71641,1
93211,0
70862,0
16022,0
94418,0
110180,0
133759,0
24771,0
87218,0
38102,0
62048,1
75635,1
69309,0
71026,1
64446,0
10023,0
64739,0
65791,1
6764,0
112504,0
56034,1
55159,1
104568,0
134361,0
124534,0
78729,1
25115,0
83851,1
47543,0
87821,1
109611,0
34165,0
138807,0
129522,0
47609,1
8495,0
56157,0
125068,0
30377,0
57231,0
17441,1
89205,0
65808,0
70728,0
62336,0
109587,0
56823,0
14820,0
133142,0
109778,0
66645,0
118613,0
10596,0
13923,0
62946,0
60828,0
122962,0
4366,0
42006,0
107781,0
52545,1
4440,1
139631,1
80486,0
90158,0
5256,0
140452,0
79449,0
139508,0
38662,0
20789,0
137921,0
2353,0
77418,0
64280,0
80850,0
104245,1
20223,0
83966,1
19934,0
82208,0
6563,0
65177,1
69683,0
28915,0
75926,0
58735,0
1720,0
134079,0
107899,1
60729,0
58061,1
51881,0
45197,0
46460,0
125489,0
88551,1
130156,0
75256,0
139077,1
133087,0
35722,1
16144,0
81341,0
87707,1
120202,0
78849,1
80487,0
34541,0
100466,1
139235,0
13155,0
61702,0
86893,0
131659,0
137414,0
83487,0
32074,0
6718,0
57385,0
86304,1
136505,0
36472,1
114214,0
91343,0
97871,0
117585,0
64847,0
90454,0
28598,0
55246,1
123899,0
51859,0
98917,0
133681,0
18694,0
90145,0
26142,0
106690,0
35444,0
101262,0
59578,0
11464,0
105436,0
110806,0
20992,0
28306,0
80932,0
91404,0
112629,0
35888,0
9509,0
25127,1
132976,0
136923,0
112863,1
93676,0
89200,0
16734,0
120074,1
116751,0
137642,0
55957,0
50810,0
59107,0
96564,0
32968,0
90318,0
133252,0
61314,0
60912,0
60031,0
100285,0
46118,0
7729,0
117834,0
107512,0
60691,0
26130,0
105529,0
50659,0
101577,1
103720,1
45674,0
13541,0
18849,1
114430,0
40345,0
75117,1
94447,0
25810,0
139493,0
29166,0
77415,1
43580,1
126716,0
35804,0
69178,1
72586,0
100573,0
113581,0
132410,0
126880,1
32225,0
71544,1
10747,1
96433,0
8969,0
57301,1
61467,0
89677,1
30302,0
67370,0
2799,0
5505,0
62932,0
52872,0
76015,0
47036,0
44752,1
96476,1
14962,1
124928,0
94581,0
90529,0
134333,0
104223,1
124414,1
23921,0
569,0
69987,0
127112,0
9171,0
38207,1
97022,0
28549,1
118246,1
85423,0
29455,1
89233,0
124060,1
54808,0
22165,1
24620,0
48510,0
135675,1
89133,0
46209,0
87305,1
1616,1
118163,1
98229,0
43333,0
35090,0
137307,0
76790,0
127949,0
130463,0
19994,0
84046,0
11746,0
97399,0
65410,0
100397,1
140082,0
79415,0
47602,0
82064,1
82398,0
93842,1
129497,0
49486,0
82605,0
139562,0
133564,1
22281,0
34806,0
138746,0
47704,0
60406,0
108347,0
129166,0
90154,0
134605,0
106949,0
38049,0
118761,0
43881,0
34291,0
25019,0
103273,0
117120,0
125282,0
132194,0
97170,0
52142,0
117346,1
129263,1
37788,0
9098,1
97474,0
7470,0
124649,0
128716,0
56669,1
91662,0
36259,0
78363,1
124652,0
66594,0
58934,1
106344,1
6500,0
89414,1
45922,0
45095,1
74335,0
11295,0
90172,0
40662,0
27241,0
19022,0
43622,0
102464,1
105400,0
105162,0
137675,0
61389,0
59474,0
108395,0
82579,1
105573,1
54940,0
114218,0
131783,0
51890,0
125951,1
25844,0
101287,0
93530,0
114523,0
96938,0
78872,0
57639,1
36839,0
100786,1
112272,0
50332,0
70138,0
125574,0
90811,0
127849,0
17840,1
27316,1
7930,0
90195,0
116487,0
34517,0
120694,0
123113,0
107554,0
26752,0
45508,0
19836,0
101200,0
68260,1
118879,0
138503,0
91734,0
60176,0
62093,1
117429,0
4323,1
111108,0
66598,0
8672,0
13785,0
81946,0
91922,0
5090,1
135995,0
127971,0
65328,0
58,1
102683,0
76375,0
33777,0
135188,0
50032,0
65428,1
109342,0
108235,0
30091,0
28423,0
32680,0
45312,0
80437,0
133673,0
17221,1
112397,1
75857,1
96197,0
39011,1
26450,0
117664,1
19554,0
71662,0
114531,1
74032,0
117505,0
104251,0
60490,0
68915,0
97632,0
113421,1
30345,0
6171,0
12011,0
104349,0
134842,0
90815,0
137111,0
79887,0
47614,0
108547,1
33195,0
91994,0
9700,1
87049,0
15261,0
133509,0
76169,0
60358,1
31584,1
108724,0
119939,0
117999,1
38107,0
88225,1
118590,0
4712,0
1426,0
14180,0
115867,1
129775,0
84491,0
94637,1
110756,1
11986,0
40633,1
134290,0
25769,0
29176,0
33377,0
113439,0
124461,0
30973,0
84510,0
127210,0
84630,0
137252,0
114847,0
10555,0
91617,0
95836,0
16407,0
53793,1
131190,0
23787,0
115468,0
5636,0
69587,0
116762,1
105627,0
63218,1
5697,0
137510,0
4421,1
39069,0
86789,0
123838,0
57789,0
111044,0
3272,0
39521,1
50420,1
54318,0
86651,0
61155,0
70949,0
116566,0
56142,0
104763,0
27593,0
22292,0
111865,1
38849,0
22280,0
124564,1
108006,0
26517,0
131880,1
94226,0
70282,0
45316,0
18957,0
63984,0
128034,0
72849,0
2686,0
45714,0
87085,0
2998,0
66755,1
22699,0
58913,0
98669,0
136515,0
28998,0
105992,0
39576,1
5513,0
117075,0
135417,0
111510,0
135248,0
104980,0
91155,0
13551,0
29147,0
95685,0
259,0
64543,0
30463,0
140272,1
82761,0
115083,0
34752,0
58950,0
100196,0
43696,0
40897,0
17180,0
17300,0
89527,1
103633,0
31175,0
57565,0
100657,0
54908,0
96953,1
49572,1
37998,0
14417,1
23336,0
32173,1
42624,0
49152,0
134669,0
135219,0
36069,0
70879,0
57743,0
38613,1
83873,0
55428,0
48809,0
20079,0
3660,1
97123,0
131500,0
78440,0
122429,0
11174,0
114626,1
49622,0
73781,0
16707,0
71638,1
107570,1
100902,0
5518,0
97188,0
61218,0
117491,0
50325,0
99664,1
78371,0
31034,1
1199,1
125615,0
37755,0
25178,0
36828,1
15587,0
59261,1
78493,0
70431,0
48316,0
126280,0
134928,0
101492,0
90982,0
8046,0
33554,0
30049,0
132349,0
60447,0
53551,1
55952,0
8336,0
133657,0
129794,0
139089,0
22505,0
129687,0
82209,0
95652,0
7754,0
35315,0
86608,0
53319,0
60964,0
75223,0
56613,0
10176,0
25907,0
140569,0
86476,0
22337,0
9449,0
135020,0
45712,0
10133,1
38879,1
72911,0
79493,0
1686,1
20594,0
101037,0
105565,0
38355,0
7550,0
48960,0
93175,1
111838,0
96707,0
126442,0
107803,1
62183,1
81991,0
37302,0
42305,0
128170,0
12049,0
118442,0
62017,0
50833,1
68690,1
75954,1
43012,0
106948,0
123949,0
126491,0
29501,0
23925,0
18299,0
98343,0
26645,0
134638,0
8073,0
71355,1
116643,0
56772,0
83219,0
35151,0
45462,0
73759,1
85390,0
67433,0
99178,0
129991,0
26290,0
85781,0
60312,0
27166,1
11844,1
54100,0
107724,0
64773,1
10494,0
65987,0
9225,0
82581,0
64790,0
96546,0
3916,0
18898,0
107876,1
40702,0
82426,0
9554,0
83890,0
136774,0
2600,0
130088,0
3858,0
107581,0
28160,0
91731,0
76023,0
136438,0
29083,0
76418,1
17707,1
4220,0
92869,0
101405,1
32246,1
121605,1
78678,0
86296,0
103700,0
65155,0
122851,0
48803,1
80311,0
69501,0
77893,0
116193,0
64453,0
79901,0
64279,1
26729,1
26531,0
15848,0
22821,0
43409,1
66962,0
61145,0
115924,0
92115,0
133674,0
85706,0
116710,0
111362,0
21625,0
68411,0
102582,0
86,0
70932,0
116444,0
45504,0
53765,0
34142,0
120609,0
31987,0
18640,0
113063,0
135612,1
99446,0
40766,0
3330,0
76565,0
45548,1
56196,0
88160,0
116732,0
101112,0
64166,0
63461,1
70864,0
115230,0
22685,0
79645,0
54259,1
62353,0
120226,0
1655,0
121336,0
123583,0
94727,0
49504,0
83619,0
93181,0
94279,0
134647,0
81369,0
23575,0
117220,0
17901,0
117161,1
126902,0
51100,0
28121,0
28363,0
37123,0
80920,1
15360,0
60694,0
139339,0
98966,0
50987,0
101038,0
113442,0
98354,0
136867,0
4461,1
74668,0
109981,1
48447,0
5184,0
61007,0
50129,0
50644,0
19413,0
92655,0
70422,0
76733,0
1417,1
118022,0
61963,1
41836,0
136654,1
117931,0
5974,0
17116,1
99745,1
137982,0
80577,0
77007,0
62488,0
89856,0
14023,0
25355,1
92251,0
121331,1
63633,1
102640,0
9254,1
113347,0
41867,0
10209,0
113352,0
49849,0
121756,0
136494,0
13435,0
87420,0
104968,0
7436,0
41289,0
14022,0
64813,0
54531,0
107995,0
33165,0
109371,0
115364,0
137915,0
58083,0
101028,1
47197,0
111911,0
119014,0
69195,0
7427,1
131689,0
70122,0
51813,0
120859,0
81886,0
108084,0
120710,0
90560,0
123002,0
104776,0
57977,0
116183,0
126593,0
75327,0
73287,0
4812,0
135439,1
113950,0
134077,0
133531,0
117733,0
80122,0
74878,0
63506,0
116574,1
1387,0
64096,0
112637,0
101220,0
46007,0
57041,1
112817,0
31385,1
131451,0
55167,0
55385,1
88717,0
73789,0
122082,1
86969,0
61335,0
116358,0
74089,0
87705,1
125239,0
86044,0
50731,0
47953,0
2026,0
27592,0
122551,1
115556,0
21635,0
119368,0
133433,1
65342,0
57348,0
76420,1
110660,1
18676,0
139333,0
12472,0
117847,0
66167,0
93831,0
76525,0
38444,0
94703,0
8408,0
99671,0
54981,0
121140,1
105652,0
20470,0
15407,0
82476,0
138457,0
30615,0
100422,0
113926,0
138014,0
89256,0
12317,0
130024,0
81484,0
25468,0
62045,0
12575,0
115192,0
15012,0
83698,0
140503,0
75523,0
30558,0
140543,0
23358,0
95880,0
105746,1
34338,1
11504,1
24600,0
45610,0
47901,0
12157,0
8470,0
103643,0
62685,0
116980,0
97751,0
127548,0
113406,0
99095,0
136472,0
118406,1
94847,0
57681,0
118561,0
26275,0
98388,0
138633,0
128224,0
15682,0
112130,0
39212,0
4079,1
131366,0
89879,0
24745,0
5318,0
118124,0
118948,0
48373,1
112625,1
131898,0
41507,0
44704,0
129320,0
8669,1
63864,0
17931,0
120305,1
32781,0
5206,0
117708,0
63786,0
10542,0
55294,0
11065,0
57541,1
37481,0
8836,1
43695,1
105937,0
129519,0
92474,1
73607,0
6343,0
60193,1
82832,0
103040,0
129034,0
6138,0
1744,1
113658,0
132893,0
16274,0
78602,1
91537,0
32271,0
19797,1
130791,1
58785,0
138237,0
57494,0
45269,0
68531,0
5115,0
79971,1
33368,0
62217,0
138637,0
58464,0
30372,0
35358,1
104911,0
51590,0
61988,0
85286,0
12209,0
48576,0
60082,0
12863,0
122031,0
51381,0
99580,1
53376,0
5564,0
28606,1
126565,0
69495,0
35879,1
110045,0
138870,0
104237,0
47242,0
107424,0
38737,0
55762,1
24239,0
12972,0
38429,1
47122,0
24624,0
30834,0
137018,0
2789,1
22643,0
49896,0
39356,0
36535,1
69936,0
139864,0
126982,0
140162,0
57498,1
126861,0
126386,1
83910,0
12710,0
128070,0
60716,0
24221,1
97209,0
73725,0
31986,0
118389,0
65007,0
58267,0
42408,0
122959,1
97187,0
18080,0
96206,0
32687,0
134777,0
48148,0
69442,0
11609,1
28502,0
120125,0
123775,0
24479,1
15014,0
70016,0
123669,0
91102,0
56128,0
2345,0
130640,1
38988,1
118647,0
118529,0
94095,0
108315,1
112318,0
109574,0
75466,0
37624,0
106446,0
127434,0
137051,0
124927,0
108056,0
121424,0
18172,0
125531,0
137399,0
50606,0
61311,0
133583,0
67543,0
129842,0
87278,1
55399,0
16373,1
41064,0
134806,0
56274,0
133970,0
93553,0
85429,0
61712,1
126980,0
78501,0
77399,0
65979,0
34348,0
4548,0
35724,0
52881,1
60340,0
33321,1
90313,0
100851,1
109916,1
34260,0
294,0
19841,0
16276,0
71844,0
97728,0
59682,0
31509,0
5920,1
20984,0
74156,0
105138,1
47905,0
132161,0
130710,0
15941,0
45063,1
53921,0
69248,0
75899,0
94208,0
128471,0
123187,0
85705,0
39305,1
90900,0
32405,0
14440,0
79158,0
119452,1
122370,1
43142,0
98330,1
126063,0
45672,0
68806,0
84719,0
58611,0
14711,0
72505,0
12469,0
44338,0
116153,0
52761,0
136413,1
139193,0
23692,0
72728,0
82764,0
22820,0
69356,0
90742,0
76618,0
33436,0
47709,0
29098,1
5034,0
16924,0
13319,0
16423,0
117253,0
117620,0
57439,0
121335,1
54738,0
120915,0
79779,0
42451,0
98155,0
105555,0
36006,1
104060,0
21011,0
123042,0
2879,0
111162,0
37374,1
125796,1
25015,1
12268,0
50817,0
118386,1
24696,0
93061,0
131237,0
134352,1
115701,1
22256,0
112925,0
132986,0
51927,1
53195,1
142,0
79892,0
34709,1
53089,0
117668,0
5158,0
108982,0
111823,0
40250,0
96210,0
29609,0
82651,0
113787,0
68608,0
78918,0
125349,0
26448,0
82968,0
94502,0
124273,0
107477,0
19031,0
9681,0
19040,0
58552,0
95974,0
97364,1
7399,0
69864,0
102283,0
123977,0
11797,0
52300,0
94340,0
96602,0
140353,0
74271,0
107731,0
86232,1
41741,0
21984,0
35956,0
97766,0
90105,0
22265,0
38297,0
106615,0
79706,0
77651,1
119936,0
82421,0
7343,0
83191,0
106939,0
9562,0
70118,0
133480,1
6736,0
48229,0
103061,0
93701,0
140510,0
38124,0
33483,1
56352,0
73202,0
80830,0
72131,0
36868,0
10367,1
103293,0
74573,1
11618,0
44548,1
125911,0
105527,0
84820,0
42264,0
135109,0
52519,0
124749,0
22014,0
74385,0
116218,0
6444,0
100505,0
15917,0
69884,0
53059,0
46342,0
5596,0
29325,0
20319,0
120045,0
62366,0
86713,1
44017,0
40118,0
88254,1
101512,0
25192,1
119166,0
103909,0
55477,1
65912,0
140155,0
13678,0
121917,0
63121,0
4153,0
28509,0
12257,0
113203,1
46259,0
53942,0
12524,0
135122,0
84549,0
16928,0
80039,1
136530,0
103450,1
51960,0
15818,1
16914,0
66886,0
57317,0
11995,1
1269,0
126184,0
39157,0
131997,1
116521,0
123779,0
43210,0
26912,0
62096,0
28051,0
92530,0
25331,0
26494,0
2902,0
78322,1
23726,0
74038,1
130516,0
40324,0
43115,0
44308,0
11994,0
6324,1
115442,0
98089,0
89036,0
53400,0
70828,0
129071,0
138148,0
94301,0
83078,1
89996,1
111330,1
172,0
83286,0
57790,0
2839,0
133596,0
44733,0
129614,0
68527,0
101759,0
67622,0
41132,1
109414,0
113040,0
129755,0
11280,1
2627,1
119530,1
122944,0
86314,0
12998,0
49694,0
13872,0
36120,1
78860,0
33779,0
53384,1
5344,0
116560,1
77745,1
108245,0
63915,0
96550,0
20372,0
61592,0
60995,0
102294,0
65465,0
108153,0
96079,0
84203,1
55607,0
128527,0
116208,1
36309,0
125904,0
115746,0
2377,1
81602,0
133384,0
45271,0
78053,0
13227,0
91400,1
56440,0
8629,0
7549,1
84346,0
36933,0
34431,0
25145,1
93508,0
36968,0
112996,1
35641,1
99037,0
23944,0
359,1
107228,0
68930,1
120239,0
17500,1
90337,1
20742,0
116141,0
52701,1
67464,0
21072,0
30101,0
8743,0
140381,0
140628,0
62259,1
48658,1
34118,0
3910,0
82542,0
114622,0
51072,0
60051,0
134885,0
3566,0
49873,0
61838,1
39372,0
69290,0
86916,0
40030,0
65625,0
5756,0
15007,0
18226,0
9930,0
13747,0
11627,0
130158,0
68874,0
29384,0
67979,1
23928,1
37641,0
92835,1
51744,0
60732,1
72162,0
112813,0
78166,0
140504,1
111287,0
63481,0
122572,0
115881,0
26280,1
11368,0
100846,1
57638,1
7021,0
90208,0
24724,1
33946,1
40597,0
86904,0
73203,0
24166,0
92726,1
80986,0
40358,0
139393,1
15376,0
42151,1
134339,0
599,0
60132,0
96338,0
121431,0
60024,0
136169,0
54365,1
21041,0
89623,0
15292,0
12616,0
15998,1
106081,0
27913,0
28154,0
102692,0
25715,0
54078,0
46631,0
54671,0
92970,0
112159,0
97294,1
96819,0
123703,1
36325,0
29435,0
89493,0
31398,0
107515,0
76397,0
121458,0
126271,0
36702,0
107,1
76124,0
29818,0
27828,0
114017,0
20950,0
31424,0
9577,0
80195,0
129365,0
18931,0
119931,0
130903,1
92058,0
67804,0
8630,0
49817,0
97807,0
45574,0
108444,0
36766,0
22126,0
6770,0
139121,1
107780,0
109429,0
46088,0
84653,1
36405,0
92745,0
68158,0
48898,1
48455,0
19459,0
82417,0
81062,0
75506,0
61186,0
103340,0
114826,1
11575,1
86744,0
18572,0
37282,0
129231,0
67862,0
8891,0
117593,1
9946,0
9418,0
115258,0
19555,0
139207,0
84704,0
109320,0
23660,1
103369,0
79543,0
62576,0
117608,0
59715,1
17154,0
23540,0
14619,0
40333,0
16988,0
73706,1
106057,0
90137,0
34955,0
65413,0
108665,0
16636,0
13138,0
87009,0
123338,0
99234,0
74060,0
87706,0
36045,0
76163,0
92844,0
99160,0
93592,0
18591,0
49322,1
91192,0
137339,0
111733,0
87001,0
12605,0
49106,1
83085,1
121065,0
107523,0
101754,0
15239,0
7544,0
85353,0
116729,1
77056,0
111212,0
25498,0
59974,0
22873,0
78718,0
107063,0
53496,0
51427,0
64501,0
16568,0
4017,0
24967,0
111219,0
92288,1
46924,1
57316,0
49752,1
88383,0
56494,0
54023,0
62570,0
5181,0
86767,0
81564,0
28203,0
4826,0
2776,0
132792,0
22248,0
28573,0
22701,0
44000,0
80350,0
77330,0
121090,0
26974,0
71870,0
109627,0
54937,0
125400,0
131796,1
120682,1
13525,0
44303,0
124077,0
137127,0
88003,0
25074,1
58537,0
36419,0
86343,0
116682,1
113487,0
1044,0
76206,0
117356,0
120003,0
84561,1
117680,0
85610,0
101140,0
58857,0
138889,0
27365,0
104301,0
8518,0
61224,0
100616,0
13480,0
127838,0
135903,0
61006,0
27107,0
101716,0
4837,0
131352,0
14679,0
106867,0
134187,1
86779,0
39243,1
98080,0
96010,0
98132,0
81762,0
5407,0
93113,1
22135,0
26695,0
95390,1
34811,1
97896,0
72857,1
10342,0
7974,0
78877,0
45383,1
22383,0
120159,0
115144,0
82851,0
37085,0
11293,1
72250,1
23763,0
16354,0
98741,0
32200,0
72775,0
57945,1
24721,1
19386,0
101838,1
83981,0
62053,1
66638,0
7797,0
100614,0
698,0
136154,0
76322,0
109159,1
25305,0
83212,1
80465,0
103925,1
4122,1
38761,0
96446,0
83601,0
98655,0
7557,0
72168,0
44490,0
134365,0
34858,1
124230,0
63733,0
52615,0
46686,1
134827,0
87726,0
16391,0
82289,1
55026,0
6154,0
19278,0
66718,0
48513,0
136170,0
55461,0
6907,0
80232,1
73553,0
74196,0
31367,0
79633,0
82796,0
45531,1
120407,0
28880,0
43645,0
120911,1
113633,0
50575,1
67908,1
115366,0
105864,1
35300,0
41593,0
31813,0
101518,0
122274,0
66538,0
103160,1
57016,0
106986,0
23616,0
85670,0
29034,0
35328,1
97695,0
105692,0
136135,1
96488,0
50110,0
118133,0
13622,0
64604,0
26457,0
68135,0
119277,0
12875,0
103402,0
55580,0
101516,0
9037,0
76593,0
37442,1
77017,0
99913,0
25951,0
105153,0
136059,0
93115,0
36270,0
84692,0
125787,0
25864,0
80865,1
55110,0
137156,0
20213,0
6253,0
63093,1
41645,0
131705,0
67938,0
26509,0
13834,0
62520,0
63911,0
15590,0
58730,0
9291,1
51905,0
8465,0
14736,0
117756,0
94992,0
85155,0
76175,0
64917,0
114615,0
37468,0
71727,0
17906,1
102254,0
8243,0
73488,0
13192,0
109185,0
52124,1
45488,0
27949,1
66835,0
63505,1
112736,0
88922,0
89248,0
129860,0
66278,0
38374,0
1172,0
117557,0
121816,0
32976,1
45303,0
89545,0
46402,0
13743,0
92142,0
130205,0
55587,0
73745,0
108073,0
32942,1
133262,0
34669,0
130618,0
23420,0
46279,0
39347,0
42712,0
38369,0
67829,0
84183,0
31261,0
11257,0
85430,0
83018,0
125917,1
15110,1
63127,0
134276,0
23131,0
111777,0
111388,1
64631,0
65568,0
126504,0
16230,0
43397,0
67732,0
89345,0
8720,0
17662,0
51412,0
2815,1
84102,1
42565,1
21369,0
110583,0
35307,0
41255,0
85613,0
135474,0
107173,0
138517,0
85378,0
59738,0
83811,0
136383,0
96455,0
16265,0
14725,0
101174,0
110677,0
83519,0
68328,0
135406,0
77111,0
47653,0
58000,0
51585,0
23703,0
81153,0
113774,0
40751,0
119236,0
108875,0
36312,0
103646,0
115926,0
68434,0
118630,0
102611,1
22983,0
5323,0
75488,0
120769,1
86331,0
115449,0
19388,0
23733,1
130682,0
75618,0
106646,1
72257,0
79326,1
103333,0
58712,1
13143,0
116637,0
107765,0
60796,1
2814,0
89095,0
55365,1
17538,0
56756,0
117541,0
11691,0
20476,1
40567,0
16368,0
79343,0
112986,0
63177,0
132436,0
88359,0
88950,1
127879,0
74589,1
87544,0
22427,0
100967,0
38074,1
129613,0
116312,0
70827,0
65099,0
1729,0
69373,0
88858,0
29110,0
139301,0
54278,0
85263,0
10739,1
62625,0
21776,0
127779,0
118528,0
27188,0
134289,0
120369,0
138623,0
16727,0
119790,1
825,0
124960,1
92696,0
51016,1
86863,0
69183,0
56178,1
59443,0
36509,1
67863,0
136188,0
94289,0
93752,0
21133,0
128123,0
136163,0
34072,0
135746,1
51025,0
43436,0
42423,0
113433,0
127174,0
127152,0
138196,1
92015,0
133983,0
18125,0
77970,0
89468,0
133981,0
104303,1
87024,0
87384,1
29641,1
2803,0
85240,0
22916,0
15686,0
124885,0
118637,0
47767,1
59109,0
137143,0
124977,1
13943,0
103051,0
9421,1
87743,0
120030,1
4695,0
2728,0
131838,0
122793,0
77039,0
80809,0
47957,0
77881,0
18635,0
55738,0
24086,0
85749,0
1466,0
26511,1
84934,1
20752,0
128697,0
13301,0
86657,0
24436,1
18294,0
105846,0
21983,0
79572,0
7870,0
60449,0
9594,0
22850,0
86440,1
8626,0
83435,0
40573,0
59683,0
96304,0
71000,0
22854,0
99416,0
121789,0
106789,0
105510,0
137986,0
1219,0
100735,0
31037,0
58257,0
72777,0
53613,0
118884,0
28636,0
22399,0
104488,0
20549,0
98279,0
22602,0
11375,0
74984,1
100767,0
25347,0
107980,1
129339,0
108371,0
61884,0
51101,1
115564,0
138947,0
122542,0
15034,1
25940,0
31753,0
103644,0
108891,1
17744,0
91594,0
92855,1
101859,0
74846,0
59073,0
2113,0
133304,1
99238,0
106856,1
66841,0
74546,0
98534,0
126211,0
50023,0
139761,0
38399,0
83894,1
46940,0
23990,0
67020,0
32908,1
66897,0
77159,0
76310,0
73630,0
74892,0
78861,1
39245,1
71830,0
31747,0
67344,0
52993,1
64559,0
120204,1
77630,0
36238,0
120037,0
48697,0
74307,0
623,1
58807,1
20841,0
135822,0
60567,0
55111,0
424,0
41572,1
78417,0
108047,0
51920,0
93283,0
22223,0
103651,0
6019,1
45086,0
102672,0
2499,0
80164,0
75498,0
83124,0
111018,0
109421,0
128337,1
23,0
77531,0
60313,1
78868,0
34698,0
120516,0
67100,0
71763,0
78752,0
102065,0
98909,0
21223,1
54447,1
56923,0
18137,0
43684,0
134345,0
98099,0
71024,0
134386,0
99812,0
128040,0
26595,0
113087,0
81534,1
112990,0
98282,1
28757,1
101274,0
2646,0
47580,1
48079,0
69372,0
107807,0
82038,0
98839,0
88407,1
63826,1
133468,0
66555,0
105876,1
40487,1
122688,0
127700,1
29081,0
134372,1
114989,0
25985,0
29205,0
101051,0
91980,0
62473,0
123009,0
94597,0
52229,0
81087,1
24660,1
10275,0
5896,0
82628,0
52465,0
39837,0
98689,0
57625,0
85500,1
34307,0
77466,0
7135,0
84418,0
99101,0
107797,0
32922,0
129351,0
84861,0
34380,1
31443,0
123055,0
13986,0
114330,1
73074,1
25319,0
127874,0
52272,1
24080,0
112596,0
81823,0
119340,0
7599,0
88348,0
84290,0
89544,0
43827,0
882,0
25085,0
84317,0
12106,0
97480,1
54729,0
80461,0
62151,0
127347,0
83306,0
41154,0
60937,0
96088,0
120006,0
29368,1
17826,0
140648,0
139552,0
130073,0
15005,0
43795,0
1374,0
110322,0
137757,1
137180,1
118665,1
34368,0
12707,1
98952,0
51626,0
138528,0
3698,1
55700,1
107529,1
127069,0
75399,0
78085,0
100522,0
110969,0
42190,0
13587,0
47059,0
59837,0
125969,0
79906,0
9408,1
101039,0
50319,0
119248,0
94919,1
37907,0
3882,0
81636,0
43771,0
30498,0
93930,0
59208,0
72180,0
84837,0
130481,0
17291,0
31488,0
28142,0
38317,0
98299,0
83458,1
83784,1
130787,0
114273,0
45465,0
5754,0
89054,1
69326,0
126091,1
13431,0
122327,1
73114,0
917,0
48749,1
47772,1
122078,0
114775,0
85790,0
48934,0
65927,1
28288,1
117077,0
32105,0
45736,0
17126,0
95454,0
34242,0
7979,0
12174,0
26202,0
889,0
40315,1
128456,0
1940,0
4881,0
82864,0
14542,0
84461,0
31777,1
139454,0
119060,0
122407,0
112258,0
80054,1
78285,0
106990,1
70593,0
139976,0
47868,1
70356,0
87899,1
135114,0
95339,0
30326,1
126360,0
104151,1
44653,0
64350,0
26653,1
5402,0
64473,1
54490,0
102211,0
116752,0
137049,0
1834,0
118634,0
126425,0
7033,0
15238,0
34627,0
92035,0
101808,0
64374,0
101976,0
139020,0
92388,0
39119,0
80988,0
52441,0
104045,0
89430,0
3421,0
35497,0
38150,0
102579,0
131224,0
139721,0
124481,1
30222,0
61170,0
44905,0
32293,0
71939,0
53997,0
15160,0
93730,0
44260,0
120643,0
34267,1
43458,1
134881,0
81771,0
10268,1
114833,0
27802,0
20052,0
60503,1
40600,0
38834,0
123747,0
2425,1
80426,0
120051,0
55401,0
100144,1
82118,0
116456,0
115358,0
24643,0
138654,1
140558,0
98840,0
45955,0
47032,0
54018,0
127494,0
20429,1
29236,1
24919,0
46922,0
58300,0
122942,0
133330,0
70228,0
96510,0
37576,0
103784,0
83987,0
129173,0
18903,0
93421,1
136058,1
34068,0
65467,0
1510,0
3250,0
34585,0
33239,0
12728,0
87398,0
75454,0
66705,0
82419,0
110334,0
66628,0
12111,0
20717,1
139517,0
34659,0
117404,0
111876,0
56874,0
120967,1
122033,0
42823,0
102180,0
101563,0
103636,0
99034,0
48046,0
38742,0
31127,0
42098,1
6127,0
34859,1
93032,0
38880,1
87632,0
111086,0
19275,0
124770,0
27065,0
119283,0
34355,0
45499,0
27943,0
6777,1
20709,1
41586,0
119771,0
90453,0
101624,1
107828,0
56599,0
123384,0
13133,0
33166,0
137509,0
59846,1
47295,0
107935,0
139998,0
67019,1
16658,0
38981,0
40075,0
13573,0
65268,0
23251,0
87073,0
28021,0
58930,1
134820,0
14641,0
50550,1
93324,0
16179,0
87711,0
136366,0
7921,0
117907,0
6353,0
119929,1
28472,0
16530,0
344,0
86264,0
79636,0
122534,0
78386,1
74533,0
133734,0
16857,0
110136,0
4620,1
129768,0
110971,0
116125,0
108579,0
8600,0
1890,0
103348,0
14646,0
86126,0
72933,0
36916,1
33354,0
127890,0
42509,0
98835,0
13510,0
140397,0
51709,1
77383,0
76542,1
53375,0
30893,1
58810,0
104002,0
97181,1
121363,0
70911,1
131495,0
29930,0
119697,0
130793,0
127519,1
1448,0
114165,1
42797,0
45284,0
22259,0
45023,0
66907,0
79055,0
45750,0
126544,0
5769,1
116784,0
47477,0
1835,0
63324,1
87651,0
121204,1
78327,0
9819,1
3560,0
116896,0
70426,0
43473,0
118188,0
51756,0
22964,0
58963,0
33218,0
125042,0
119221,0
5150,0
92786,1
41336,0
126816,0
25738,0
10853,0
20129,0
47554,1
119849,0
124298,0
19098,1
121167,0
75657,0
21408,0
83791,0
70831,0
102717,0
70028,0
79268,1
37062,0
136453,0
77502,0
127386,0
88289,0
35537,0
124352,0
83175,0
74279,0
93350,0
87773,0
25050,0
29638,1
126602,0
32220,0
38048,0
38633,0
39385,1
124321,0
58972,1
62112,1
690,0
45115,0
86947,0
122894,0
100842,0
74315,0
5060,0
60673,0
113412,0
1411,0
111754,0
75820,0
27488,0
131611,0
82920,0
91296,1
70567,0
8481,1
50528,0
3080,0
89096,0
48793,0
83732,0
53460,0
97068,0
113116,0
40192,0
4414,0
45108,1
139047,0
36261,0
51649,0
14441,0
93160,0
56917,0
12923,1
119491,0
78995,0
9727,0
99879,1
116138,0
18422,0
61444,0
39686,0
139975,0
464,1
60225,1
10340,0
65023,0
133845,0
101974,0
136399,1
88799,1
27509,0
68861,0
28779,0
13500,0
15474,0
11611,0
74736,0
134199,0
34410,1
32643,0
114850,0
28224,0
48040,0
37271,1
137119,0
120279,0
80466,0
81422,0
107279,0
113526,1
121603,0
86666,0
102645,0
133099,0
56739,0
47333,0
121054,0
34247,0
2392,1
32605,1
9290,0
24033,0
77799,0
1774,0
98122,1
48352,0
119365,0
40052,0
130022,0
41483,0
110599,0
125290,0
52731,0
137405,0
60150,0
117929,1
22032,0
38608,0
21825,0
38219,0
84089,0
36053,0
117271,0
29544,0
102860,0
52726,0
92327,0
58469,0
102373,0
120057,1
123947,0
66738,0
41153,0
22359,1
49204,1
66223,0
86965,0
4388,0
28498,0
121527,0
93342,0
15288,0
56434,0
15875,0
9474,0
36632,0
39056,0
89584,0
8511,0
110701,0
134230,0
53803,0
32876,0
31227,0
137316,0
137231,1
50034,0
16901,0
53686,1
41759,0
105635,0
28611,0
130755,0
69004,0
124863,0
86415,1
47106,0
70166,0
86515,0
46768,0
118817,1
78442,0
26138,0
76629,0
12867,0
106163,0
55897,0
80537,0
113115,0
67044,0
11240,0
99894,1
51808,0
46821,0
30724,1
98293,0
14856,0
71789,0
122197,0
110819,0
4141,1
38824,0
90215,0
134937,0
118713,0
29272,0
123463,0
24894,0
33983,0
91342,0
20631,0
132269,1
120893,0
79837,0
55955,0
71865,0
35615,1
132258,0
133496,0
1508,0
105486,0
108254,0
115598,0
95000,0
49062,0
127320,0
63190,0
66068,0
28000,0
78873,0
76162,0
64461,0
100776,0
95904,0
137040,0
1088,0
47100,0
93674,0
32891,0
44253,0
18362,0
96692,0
21255,0
21258,0
102984,0
19919,0
31481,0
45167,0
122498,0
14880,0
7836,0
56206,0
28594,0
94103,0
16684,0
94190,0
47324,1
126467,0
38867,0
46854,0
51070,0
68680,0
120336,0
122506,0
57911,0
28386,0
37915,0
104678,0
46931,0
140277,0
86196,1
114977,0
42058,0
113240,0
110342,0
28716,0
88239,1
137292,1
34959,0
129711,1
123152,0
16452,1
81424,0
115796,0
79123,0
114020,0
92148,0
26363,0
17236,0
3535,0
44041,0
123388,0
31803,0
131040,0
109500,0
20280,1
83394,0
14941,0
35706,0
11799,0
117133,1
81100,0
94437,0
77167,0
64435,0
39118,1
102934,0
107530,0
68942,0
63811,0
76616,0
130059,0
71522,0
32854,0
96936,0
59927,0
38784,0
4867,0
83200,0
7651,0
79325,0
91745,0
128076,0
30353,0
111592,0
47626,0
121929,0
117321,1
10504,0
39621,0
28188,0
28381,0
17768,0
139018,0
101183,0
13991,0
118708,1
119043,0
75290,1
8815,0
95927,0
41285,0
64835,0
885,0
112917,0
132325,0
2479,0
108440,0
63758,0
67903,0
81015,0
49104,0
107738,0
23300,1
82459,0
123536,0
69458,0
96894,0
85026,0
76974,1
76773,1
109558,1
54824,0
23179,1
458,0
84521,1
12759,0
64876,0
25551,0
107991,0
94198,0
114471,0
44505,1
44796,0
67985,0
27149,0
79345,0
94715,0
73010,0
104655,0
104398,0
137880,0
25719,0
93262,0
113009,0
92281,1
88519,0
99260,0
97253,0
76831,0
58846,0
114122,0
20261,0
18616,0
137878,0
89613,0
106970,0
63315,0
119396,1
35957,0
110400,0
83172,0
89765,0
126030,0
44541,0
38942,0
9938,0
26460,0
37357,0
97309,0
98954,0
68638,0
27441,0
85369,0
110622,0
76813,0
11071,0
63674,0
67675,0
116772,0
90746,0
46011,0
85388,0
36974,0
63994,1
102405,0
12989,0
88668,1
84836,1
103055,1
11816,0
50070,1
53635,0
139714,0
93443,1
6461,0
37634,1
20555,0
91598,0
65358,1
47507,0
86868,0
39982,1
11731,1
83816,0
27635,0
132663,1
87006,0
48013,1
34784,0
54707,0
105558,1
59874,0
16132,0
103794,1
86851,1
63135,0
52781,0
28058,0
55032,0
15662,1
122192,0
76945,0
18896,0
110830,0
89148,0
43752,0
125055,0
137736,1
80384,0
105616,0
100942,0
73907,0
37217,1
4759,0
9160,0
8587,0
116867,0
20282,1
120790,1
6103,0
35566,1
106468,1
84367,0
120135,0
116170,0
36937,0
55856,1
131142,0
5502,0
65200,0
128549,0
23651,0
96305,0
104589,1
62241,0
114939,0
84513,0
12755,0
130452,0
14834,1
18178,0
64331,1
30540,0
22107,0
79482,0
110320,0
118423,1
39263,0
82984,0
71367,0
114889,0
76833,0
22888,0
92521,0
100217,0
36151,1
761,0
105276,0
123078,1
15850,0
133136,0
106091,1
12348,0
19261,0
97888,0
26162,0
50320,0
76096,1
116618,0
70451,1
137665,1
74469,0
134523,0
31339,0
139163,0
36741,0
54664,1
88966,0
118358,0
85990,0
34911,1
95582,1
10091,0
105335,0
26044,0
111629,1
55659,1
52825,1
112780,0
8490,1
70275,0
39114,1
37416,0
134812,0
32042,0
110718,0
69610,0
87858,0
16342,0
139203,0
14163,0
132589,0
97176,0
9964,0
54441,0
7208,0
84831,0
14533,1
124684,0
68456,0
27793,1
14911,1
86647,0
138672,0
127011,0
42152,0
20283,1
99354,0
66269,0
91491,0
102093,1
41709,0
110799,0
78655,0
70609,1
652,1
19006,0
135970,0
65390,0
45682,0
89725,0
39648,0
114552,0
52470,0
90058,0
126720,0
61856,0
78539,1
44198,0
128137,0
46030,0
35231,0
122996,0
114760,0
90368,0
112645,0
30506,0
19028,0
15459,1
53218,0
33186,0
9623,0
37919,0
136250,1
117500,0
50463,0
52936,0
4688,0
14484,1
42074,0
58982,1
14503,0
43926,0
72348,0
8850,1
20435,0
24565,0
5487,1
35105,0
74052,0
133752,1
75473,1
9888,0
19265,0
54270,0
107072,0
46648,0
117678,1
137941,0
13350,0
76212,0
78235,1
77525,0
18973,1
139751,0
84668,0
18749,0
139827,1
88921,0
73877,0
75623,0
114394,0
103829,0
60897,0
32477,1
108398,0
15380,0
21111,0
36424,0
72323,0
62434,0
53752,1
56562,1
106978,1
82101,0
86733,1
27918,0
62801,0
11203,0
98513,0
124592,1
37153,0
109483,1
91130,0
17866,0
49855,1
19005,0
104871,0
71065,0
131517,1
14742,0
71243,0
101021,1
85487,0
87866,0
12612,1
93130,0
101182,0
16358,0
21428,0
73860,0
91244,0
21018,0
45040,0
54168,0
117203,1
78200,1
72435,0
71405,0
53648,0
27517,0
18409,0
86302,0
134826,0
6945,0
16317,0
27768,1
31352,0
107590,0
109626,0
4966,0
97744,0
57619,0
23334,0
14633,0
109458,1
28946,0
84021,0
43772,0
88315,0
77004,0
34300,1
68482,0
129695,0
102321,0
103960,1
26465,0
55076,0
83684,0
37337,0
18557,0
86578,0
61639,0
5583,0
139160,0
45017,0
43133,0
131395,1
70549,0
51030,0
100582,0
107054,0
4776,0
127308,0
67708,0
31942,0
47721,1
41460,0
45341,0
25775,1
20940,0
24005,0
111337,1
115807,0
98034,0
77034,0
52165,1
50016,0
112950,1
2116,1
20444,1
58392,0
35830,0
18844,1
114059,0
95343,0
128127,0
17467,0
122702,0
125623,1
99631,0
24290,1
59421,0
39019,0
59719,0
59487,0
40364,0
36853,0
76234,0
37142,0
75768,0
95854,1
1937,0
33513,0
13168,0
87028,0
57701,0
114150,0
12708,0
37735,0
12914,0
133730,1
100898,0
1812,0
125873,0
100432,0
36131,0
116781,0
116412,0
104875,0
82373,0
138124,1
115613,0
106366,0
47700,1
35174,0
16025,0
97693,0
57046,1
2174,0
140523,0
58609,0
6558,0
68551,0
22771,1
82861,0
15822,1
36157,1
122076,0
75997,0
100659,1
105946,0
80687,0
50125,0
122758,0
25154,0
92254,0
96803,1
103100,0
128258,0
85410,0
81862,0
99670,0
123831,0
115408,0
94963,0
93937,0
55600,0
57786,0
76112,0
137793,0
61063,0
58739,0
3097,0
11115,0
98236,0
44195,0
131492,0
90443,0
70779,0
104107,1
8366,0
47632,0
50112,0
138911,0
103495,0
35123,0
62834,0
55468,0
16982,0
20544,1
655,0
6811,0
102792,0
28230,1
84264,0
13655,0
84000,1
55231,1
93699,0
30829,0
33614,0
60062,0
63409,1
117977,0
55818,1
111394,1
136226,1
35716,0
130543,0
60270,0
7241,0
86962,0
91083,1
40475,0
54414,0
7802,0
98194,0
40787,0
95882,0
107160,0
68552,0
53857,0
4234,0
10074,0
88125,0
15921,0
93235,0
98090,1
132139,0
7766,0
76193,0
31500,1
137297,0
135342,0
66989,0
110760,0
72229,0
112199,0
113539,0
96351,1
37367,0
59728,0
88948,0
87575,0
6687,0
105930,0
40035,1
59277,0
98535,0
66451,0
21055,1
56062,0
83036,0
60551,0
105318,0
128737,0
14549,1
62549,0
48918,0
94350,0
41911,0
117359,0
14265,0
131644,1
89353,1
26742,1
73908,0
134164,0
115288,0
2025,0
51128,0
2778,0
28795,1
13180,0
19191,1
133822,1
34676,1
32410,0
61046,0
120456,0
62298,1
129318,1
121071,1
50598,1
113594,0
114316,1
88136,0
120466,1
118618,1
88769,0
618,0
30252,0
120328,0
77747,0
33398,0
90801,0
84594,1
5427,0
499,0
44746,0
38018,0
116692,0
113197,0
108611,0
137332,1
97681,0
31839,0
31533,0
56963,0
135830,0
20156,0
29722,0
139158,0
9593,0
116691,0
71121,1
72869,0
73475,0
42143,0
108662,0
78082,0
92689,0
80607,0
26421,0
80203,0
77145,0
135641,0
6282,0
109998,0
47887,0
6714,0
80818,0
9605,0
124632,0
112001,0
56626,0
115774,0
13614,0
118664,0
125382,0
38646,1
35997,1
87130,0
93684,0
83157,0
25057,1
83341,0
97805,0
115372,0
43483,0
107230,0
114413,0
50830,0
64082,0
87434,0
91584,0
16645,0
40083,0
135929,0
101664,0
68309,0
105902,0
122435,0
120253,0
136119,0
21463,0
108702,0
122161,0
52185,1
67289,0
11318,0
73310,0
134475,1
129829,1
125075,1
7500,0
19844,0
117110,0
85087,0
89658,0
125446,0
7491,1
107027,0
80616,0
85911,0
101259,1
124644,0
16246,0
47990,0
113626,0
52876,0
1360,1
99134,0
49871,0
32007,0
5309,0
90429,1
113909,0
114162,0
62156,1
26769,1
12227,0
57853,0
36593,0
55437,1
7259,0
83729,0
10768,0
10033,0
16273,0
115532,0
35939,0
86843,0
86952,0
61148,0
89665,1
135218,1
13144,1
21007,0
104864,0
132335,0
69657,1
106327,0
110759,0
78653,0
32039,0
82201,0
5892,0
9900,0
37558,0
54856,0
80070,1
83028,0
79665,0
18030,0
31282,0
48231,0
33199,0
53374,0
77755,0
5908,0
127070,1
138917,0
118740,0
23487,0
71993,1
78609,1
36109,0
100990,0
5941,0
79841,0
127871,0
131017,0
79760,0
45969,1
71564,0
58976,0
86062,0
13562,0
15174,0
103062,0
69778,0
124532,0
121014,0
97194,0
62716,0
59410,0
135847,0
113396,0
38506,0
26516,0
67486,1
96402,0
23819,0
4432,0
61384,0
22670,0
3469,1
11017,0
19248,0
139887,0
122267,0
115465,0
118886,0
58668,1
85778,0
18318,1
22159,0
100310,0
53003,0
119921,1
10595,0
32698,0
62000,0
139635,0
128412,0
4374,0
62380,0
7666,0
106115,1
128483,0
7718,0
10933,1
51619,0
117375,0
5977,1
122066,0
83648,0
83000,0
7808,0
110367,0
60898,0
81003,0
24027,0
62145,0
107154,0
52687,0
109905,0
27885,0
127337,0
115620,1
90358,0
112819,1
140286,1
3313,0
106121,0
58573,0
67929,1
42658,0
6076,0
8871,0
137706,1
55645,0
92031,0
85031,0
120978,0
32364,0
111770,0
124818,0
84721,0
120163,0
112524,0
87184,0
109427,0
24664,0
117237,0
13696,0
73824,0
139202,1
136578,0
79616,1
33865,0
114183,0
105253,1
2684,0
67169,0
65628,0
9130,0
67869,0
55694,1
30169,0
76402,0
24420,0
132631,0
128316,0
134916,1
61087,1
71969,0
134484,0
54357,0
25270,0
115958,0
53751,0
70463,0
139372,0
111683,0
97960,0
134351,0
80339,0
72359,0
100059,0
21476,0
43479,1
57661,0
80629,0
78234,0
138831,0
30871,0
5162,0
67052,0
103775,1
79858,0
28470,0
92529,0
76024,1
121051,1
55942,0
112532,0
90077,0
27799,0
118739,0
136557,0
5878,1
7406,0
5463,0
19810,0
106271,1
102129,1
15939,1
35677,0
99904,1
65652,0
78238,0
97564,0
89877,0
95613,0
92351,0
64474,0
79074,0
84564,0
45149,0
107771,0
69758,1
118229,0
47730,0
59858,0
135486,0
3011,0
0,0
110748,0
44292,0
85599,0
85846,1
125833,0
103538,1
44425,0
64505,0
80065,0
101508,0
59530,0
44113,0
7701,0
41683,0
43320,0
127079,0
76896,0
118316,0
123593,0
119416,0
114802,0
66331,0
54306,0
28949,0
57687,0
30415,0
27920,0
7791,0
21849,1
137036,0
124871,0
18831,1
108229,0
51199,0
33480,1
18445,0
22205,0
3427,0
29880,1
105443,0
18056,0
14113,0
54324,0
20152,0
87691,0
13233,0
106802,0
34317,0
30744,0
47107,0
119538,0
37204,0
44399,0
91900,0
116775,1
65107,0
88428,0
73418,1
82948,0
69520,1
123294,1
38371,1
132731,0
8828,0
115105,0
232,1
75706,1
83019,0
58645,0
71643,0
27717,0
129532,0
135221,0
127367,0
5262,0
86243,0
20242,1
5152,0
9188,0
6077,1
104595,0
140200,1
108382,0
112229,0
60186,0
98810,0
26796,0
11683,0
9472,0
24602,0
118786,0
115451,0
76817,0
75633,0
93913,0
78321,0
7874,0
136674,0
77698,0
109635,0
30108,0
114828,0
15943,0
71645,0
72102,0
36029,0
38461,0
97080,0
19399,0
20080,0
99382,0
45650,0
73656,0
15534,1
19142,0
1190,0
120613,1
70693,0
115191,0
87692,0
68809,0
57747,0
133516,0
20264,1
22273,0
25720,0
64591,0
122785,0
17921,1
68822,1
95100,0
17217,0
56149,0
3158,0
49598,0
44128,0
123535,0
90836,0
46311,0
136,0
73672,0
114076,1
85509,0
112485,0
3146,0
37922,0
42888,0
60047,0
91076,0
28183,1
79003,0
131639,0
136435,0
47651,0
114485,1
2039,0
5386,1
102823,0
77144,0
99907,0
110178,1
57160,0
5199,0
5480,0
15301,1
105324,0
18984,0
23326,0
58600,0
52489,0
66881,0
129188,0
137901,1
49367,1
116389,1
99367,0
3359,1
54597,0
134897,0
64831,1
32765,0
138681,1
6285,0
29714,0
23600,0
44729,0
72856,0
97691,0
8002,0
4882,0
103809,0
52428,0
33691,0
56572,0
124290,0
15181,0
55914,0
8754,0
50183,0
86777,0
59822,0
23267,0
10849,1
77420,0
24756,0
54606,0
19400,0
7602,0
103848,0
25181,1
117155,0
73407,1
123980,0
127,0
42341,0
71652,0
128849,0
21235,0
38445,1
21487,0
120632,0
90648,0
69304,0
60675,0
35974,0
140053,0
56975,1
14397,1
140039,0
66864,0
107312,0
27018,1
27896,0
134134,1
58251,0
119946,0
49951,0
127692,0
127911,0
110242,0
83887,0
1039,0
78811,0
77953,0
85320,1
118693,0
99085,0
116562,0
23915,0
99958,0
109337,0
133571,0
49494,0
62985,0
107958,1
18020,0
109747,0
2999,1
50146,0
18070,0
106237,1
94770,0
63582,0
18052,0
123053,0
138361,0
43629,0
43288,0
74442,0
11343,0
72532,0
103877,0
114719,0
102704,0
88651,0
86542,0
21365,0
31433,0
64573,0
132871,0
32997,1
37120,0
84375,1
29237,1
55834,0
54942,0
14050,0
66326,0
45807,0
65171,1
4861,0
130781,1
138612,0
77233,0
123350,0
80611,0
85113,0
7476,1
101554,0
74775,0
53213,0
87223,0
65005,0
108829,1
72680,0
81860,0
76599,0
75417,0
68924,0
84322,0
38464,0
23353,0
72494,0
107025,0
92775,0
50820,1
34550,0
30880,1
70087,0
41697,0
107071,0
120970,0
121495,0
35419,0
14690,0
45104,0
97729,1
132613,1
124810,0
50364,0
35592,0
92095,0
12418,0
60324,0
74528,0
129882,0
27613,0
46458,0
54576,0
87044,0
138086,0
14140,0
41625,0
5915,0
3927,0
110476,1
36456,0
44259,0
17848,0
36778,0
59678,1
76946,0
115839,0
49079,0
77567,0
126996,0
104888,1
95571,0
123098,1
32002,1
21703,1
80919,0
78806,0
123367,1
8915,0
99769,1
23133,0
9409,0
104085,0
65569,0
109347,0
129808,0
86323,1
65913,0
2334,0
116617,0
11462,0
119088,0
54171,0
94484,0
29717,1
54167,0
63354,1
48024,0
96311,0
11352,0
60040,1
68642,0
1511,0
140176,0
33265,1
115970,1
69897,0
1775,0
25634,0
73208,1
113621,0
53892,0
4568,0
64217,0
41301,0
124473,0
95016,0
42926,0
13976,0
119202,0
122571,0
96834,0
29674,0
9939,0
3483,0
123953,0
121016,0
112288,0
103331,0
124984,0
82362,0
14437,1
87331,0
46897,0
112667,0
3198,1
133545,0
112877,0
127869,0
109249,0
81363,0
124867,0
84603,0
14979,0
60513,0
34938,0
177,0
132924,0
82007,0
135742,0
2668,0
62579,0
128386,0
104996,1
81640,0
93903,0
44983,0
81348,0
24838,0
51778,1
52980,1
27104,0
116034,0
121119,1
108551,0
97886,0
6602,0
18162,0
6207,0
133045,0
101967,0
43550,0
62790,1
96730,1
50438,0
60384,0
46204,0
1742,0
66215,0
40699,0
24585,0
139107,0
124358,0
77578,0
106920,0
118065,1
42068,0
109322,0
11296,0
136899,0
109568,1
59460,0
45128,0
28003,0
108325,0
68239,0
50951,0
50440,0
38083,0
69460,0
133027,0
58718,0
20546,0
70126,0
50249,1
113299,0
39878,0
39309,0
3470,0
139344,1
66706,0
70844,0
25360,1
136896,0
87614,1
51002,0
81493,0
61282,0
91169,0
104606,0
130353,0
49200,0
41936,0
101298,0
46207,0
29913,0
199,0
82283,0
79002,0
47457,1
98857,0
112483,0
135630,0
91099,0
104099,0
40209,0
45123,0
2098,0
108623,0
22838,0
93828,1
81612,0
50851,0
83272,0
25827,1
122,0
47418,0
23751,0
94065,0
110177,0
89288,0
60231,1
30747,0
132851,0
97592,0
16967,0
97530,0
82729,0
18462,0
38483,0
38395,0
52944,0
108965,0
10202,0
86227,1
46174,0
22349,0
64858,0
45646,0
7495,0
35816,0
2248,0
23825,0
2738,0
139750,0
23747,0
102025,0
85444,0
70097,0
119858,0
127609,0
78141,1
53582,0
103140,0
1251,0
123502,1
58607,0
46051,0
107998,1
27081,0
16794,0
93210,0
48194,1
69525,0
7829,0
86672,0
89464,0
31259,0
40021,0
120703,0
85580,0
48616,0
59606,0
89249,0
86740,0
117537,0
57618,0
48665,0
8147,0
104247,0
43640,0
65394,1
88206,0
13221,0
87070,1
57388,0
5417,1
53051,0
136067,1
59229,1
98368,0
43943,0
110469,0
26401,0
69947,0
120591,0
53470,0
69837,0
26186,1
106671,1
45753,0
57321,0
59068,0
86442,0
70376,0
2557,0
113222,0
83008,0
4403,0
79913,0
14330,0
26057,0
68899,0
25915,0
130655,0
52214,0
8371,0
7123,0
12422,0
34755,0
31053,0
15131,0
133687,0
43760,0
99117,0
74942,0
113603,0
16454,0
26990,1
51521,0
137785,0
84216,1
120912,0
63672,0
15284,0
97471,0
125044,0
87852,1
134217,0
112921,0
107042,0
44699,0
26564,0
48881,0
133473,0
138781,0
49429,0
130335,0
34034,0
90613,1
100525,0
44112,0
10242,0
33953,0
92931,0
65959,1
114495,0
59247,0
128455,0
23134,0
78529,0
32610,0
45148,0
60067,0
125878,0
18090,0
57805,0
90723,0
102149,0
20111,0
112679,0
118663,0
86816,0
10687,0
112098,1
103843,1
19816,0
28486,1
1010,0
78696,1
29038,0
119078,0
9931,1
16834,0
127323,1
43958,0
134485,0
81399,1
15312,0
68696,0
22455,1
60517,1
88337,1
25854,0
110518,0
1007,0
60836,0
115461,0
106123,0
84281,0
43170,0
77269,1
95911,0
13409,0
138762,0
32757,0
8186,0
2802,0
54311,0
44271,1
28152,0
46658,0
91436,0
48382,0
65983,0
107281,0
46321,1
62047,0
91562,0
88661,0
61637,0
105770,0
4652,1
15196,0
77993,0
106307,0
53925,0
42873,0
6668,0
52232,0
111716,0
126331,0
63289,0
46100,0
52085,0
131875,0
17127,0
116788,0
53967,0
51426,0
36455,0
24131,0
133183,0
33375,0
99028,0
25336,0
67729,0
109803,0
38286,0
59540,0
77515,0
119446,0
5105,1
57850,0
104355,0
53938,0
134805,0
69737,0
86937,0
45964,0
99551,0
131082,0
87610,0
35969,0
87021,1
1204,0
123813,0
36059,1
60220,1
125679,0
80026,0
51828,0
52597,1
124580,0
39554,0
95900,0
88104,0
105829,0
102406,0
115166,0
128998,0
131399,0
68405,1
96944,0
41069,0
3450,0
21288,0
124693,0
98985,1
109894,0
67244,1
91151,0
110826,1
117862,1
113241,0
37057,0
43032,0
65945,0
4517,0
64353,0
15873,0
34316,0
67573,0
134992,0
131394,0
112558,0
57306,0
107183,0
21871,0
43974,0
99896,0
53210,0
50985,0
82522,1
116919,0
125253,0
58527,1
53533,0
128996,1
13312,0
86104,1
59457,0
50460,0
58123,0
23371,0
129565,0
71338,0
12585,0
88678,0
118486,0
23863,0
4481,0
137810,1
63321,1
125718,1
84545,0
84277,0
48434,0
63423,0
13599,1
135810,1
117686,0
123944,0
17344,0
103695,0
46080,0
17489,0
22969,0
119273,0
94052,0
30612,0
101144,0
56930,0
2176,0
42412,0
81436,1
129041,1
87209,0
122357,0
48168,0
29707,0
135059,0
83119,0
77751,1
87624,0
109822,0
52296,0
56732,0
65898,0
94600,0
79082,0
59981,0
107439,0
112922,1
91179,0
91607,0
49964,0
55874,0
62317,0
82228,0
9476,0
44269,0
134838,0
8877,0
75056,0
93401,0
39103,0
91931,0
16172,0
2237,0
130875,0
135368,0
29449,0
39255,0
13746,0
49120,0
13984,0
4694,0
48690,0
60346,0
92187,0
83076,0
50838,0
72647,0
57756,0
63279,0
117398,0
25369,0
35256,1
13509,0
53058,0
105836,0
91754,0
22547,1
27499,0
106444,0
21284,0
67518,0
9507,0
31778,1
82892,0
130014,0
92534,0
90578,0
51155,0
7786,0
46824,0
89820,0
3057,0
106641,1
34298,0
121037,0
133512,0
84182,0
93968,0
13904,0
58032,0
21376,0
25358,0
38609,0
122400,1
92316,0
68473,1
54413,0
102936,0
34883,0
134045,1
43492,0
106712,0
37805,1
60654,0
132922,0
120502,1
134439,0
5949,0
62422,1
19525,0
139971,1
119140,1
109417,0
26646,0
45608,1
107197,1
100641,0
32666,0
127637,1
85122,0
13257,0
32883,1
116807,0
5213,0
81261,0
12570,1
29975,0
18375,1
106216,0
45294,0
132794,1
26149,0
117361,1
82035,0
112260,0
20058,1
66034,0
17315,0
135861,0
65502,1
47883,0
27928,0
105088,0
49246,0
53829,0
44011,0
5292,0
20559,0
37569,0
44835,0
35437,1
7121,0
44799,0
69923,0
91376,0
53004,0
137619,1
16171,0
78199,0
24434,1
66345,0
135202,0
125663,0
83932,0
36832,0
138655,0
10909,0
20782,0
86742,0
130499,0
36074,0
90085,0
16013,0
109662,0
55012,0
39198,0
96884,0
18901,0
15927,0
1759,0
63576,0
49009,0
95575,1
3502,0
41137,0
87104,0
15354,0
14349,0
19220,1
89273,0
125262,0
12275,0
127073,0
8135,0
133291,0
102997,1
130236,0
959,0
6174,1
1397,0
31991,0
126219,1
103994,0
45596,0
47092,0
39003,1
32880,1
98482,0
93625,0
20047,1
37893,0
122054,1
92976,0
15940,0
124811,1
140165,0
89537,0
2381,0
79509,0
100918,0
104593,0
4309,1
126578,0
29613,0
28891,0
6105,0
115310,1
129505,1
39426,0
102469,0
131410,0
92961,0
44779,0
113954,0
94936,0
102900,0
116614,0
108009,1
15349,0
8425,0
56587,0
136056,0
136690,0
61196,0
14003,1
89844,0
36426,0
54543,0
66369,0
6031,0
112742,0
1728,1
100463,0
74124,0
105778,0
22340,0
59347,0
76421,0
27016,0
5621,0
52762,0
46531,0
50262,0
94308,0
116571,0
45083,0
99476,0
51541,1
128328,0
33504,0
25972,0
14105,1
133716,0
48742,0
40794,0
98948,0
11433,0
83985,0
65790,0
6543,0
31999,1
67900,0
80763,0
83009,0
87518,0
119342,0
68497,0
127075,0
44693,0
124506,0
116881,0
42314,0
75236,1
139499,0
50683,0
24521,0
57212,0
8592,0
57924,0
128309,0
49049,0
71336,0
16609,0
5155,0
65441,0
62615,0
10742,0
37161,1
81227,0
115930,1
21919,0
94408,0
63608,0
87982,0
17122,0
47489,0
123572,0
90649,0
38218,0
17244,0
65436,0
92982,0
137684,0
57066,0
121522,0
117654,0
48839,0
35465,0
68613,1
45431,0
134190,0
20181,0
93527,1
42033,0
23442,0
137730,0
121241,1
14357,1
111845,0
27397,0
137419,0
134616,0
106275,0
95557,0
3361,0
114869,0
57718,0
94327,0
33087,0
63663,0
116388,0
35746,0
138305,0
135969,1
49109,0
60117,0
51758,0
94423,1
61287,0
17002,0
41872,0
43016,0
92653,0
139743,0
16736,0
70211,0
127021,0
77148,0
50719,0
99161,0
106865,0
103368,0
5425,1
70681,0
31276,0
22867,0
75240,1
30278,1
32360,0
69875,0
44550,0
104219,0
74074,0
87397,1
65924,0
126141,0
131364,1
69619,0
104626,1
46328,0
87582,0
131874,1
81472,0
18755,0
131992,0
83942,0
89009,0
29346,0
97267,0
81175,0
73230,0
10766,0
31007,1
133241,0
9631,0
69788,0
134743,0
21081,0
113677,0
28394,0
93106,1
17529,0
20919,0
15486,0
2244,0
47173,0
101783,0
107309,0
10974,0
92820,0
4100,0
136511,0
41239,0
56096,1
66109,0
19335,0
58247,0
82106,0
80904,0
23537,0
125334,0
105541,0
95245,0
50565,0
34138,0
115810,0
461,0
40937,0
84445,0
38325,0
113591,1
51968,0
117801,0
128225,0
110312,0
66951,0
58698,0
24393,0
8613,1
94646,0
32890,0
98558,0
110884,0
59332,0
31659,0
79149,0
20592,0
73556,0
96569,0
22545,1
87464,0
127162,0
126115,0
109535,0
6871,0
25346,1
146,0
69476,0
8287,0
88820,0
131407,0
25348,1
54066,0
90550,0
131661,0
14681,0
90830,0
119325,0
87092,1
91804,0
98076,1
27564,1
58898,1
91323,0
2610,0
71046,1
108685,0
102557,0
9864,0
87538,1
15303,0
19321,0
98813,0
103846,0
69096,0
43347,0
126678,0
114208,0
103888,0
102661,0
76995,0
16060,0
74652,0
73561,0
47839,0
82388,0
109021,0
30685,0
124720,0
29089,0
52298,0
23907,0
132543,0
49451,0
127808,1
53135,1
38043,1
132168,0
39431,0
134906,0
106558,0
10225,0
32497,0
66748,0
51523,1
55638,0
134371,0
103696,1
126658,0
83367,0
84748,0
118723,0
57069,0
101504,0
33958,0
48048,0
44744,0
67385,0
41971,1
80778,1
48273,0
57875,1
46274,0
96639,0
100222,0
75154,0
69039,1
92379,0
28337,0
3178,0
92676,0
106112,0
69425,1
108774,0
31491,0
22772,0
105987,0
95696,0
127517,1
119532,0
118160,0
32823,0
29276,0
12314,0
64663,0
7772,0
389,1
39448,0
98261,0
76046,1
97185,0
86898,0
31310,0
105418,0
7809,1
72924,0
50238,0
13574,0
35924,0
115671,0
38251,1
114641,0
24489,0
21561,0
125659,0
108704,0
120913,0
95705,0
1910,0
74806,0
76533,0
96046,0
8326,0
97298,0
17212,1
45502,0
41617,0
119722,0
80283,1
80184,1
114400,0
13101,0
58023,0
42828,0
39135,0
100414,0
122216,1
32133,0
134559,1
1767,0
70529,0
23531,1
109719,0
2287,0
29592,0
63838,0
127432,0
68153,0
56474,0
119956,1
47455,1
95323,0
87473,0
98346,0
16705,0
57662,0
114798,0
54309,0
85085,0
88757,0
113784,0
36393,0
23913,0
46992,0
13459,0
130532,0
16395,0
137746,0
136042,0
89022,0
62868,0
26167,0
59143,1
96272,0
122483,0
40067,0
25789,0
91833,0
105363,0
103858,0
81508,0
137553,0
28763,0
73076,0
93591,0
62163,0
134555,0
125016,1
88554,0
88052,0
33987,1
92331,0
119917,0
80083,1
54197,0
19447,0
37867,0
125526,0
43491,0
82273,1
5616,1
13913,0
89417,0
105914,0
67504,0
22078,0
128319,0
36431,0
126017,0
18506,0
40511,0
117982,1
28603,0
91791,1
38961,0
81258,0
57902,0
16779,0
17549,0
118779,0
104316,0
10682,0
83505,0
87200,0
26066,1
70987,0
19090,0
65784,0
8763,0
41725,0
136123,0
15246,0
59610,0
84723,0
107470,1
37181,0
36230,0
126281,0
64910,0
21132,0
20302,0
76378,0
117235,0
60704,0
82024,0
126510,0
77421,0
32085,0
123217,1
85653,0
84215,0
104886,0
122232,1
107325,1
68412,0
30914,0
93072,0
73675,0
123994,0
65500,0
4380,1
137758,0
140683,0
130934,0
53674,1
50233,0
59633,1
70345,0
98640,0
52146,1
52036,0
82132,0
81093,0
28447,0
132869,0
32054,0
9341,0
67646,0
82237,0
7965,0
76724,0
105379,0
52117,0
61556,0
74838,0
104128,0
32730,0
17173,0
112131,0
22758,0
33172,0
111320,0
14468,0
95314,0
58931,0
92867,0
35740,0
65315,0
89959,0
434,0
90685,0
99516,0
10533,0
62278,0
130797,0
19600,1
41490,0
20136,1
10020,0
38599,0
16064,0
123785,0
74954,0
74663,1
76251,0
106944,0
27922,0
24413,1
138397,0
83914,0
86435,1
139443,0
48317,0
28506,0
124,0
11148,1
75687,0
117064,0
26207,0
137385,0
46898,1
27421,0
78903,0
89691,0
81715,0
129010,1
61611,0
63226,0
121286,0
42417,1
2603,0
85045,0
21419,0
104391,0
19974,0
131234,1
81791,0
27892,0
32857,1
3337,1
5302,1
48827,1
108559,0
53490,0
130953,0
65093,0
96980,0
48920,0
125457,0
252,0
33287,1
17109,1
119322,0
44931,0
109164,0
28090,0
108584,0
4691,1
25532,0
125791,0
95132,0
10419,0
81955,0
15264,1
6611,0
6090,0
24527,0
133692,0
129667,0
41986,0
84747,0
119488,1
51878,1
100880,0
66500,0
80540,0
46312,0
127099,0
120345,0
64493,0
31351,0
97365,0
124086,0
113223,0
9945,0
113440,0
923,0
62578,0
110369,0
139331,0
15882,1
127974,0
122253,0
48378,1
130621,0
108697,1
128628,1
41734,0
43160,0
17106,0
101669,0
118426,0
111428,0
10527,0
72268,0
131089,1
72063,0
114586,0
55562,0
48497,1
111807,0
135905,0
89308,0
106627,0
138964,0
100536,0
12852,1
13670,1
134410,1
35248,0
137772,0
89580,0
137134,0
65140,0
47350,0
113888,1
61962,1
73284,0
89459,0
55937,1
123972,0
63246,0
735,1
100769,0
134961,0
32809,0
117143,0
109400,0
120759,0
82193,0
128489,0
113646,0
95598,0
120024,0
74199,0
139314,0
36410,1
139584,0
65567,0
138387,0
18456,1
138812,0
8668,0
78681,1
22770,1
121301,0
84137,0
79451,0
38808,1
7614,1
73140,0
114450,0
4382,0
18424,0
57885,0
31068,0
19512,0
129530,1
126917,0
89067,0
75049,0
36973,1
58426,0
76839,0
29494,1
49201,0
121380,0
47640,0
40152,0
115668,0
20653,0
52338,1
118509,1
24024,0
79333,0
119807,0
34442,0
56872,0
138927,0
71671,0
70825,1
83220,0
118272,0
100241,0
127592,1
134659,0
12534,0
72915,0
74232,0
73174,1
80926,0
16694,1
20932,0
6144,0
73760,0
137041,0
62294,1
112338,0
34048,0
45356,0
91572,0
106764,1
72117,0
71359,0
119495,0
4511,0
131458,0
79351,0
128401,0
72903,0
124780,0
132750,1
132934,0
136409,0
134315,0
109318,0
132105,0
85478,1
86107,0
137821,1
121759,0
50964,1
46251,0
30982,0
123712,0
18233,0
83915,0
137473,0
131605,0
93026,1
60611,0
70834,0
82449,0
93859,1
69003,1
53833,0
127191,0
12027,0
38823,0
103904,0
92890,1
76232,0
5189,0
21372,0
125908,0
4277,1
26379,0
81730,1
65076,0
100859,0
87563,0
53454,0
123318,0
43405,0
63451,0
115675,0
133925,0
102152,1
116148,0
102230,0
4210,1
122807,0
37311,0
94231,0
67807,1
80363,0
139615,1
118183,0
104675,1
138469,0
93620,1
75124,0
67316,0
89529,0
134279,0
89488,0
29565,0
127907,0
1376,0
39137,0
56742,0
78103,1
114635,0
113544,0
51671,0
129741,0
65372,0
33101,0
13318,1
99310,0
17326,1
29029,0
106718,0
48480,0
106007,1
55376,0
28187,0
71056,0
11939,0
30457,1
135545,0
76073,0
112602,0
99288,0
67036,0
69140,0
133868,0
129460,1
79619,1
118694,0
29218,1
84214,0
6712,0
2962,1
41848,0
77841,0
46965,0
86081,0
77024,0
104652,0
94988,0
83946,0
16768,0
75516,0
97156,0
97750,0
131669,0
62312,0
136311,0
19578,1
64870,0
10064,0
1438,0
54624,1
82337,0
100092,0
37498,0
75980,1
95103,0
20857,1
99350,1
5535,1
73329,0
104532,0
67987,0
124989,0
59598,0
7636,0
128649,0
91411,1
88641,1
56192,0
94536,0
108650,0
29843,0
68005,1
71022,0
90906,0
27550,0
125088,0
74216,0
138283,0
12196,0
65035,0
67256,0
30025,0
116343,0
71177,1
44416,1
125249,0
91403,0
123460,0
11959,1
9566,0
31347,1
90677,0
133281,0
39793,1
75942,0
46322,0
11850,1
18714,0
6925,0
31126,0
125473,1
92347,0
88945,0
70247,0
106126,0
90780,0
125666,0
59751,0
119862,0
102429,1
128726,0
118359,0
33119,1
13909,1
58880,0
127821,0
78692,1
105128,0
78117,1
80585,0
64169,0
94119,0
8816,1
120156,0
93910,0
55244,0
124601,0
81186,0
112419,1
8575,0
7760,0
47330,0
48669,1
22976,0
12219,0
113329,0
57251,1
98187,1
89019,0
18135,0
423,0
131304,0
115487,1
87314,0
71115,0
105068,0
106258,0
109307,0
718,0
80856,0
39707,0
22619,0
29908,0
64906,0
3814,1
130876,0
3451,0
11708,0
45075,0
34716,0
132946,0
14778,0
123928,0
136347,0
137235,0
69782,0
15144,0
77214,0
30061,0
121851,0
109731,0
81642,0
63574,0
75669,0
110596,0
35499,1
6266,0
135899,1
44174,0
26469,0
138227,1
80835,0
77096,0
26801,0
98411,0
58693,0
68104,0
83241,0
95463,1
24701,1
100746,0
91318,0
61900,0
130084,1
20551,0
44716,0
26929,0
6260,0
73207,1
119096,0
139571,0
31296,0
135403,1
14828,0
78180,0
40823,0
12593,0
2745,0
136398,1
54218,0
83672,0
126505,0
123657,0
40383,0
109691,0
58714,0
12062,0
113999,1
24795,0
1558,0
16153,0
111466,0
56691,0
33465,0
29939,0
134685,1
124694,0
88403,0
64471,0
127165,0
118366,0
486,0
86179,0
136211,0
137268,0
96462,0
82582,0
81817,0
110784,0
131256,0
65437,0
8655,1
135697,0
127074,0
77497,1
12105,0
40724,0
65918,0
75276,0
7813,0
11419,0
126838,1
120973,1
117210,0
80554,0
83503,0
38524,0
77061,0
703,0
43168,0
112425,0
129202,0
83493,1
28372,0
97738,0
72978,1
138153,0
96355,1
55661,0
62179,0
32675,0
126709,0
75157,0
59786,0
64700,0
69856,0
31369,1
116683,1
15342,0
118576,0
125384,1
113943,0
87814,0
97544,0
62780,0
140032,0
81248,0
31875,0
80654,0
122394,0
78629,0
81275,0
17833,0
63112,0
99236,0
75619,0
10256,0
91893,0
35355,1
1433,0
22766,0
73097,0
28163,0
64771,1
134571,1
55435,0
89456,0
120919,0
113233,0
123557,0
27836,0
116600,0
18875,0
38556,0
7533,1
24363,0
99291,0
125156,0
68269,0
35923,0
11633,0
109693,0
107267,0
49608,0
119095,0
48150,0
4287,0
136431,0
114475,1
127027,0
88399,0
119875,0
106882,0
122316,0
14605,0
60482,0
55928,0
78360,0
114559,1
39292,1
36835,1
75573,0
91382,0
139226,0
6434,0
133008,1
93198,0
128103,0
88468,1
78197,0
90824,0
83324,1
57135,0
13961,0
135423,0
99342,0
67136,0
83415,0
135128,0
65196,0
24341,0
125940,0
5703,0
15247,0
122454,0
51305,1
3374,0
8992,0
72069,1
15331,0
92124,0
81950,0
119635,1
111363,0
38350,0
9111,1
89722,1
2759,1
17608,0
62978,0
83145,1
4840,0
41214,0
115067,0
96606,0
10713,0
76478,0
93233,1
128272,0
77769,1
118705,0
70300,1
44130,0
106021,0
86342,0
105201,0
135983,0
94051,0
93070,0
96099,0
92998,0
263,0
23668,0
90635,0
79141,0
115581,0
111470,0
77031,0
47443,0
9987,0
110124,1
63932,1
27192,0
57373,0
80592,0
129457,0
38730,0
81616,1
970,0
122297,0
45757,0
79740,0
10912,0
254,0
53617,0
68468,0
82479,0
124688,1
16496,0
128213,0
18681,0
131209,0
113369,1
106299,1
83261,0
131730,0
4509,1
109416,0
82359,1
100072,0
49096,0
15784,0
127726,0
14275,0
129233,0
134035,1
87659,0
128468,0
44953,0
52472,1
99991,0
11697,0
138058,0
92434,0
33686,0
28978,1
84025,0
31489,0
21726,0
13272,0
49794,0
101329,0
65606,1
54503,0
8348,0
57012,0
101533,0
29586,0
114131,1
35510,0
53590,0
44251,0
102536,1
119016,0
64637,0
59700,0
102201,1
67712,0
17533,0
49273,1
13497,0
95829,0
22323,0
90016,1
139741,1
124450,0
11836,0
123290,0
106024,0
12365,1
39097,0
6914,0
38773,0
56398,0
82194,0
48730,0
89225,0
65444,0
136488,0
102805,0
38952,0
25923,0
40257,0
76871,0
93877,0
40040,0
130819,0
4805,0
11830,0
102400,0
138933,0
117961,1
95164,0
122954,1
43733,0
60758,0
71127,0
40598,1
78740,0
70414,1
84725,0
73881,0
137215,1
60963,0
41108,0
10431,1
134044,0
129922,0
27486,0
41702,0
130783,0
42675,0
106957,0
71996,0
68066,0
118071,0
133756,0
58099,0
108951,0
1191,0
4283,0
20683,0
18123,0
30116,0
52328,0
109861,0
77760,0
38425,0
89126,0
101992,0
59075,0
93948,0
26082,0
49898,0
110104,0
50576,0
51538,0
37651,0
59285,0
62016,0
85000,1
21955,0
2843,0
79708,0
79880,0
50802,0
4673,1
36813,1
4802,0
47896,0
22142,0
110114,0
41421,0
87477,1
116717,0
29587,0
12826,1
105694,0
76743,0
83296,0
26525,0
84422,0
109618,0
66409,0
37584,0
5618,0
14842,1
74588,0
58249,0
126490,0
2397,0
122903,0
33201,0
97767,0
13557,0
2424,1
123707,0
14532,0
17998,0
42390,1
131452,0
75887,0
73998,0
140049,0
41441,1
42385,0
100106,0
46905,0
76687,0
37332,0
103345,0
37726,0
123685,0
5163,0
50531,0
44070,0
1102,0
43217,0
113973,0
39194,0
133046,1
77379,0
135771,0
122050,0
67390,0
79184,0
3790,0
136724,1
86546,0
107498,0
102409,0
135981,1
131698,0
24411,1
6656,0
127999,0
69676,0
49859,0
137239,0
54788,0
96838,0
10773,0
18797,0
65602,0
90340,0
95396,1
24926,1
82243,0
130947,0
58844,0
38685,1
118717,1
8013,0
54213,1
92075,0
136296,1
67542,0
136369,0
110215,0
92252,0
107265,0
105732,0
4308,0
72075,0
114404,0
53182,0
116681,1
65036,0
96971,0
93152,0
89531,0
134434,1
119639,0
41526,0
85226,0
45812,0
78511,0
126427,0
122397,0
648,0
55206,0
47917,0
109321,1
121277,0
64083,0
56956,0
32599,0
498,0
35242,0
72862,0
133713,0
19720,1
113602,0
47924,1
97811,1
39547,0
87385,0
59608,0
120132,0
86382,0
63072,0
93916,0
46058,0
25174,0
85609,0
115350,1
27601,0
52256,0
24151,0
82424,0
125007,0
104948,0
28065,0
67088,0
41633,0
111134,0
51337,0
123140,0
15300,0
51287,0
813,1
25246,0
19172,0
30462,0
74488,0
55540,0
125368,0
87550,0
58062,1
64393,0
18271,0
84799,0
129773,0
70187,1
24376,1
3848,0
11190,1
57290,0
54276,0
69648,1
108503,0
118372,0
107810,0
127146,0
117696,0
127044,1
57576,0
126563,1
19445,0
51061,0
101301,0
134018,0
75106,0
119219,0
137263,0
1371,1
42280,0
116290,1
14306,0
128439,0
106668,0
78582,0
57610,0
68012,0
9039,0
105526,0
135178,1
76772,1
6709,0
46518,1
28346,0
72487,1
68390,0
65719,0
55094,0
106886,1
26310,0
106564,0
64489,0
122198,0
85361,0
136711,1
35639,0
12806,0
49133,0
96842,1
42869,0
56530,0
19492,0
127724,0
34191,0
49253,1
79555,0
20567,0
129665,0
116777,0
29588,0
25052,0
41308,0
140037,0
138041,0
39127,1
72203,0
104132,0
18083,0
137069,0
21859,1
38162,0
74453,0
38129,0
78485,0
50822,0
105337,0
114421,0
43910,0
83903,0
26249,0
63527,0
111444,0
1806,0
55854,1
104364,1
127326,0
79316,0
37711,0
119201,0
131239,1
75837,0
15061,0
93529,0
129570,0
121608,0
139474,0
48349,0
99537,0
28887,0
15746,0
31059,0
120831,0
140218,0
9129,0
29655,0
105487,0
109831,0
23851,0
86248,1
124289,0
100180,0
130132,0
53678,0
139944,1
7086,0
119428,0
3444,1
118391,0
87146,0
75597,0
41023,0
90812,1
39662,0
57446,0
23112,0
103118,0
133033,0
112320,1
26795,0
13356,0
18163,0
84382,0
66571,0
98916,0
126576,1
114408,0
12169,0
139591,0
101944,0
49454,0
129529,0
25067,0
96327,0
7915,0
126945,0
126185,0
118564,0
97827,0
97350,0
38492,0
47846,0
38007,0
102561,0
99046,0
12508,0
89811,0
3577,0
83611,0
42914,0
107561,0
79602,0
27435,1
132600,0
80112,0
91005,1
107674,0
65452,0
35739,0
58128,0
78911,0
114756,1
106280,1
41075,0
136149,0
94845,1
62194,0
64396,1
124428,0
50516,0
52791,1
131257,1
75871,1
53897,0
98159,0
134541,0
101549,1
77398,0
52050,0
101673,0
36439,0
21024,0
91846,0
54792,0
94338,0
34782,0
19572,0
76156,0
56151,0
126131,0
91028,1
75804,0
41498,0
138310,0
38754,0
110446,0
51421,0
131538,0
18761,0
127456,0
73516,0
34691,1
138495,0
87136,0
119493,1
129434,0
24410,0
123613,0
52373,0
20933,0
134875,1
40536,0
60915,0
69643,0
11546,0
79826,0
110627,0
129449,1
130493,0
38587,0
129917,0
139439,1
104837,0
57928,0
42334,0
39974,1
128920,0
87499,0
130522,1
55862,0
16385,0
112585,0
13523,0
25912,1
52963,0
61614,0
85910,0
14030,0
75144,0
48108,0
72629,1
31160,1
37323,1
122741,1
1444,1
93817,0
109373,0
74795,0
44631,0
125115,0
62875,0
137914,0
127275,0
75833,0
57776,0
61096,0
99298,0
57912,0
108029,0
18479,0
99289,1
69218,0
110046,1
61670,1
55664,0
99964,1
55090,0
19491,0
123580,0
119305,0
56379,0
44732,0
7190,0
10942,0
38204,1
4680,0
12558,0
1263,0
127289,0
96739,1
68111,0
12586,0
117638,0
20682,1
16084,0
57931,0
99805,0
27195,0
20115,0
103467,0
63773,1
2409,1
64070,0
46908,1
54951,0
76105,1
17927,0
50739,0
110018,0
40957,0
94982,0
112541,0
35332,1
87934,0
88664,0
124383,0
54636,0
67808,0
34311,0
106648,1
55741,0
51238,0
39061,1
9811,0
139952,1
42930,0
100158,0
16386,0
66039,0
22830,0
50297,1
7127,0
238,0
11667,0
123614,0
104258,0
94253,0
69047,0
134085,0
103660,0
101971,0
20100,0
126745,0
36129,0
24910,0
82137,0
8996,0
78403,0
80821,0
51209,1
108243,1
59833,0
95468,0
71772,0
17897,0
54299,0
96861,0
12310,0
35491,0
45937,1
90344,0
14663,0
115229,0
116844,0
49547,1
62196,0
37934,0
99084,1
38044,0
120113,0
102039,0
8964,0
99135,0
126928,0
11933,0
134022,0
31143,1
47573,0
92475,0
54364,0
21991,1
24720,0
128082,0
38035,0
8876,0
95913,0
85495,0
120353,0
28670,0
102548,0
83218,0
20252,0
48896,0
41865,0
5016,0
111149,0
87198,0
107886,0
55183,1
93554,0
8113,0
61054,1
110891,1
11679,0
42649,0
32439,0
88171,0
97140,0
49102,0
97775,0
65024,0
16006,0
21122,0
2306,0
48191,0
2278,0
111673,0
78277,0
68888,0
2844,0
130220,1
79008,0
61490,0
60773,0
9195,1
11408,0
56700,0
135096,0
125845,1
13474,0
84212,0
48228,0
902,0
60102,0
43427,0
27893,0
105916,0
135649,0
137922,0
95259,0
97877,1
38693,0
121142,0
10680,0
67866,0
52713,0
38795,0
117069,0
39552,1
112949,0
56955,0
12102,0
109851,0
47851,0
20623,1
48375,0
105269,0
67970,0
76373,1
123820,0
65096,0
124631,1
124040,0
131388,0
137296,0
137285,0
97809,0
119175,0
22334,1
132816,0
34692,0
132032,0
54773,1
93593,0
39423,0
29845,0
112116,0
84492,0
69221,0
77587,0
87412,1
46246,0
89388,1
89103,0
108446,0
135581,0
128957,1
131947,0
66143,0
63971,0
128811,0
68078,0
46082,0
93570,0
112287,1
72177,0
71547,0
40321,0
75853,0
100771,0
92030,1
59614,0
131180,0
58183,0
70700,1
6515,0
89352,1
105069,1
76114,0
75777,0
36497,0
87501,0
108895,1
63066,0
137086,0
62508,0
138189,0
127535,0
85602,0
127698,0
93098,1
53688,0
64942,0
96242,0
17960,0
57116,0
62130,0
67665,0
88333,1
41744,0
35796,0
26170,0
116940,0
127019,0
28139,0
83579,0
64080,0
126336,0
103663,0
96598,0
95415,0
53169,0
138140,0
39262,0
94438,1
61919,0
89707,0
39815,1
65939,0
78890,1
58905,0
132898,1
64973,0
90140,0
3943,0
115902,0
131175,0
39004,0
111721,0
119750,0
118902,1
72614,1
28923,0
10254,0
35494,0
4253,0
296,0
75212,0
26035,0
103511,0
119306,0
105362,0
6599,0
72223,0
23597,0
114679,0
89472,0
39685,0
21191,0
43884,0
29411,1
3980,0
100444,1
46880,0
7040,0
117315,0
73948,0
135137,0
42103,0
129556,0
128991,0
63164,0
62639,0
95024,0
80059,0
33541,0
32040,0
99407,0
116136,0
27375,0
20625,1
83964,0
85762,1
61770,0
117719,0
138253,0
43602,0
106192,1
84672,0
104182,0
108845,0
25239,0
58706,0
48841,1
133466,0
113071,0
48704,0
56001,0
138823,1
133664,0
72993,0
29594,0
9837,0
50451,0
74143,0
133152,0
51053,0
110945,0
3314,0
73432,0
19608,0
25817,0
19053,0
102914,0
38307,1
73770,0
73984,0
93417,0
38925,0
136172,0
87323,0
67901,0
83441,0
117570,0
89049,0
63732,1
43310,0
41165,0
66227,0
7985,0
63518,0
41339,0
97536,0
118548,0
45348,0
84972,0
91807,1
25421,0
56005,0
115606,0
27737,0
35018,0
108888,0
92905,0
57987,0
61711,0
90409,1
3534,0
80434,0
11455,1
95638,0
45865,0
88979,0
120991,0
126747,0
121373,0
28278,0
60869,1
117555,1
46412,0
60026,0
9251,0
118212,1
59764,0
20434,0
88781,0
91141,1
33994,0
127773,0
97781,0
138522,0
48006,1
53013,0
11574,1
98955,0
129583,0
52529,1
105483,0
86198,0
131362,0
130141,0
42027,0
47918,0
87817,0
33415,0
138773,0
21634,0
35448,0
10232,0
37600,0
87038,0
32121,0
134302,0
129823,0
116321,1
5953,0
77247,0
110276,0
52423,1
84593,1
61859,0
76696,0
118083,0
99408,1
128410,0
42133,1
47356,0
27151,0
93105,0
80169,0
125118,0
129373,0
52836,0
102280,0
131128,0
69177,0
86267,1
80710,0
106013,0
129489,0
58997,0
140227,0
23505,0
91579,0
86824,0
40329,0
91316,0
44924,0
56463,0
7109,0
135562,0
87345,0
133848,0
55691,1
52305,0
93886,0
53628,0
19311,0
50474,0
3676,0
62847,0
78938,1
48465,0
69979,0
62177,0
12970,1
136641,0
47316,0
18582,0
3987,1
116623,1
67175,0
35206,0
109016,0
55396,1
64255,0
119854,0
133689,0
57324,0
97759,1
80643,0
69364,0
73004,0
120871,0
59041,0
17676,0
78668,0
73348,1
46870,0
32371,1
106341,0
128975,0
8235,0
96087,1
115270,0
61302,0
8558,0
16259,0
46269,1
85799,0
26694,0
99859,0
28259,0
104218,0
47302,0
79214,0
109638,0
95975,0
27663,0
16522,0
131477,0
66604,0
80704,0
68720,0
133698,1
100258,0
9723,0
70327,0
52388,0
49205,0
80446,0
68594,0
41152,1
46379,0
121298,0
29871,0
36425,0
24516,0
22845,0
6741,0
105437,0
29783,0
16486,0
94613,0
78919,0
85689,0
65245,0
123440,0
99923,0
32549,0
138121,0
94676,0
67082,0
16722,0
116644,0
127248,1
3019,0
135393,0
75412,0
129904,0
2572,0
17546,0
86538,0
126445,0
39631,0
39460,0
73060,1
88646,0
21761,0
119739,0
114363,0
111889,0
78059,0
56605,0
38099,1
103401,1
74046,1
101788,0
132798,0
4376,0
38071,0
127041,0
109481,0
22662,0
24692,0
72483,0
101029,0
79925,0
40106,0
105904,1
94810,0
73178,0
62268,0
97296,0
87154,0
6903,0
47411,0
40753,1
18891,1
113437,0
110714,0
117016,0
11538,0
120428,0
125511,0
54481,0
127669,0
135443,1
70531,0
132682,0
121496,0
38810,0
66785,0
37424,0
71447,0
136372,0
13663,0
44568,0
68944,0
43416,0
41636,0
61531,0
106201,0
462,0
10199,1
83206,0
80808,0
8997,0
139720,1
29936,0
66323,0
125583,0
137077,0
109512,0
47249,0
98775,0
124755,0
37059,0
33130,0
14470,0
72588,0
105520,0
16014,0
96083,0
98804,1
135799,0
81599,0
77762,0
24379,0
140551,0
113052,0
73751,0
47369,0
41834,0
71428,0
99044,0
108992,0
8685,0
138814,0
67750,0
127373,0
91084,0
59225,0
85465,1
79980,0
102167,1
57986,0
93321,0
91650,1
91940,0
73491,1
111112,1
71278,0
34693,1
29885,0
92940,0
31526,0
123198,1
47005,0
103906,0
124466,0
53991,0
15533,0
61886,0
17080,1
97144,0
13659,0
109171,0
34740,0
95617,0
85456,1
12566,0
19501,0
28487,0
88357,0
122964,0
32496,1
125613,1
51679,0
120930,0
132870,0
124486,0
106905,0
14130,1
27418,0
98179,1
108936,1
121066,0
126039,0
21924,0
93718,0
58199,0
25801,0
23499,0
82538,0
58746,0
111374,0
44189,0
17166,0
3050,0
7552,0
101059,0
71370,0
83276,1
68593,1
41987,0
18317,0
68426,1
85825,0
5434,1
134655,0
91793,0
58903,0
128207,0
58510,0
6548,1
116014,1
117413,0
33293,0
49798,0
107466,0
82888,0
92812,0
99389,0
83627,0
40479,0
90229,0
8786,1
128554,0
66252,0
31836,0
62692,0
76630,0
134959,0
86392,0
62989,1
71495,0
35393,1
3997,0
105540,0
53360,0
134431,0
110010,0
43476,0
81373,0
67453,0
80443,1
96341,1
79815,0
136477,0
56089,0
63411,1
90290,0
137304,0
59367,0
14399,0
13987,0
55927,0
13244,1
108410,0
26430,0
39054,0
119666,0
65493,0
118419,0
47807,0
54644,0
130588,0
121289,0
81861,0
64388,0
72428,0
57815,0
41521,0
124250,0
12738,0
75797,0
39780,0
126750,0
38045,0
76951,0
45533,1
140228,0
115607,0
16389,0
10381,0
93630,0
43063,0
108460,1
356,0
74609,0
12929,0
55510,0
116438,1
3149,0
135575,0
43763,1
85634,0
108550,0
17667,1
136290,0
112919,1
3293,0
128937,0
42771,1
18033,0
59273,0
52178,0
48982,0
85601,0
84718,0
119344,0
137543,0
70389,0
76069,0
45830,0
123214,0
62102,0
39424,0
71376,0
31879,0
63982,0
134585,0
97934,0
4114,0
38706,0
20596,0
53530,0
39144,0
130280,0
53654,1
101746,0
116175,0
81982,0
46414,0
118774,0
46037,0
117533,0
115574,0
37804,0
37813,0
87333,1
7989,0
82941,0
62250,0
50410,0
128818,0
96883,0
89498,1
135885,1
86589,0
59689,1
107260,0
45602,0
84364,0
19570,0
71882,0
70369,1
57112,0
116610,0
18401,0
9525,0
96420,1
132045,0
24686,0
6876,0
57059,0
12003,0
110082,0
138954,0
10716,0
82294,0
77585,0
12715,0
28400,0
89810,0
1237,0
13314,0
16180,1
134090,0
37712,1
116602,0
44038,0
101223,0
45230,0
43788,0
136887,1
99924,0
48420,0
68398,0
138093,0
130276,0
52204,0
99296,0
102988,0
76387,0
11882,0
20026,0
97312,0
81214,0
11783,1
64512,0
116196,0
24438,0
41628,0
47548,0
66675,1
98350,0
110758,0
74754,0
127459,0
88559,0
85803,0
103329,1
124856,0
110507,0
6660,0
59657,1
36336,0
99941,0
115374,1
44104,0
103157,0
111327,0
94186,0
974,0
120929,0
36144,0
13994,0
124465,0
105386,0
105207,0
87701,0
30697,0
20505,1
20758,1
25137,0
53951,0
53309,0
82546,1
38477,0
135186,0
32164,0
55419,0
110912,1
11903,0
119743,0
7917,0
113226,0
135687,0
118444,0
58216,0
122042,1
64540,0
129844,0
43194,0
39202,0
51424,0
139505,0
35959,0
53861,0
23550,1
16027,1
55335,0
69813,0
49184,1
53343,0
19076,0
64192,1
53655,0
72379,0
105041,0
63920,0
121192,0
48529,0
58220,0
101224,0
129988,1
70511,0
31866,0
107647,1
54176,0
43251,0
89291,0
13029,0
24263,0
35647,0
108683,0
57645,0
79714,0
125631,0
109886,1
132573,0
71905,0
136638,1
126036,0
136027,0
15077,0
29067,0
107683,0
84397,0
126533,0
90788,0
86421,0
24266,0
127602,0
123455,0
507,0
62830,0
124469,0
118491,1
129431,0
132197,0
97863,0
23092,1
11619,1
103656,0
92231,0
38042,0
2979,0
73110,0
137744,1
128446,0
48346,0
112250,0
44289,1
105680,0
70975,1
97000,0
90449,0
51868,0
108135,1
54801,0
72030,0
39154,0
110036,0
63910,0
75599,0
116951,1
12518,0
45304,0
139096,0
99808,0
16661,0
136502,1
120805,0
43631,0
18390,0
41410,0
5349,0
22655,0
135084,1
4347,0
63214,0
101980,0
87519,0
49280,1
97963,0
96543,0
45182,0
97125,1
4773,1
93310,1
140313,0
33520,1
58030,0
133846,0
80116,0
121187,0
18710,0
33004,1
94693,1
91698,0
19771,0
69385,0
57237,0
22426,1
58959,0
54539,0
64265,0
119865,1
33581,0
116589,0
11617,0
2890,1
116794,0
116387,0
51586,0
70017,0
54759,0
14479,0
136526,0
71568,1
137249,0
51057,0
111974,0
45731,1
47188,0
73101,0
70530,0
21704,0
34387,1
85313,0
55153,0
19129,1
33523,0
100628,0
77785,1
80204,0
90437,0
127667,1
82575,0
29003,0
64623,0
82800,0
17532,0
68000,1
100124,0
85104,0
98371,0
123218,1
120093,0
95063,0
22912,0
24741,1
97883,0
89517,0
129641,0
93787,0
10982,0
8228,0
84551,0
41030,0
30894,0
48302,0
10250,0
70024,0
30376,1
28738,1
130171,0
87803,0
89914,1
68179,0
108990,0
57984,0
107343,0
56994,1
62979,0
73027,0
129719,0
96588,0
66395,0
13123,0
5226,0
125586,0
95176,0
40565,0
1025,0
54862,0
105890,0
63934,0
139343,0
139724,1
109801,0
103625,1
94958,0
68513,0
133668,0
119932,1
138722,0
82111,0
98230,0
47287,0
138971,1
57174,0
59386,0
67254,0
138388,1
23378,0
55583,0
43770,0
3430,1
76216,1
17620,0
67644,0
124079,0
29344,0
124672,0
88203,0
139317,0
116596,0
74814,0
64361,1
135941,1
120432,0
41784,0
104074,1
93140,0
112286,0
48415,0
124171,0
119443,0
36622,0
102567,0
100962,0
16946,0
128663,0
4527,1
24104,0
71561,0
96152,0
13941,0
108041,0
80517,0
2851,0
49701,0
51136,1
111158,0
102896,0
75666,0
24753,0
113381,0
128354,0
105545,0
43468,0
69236,0
21738,0
104257,0
119715,0
81515,0
53691,0
40873,0
73026,0
104451,0
10136,0
12350,0
106900,0
39659,0
69424,0
48685,0
101176,0
85366,0
63404,0
119199,0
10198,0
113786,0
44878,0
6794,1
86968,0
81043,1
98947,0
18173,0
90293,0
55656,0
22481,0
45043,0
121086,0
54090,1
87612,1
124440,0
4171,1
121248,0
44225,0
134815,0
137053,0
10261,0
46551,0
23513,0
136196,1
7637,0
110005,0
34696,0
123934,0
109533,0
64811,0
68369,0
85612,0
51827,0
73367,0
109812,0
83633,1
88711,0
72587,0
40711,1
75482,0
45381,0
136460,0
34347,0
82328,0
128411,0
26320,0
88874,0
131278,0
109614,0
91006,0
115777,0
90633,0
56730,0
99308,0
25740,1
19664,0
131568,0
89745,0
70960,0
122131,1
114891,0
44238,0
3725,0
72669,0
82392,0
106915,1
11394,0
78859,0
41664,0
137173,0
112515,0
59349,0
134692,1
100066,0
71005,0
41948,0
24790,0
53919,0
89174,0
27335,0
56291,0
38891,0
184,0
88783,0
46597,1
83252,0
114258,0
125004,0
20739,0
41467,0
39331,0
52837,0
62756,0
96917,0
138369,1
55584,0
132208,1
42189,0
71474,1
22289,0
106555,0
30189,0
64484,0
76643,1
23749,0
110829,0
51189,0
113103,1
116436,0
127296,0
74683,0
54784,0
43639,0
116292,0
49230,0
35540,0
90023,0
132111,1
71103,0
98687,0
99781,0
91880,0
130906,0
110151,1
27159,0
3775,0
69191,0
2543,0
37002,0
16298,0
133928,0
27326,1
42510,0
26686,1
72258,0
40557,0
128183,1
85991,0
134632,0
23058,0
114784,0
7235,0
61048,0
54619,0
18438,0
5658,0
138650,0
140232,0
75540,0
135528,1
14732,0
18168,0
57812,1
45943,0
134627,1
30174,1
97169,0
36415,0
108910,0
135688,1
101044,0
126474,1
32153,0
110057,0
78205,0
117928,0
130840,0
43465,0
41174,1
4196,0
100575,0
1297,0
39068,0
8345,0
44279,1
63482,0
89504,1
97754,0
89272,1
13351,0
102515,1
8356,0
71927,0
2275,0
33741,0
122743,1
121586,0
80100,0
75955,0
105261,0
139265,0
16553,0
67245,0
98992,1
90410,0
51978,0
75930,1
140660,0
11398,0
73585,1
13717,0
139698,0
104248,0
118331,1
56934,1
50165,0
88397,1
6916,0
112248,0
32909,0
127872,0
81416,1
78076,0
67241,0
89065,0
52890,0
108574,0
36170,0
8609,1
38590,0
112572,0
104671,0
74004,0
171,0
30325,0
104747,1
97875,0
25729,0
52651,0
2289,0
109294,0
107891,1
59148,0
99639,0
21972,0
48121,1
131980,0
112851,0
64298,0
2514,0
127881,0
30078,0
27513,0
48087,0
5352,0
10797,1
19660,1
67171,1
135546,0
133019,0
87573,0
52223,1
129827,0
75016,1
88570,0
84467,0
22988,0
92688,0
21494,0
137734,0
84625,1
132440,0
135673,0
82981,1
76575,1
46195,0
74737,0
26339,0
2783,0
57507,0
45507,0
75579,1
105440,0
33639,1
101950,0
124553,0
120614,0
93099,0
3422,0
45398,0
102181,1
87137,0
7434,0
29831,0
126946,0
6165,0
110363,0
14111,0
97237,0
99290,0
73593,1
72844,0
99594,1
78685,1
7925,0
55278,0
24559,0
120523,0
47606,0
9420,0
42373,0
92400,1
28910,0
26955,0
43299,0
42440,0
126182,0
88779,0
54851,0
123985,0
3941,0
103446,0
116831,0
115511,0
129948,0
100607,0
75215,0
98082,0
1128,0
25269,0
92617,0
41170,0
106355,0
110426,0
135514,1
63074,0
14748,0
53609,0
140290,0
90501,0
85149,0
92679,0
31257,1
133048,1
70514,1
94410,0
52787,0
8859,1
721,0
10864,0
63578,0
8284,0
69783,0
69535,0
61656,1
10475,0
24158,0
133063,0
82829,0
116068,0
76852,0
82705,1
80863,0
124782,1
90267,0
47088,0
28311,0
76454,0
25046,0
15854,0
31512,0
38525,1
84209,0
107484,1
40201,0
57448,0
7103,0
46456,1
91461,0
138690,0
104826,0
14907,0
109569,0
87626,0
111566,1
127473,0
50486,0
12693,0
134191,0
111208,0
128815,0
91577,0
100841,0
70454,0
19576,0
138791,1
24714,0
65584,0
61913,0
30838,0
83667,1
130444,0
66085,0
14587,1
134141,0
84309,0
139992,1
11450,0
49047,0
36192,0
115440,0
37523,0
63098,0
39089,0
121406,1
114051,1
106411,1
113882,0
10824,0
24445,0
18654,1
40997,0
36696,0
79266,0
107703,0
2923,0
53240,0
40478,0
122022,1
68937,0
92810,1
44725,0
83762,0
42575,0
24943,0
44996,1
9576,0
42622,0
46375,0
94323,0
3153,0
128164,1
62553,0
23479,0
106044,0
128739,0
11510,0
72699,0
60924,1
15000,0
119922,0
115396,0
91177,0
67083,1
119793,0
11706,0
60625,1
7588,0
110545,0
84334,1
112351,1
30221,0
96181,0
22615,0
20716,0
98367,0
123931,0
59602,0
10430,0
131594,0
87625,0
26614,0
37333,0
130325,1
36184,0
60263,0
130673,1
127486,0
52853,1
18029,0
38193,0
81339,0
118790,0
78617,0
104009,0
43218,0
139285,0
121429,0
39048,1
127457,1
71184,0
74709,0
92958,1
17164,1
133549,0
82536,0
23495,0
61216,0
65755,0
10329,1
10765,0
123849,0
47058,0
98223,1
53520,0
126599,0
83490,0
23649,0
124692,0
119121,0
138904,0
74400,0
9969,0
108119,0
124956,0
115313,1
72661,0
84654,0
19694,0
47367,0
81337,1
29365,1
255,1
29398,0
74595,0
15660,0
38671,0
40246,0
104069,0
114574,0
48895,0
132675,0
105767,0
65469,0
59972,0
30594,0
114322,1
8752,0
43301,0
40777,0
124513,0
107545,0
89490,0
102263,0
48282,0
134253,1
47727,0
124512,1
57886,0
91751,0
40405,0
113076,0
37342,1
77914,0
123875,0
23278,0
48915,0
45480,0
127631,0
1377,0
84529,0
132564,1
47534,1
136280,0
90728,0
123221,0
135309,0
130709,1
75897,0
29923,0
89046,0
72649,0
59081,0
136766,0
19852,0
76225,1
18246,0
3020,0
24174,0
62815,0
5362,0
120571,0
115998,0
48519,0
46849,0
76706,0
17632,0
119032,0
59269,0
86273,1
139246,0
78589,0
58847,0
122290,0
66929,0
116184,0
43373,0
59000,0
686,0
114231,0
108890,1
34950,0
31042,0
76726,0
119574,1
57574,1
49756,0
88462,0
82278,1
128376,0
26341,0
31958,0
96227,0
80409,0
115576,0
130307,0
25202,0
94293,0
36653,0
104569,1
111997,0
53318,0
3311,0
54713,0
27246,1
17850,0
17411,0
83148,0
107127,0
113524,0
38130,1
15975,0
21349,0
140027,0
118201,0
93223,0
46455,0
83122,0
122342,1
102261,1
74152,0
48835,1
36740,1
100720,0
7767,0
103887,1
107210,0
128897,0
132913,0
112415,0
100790,0
117177,0
21380,0
23114,0
48537,0
30191,0
89758,0
25617,0
78002,0
16249,1
128540,0
12225,0
14720,0
52515,0
70886,0
136326,0
84145,0
21210,0
84917,1
3937,0
67212,0
116661,1
113281,0
100650,0
25060,0
36568,0
94102,0
51979,0
6850,1
134757,0
130544,0
116556,0
125712,0
10760,0
78910,0
74633,1
127991,0
120069,0
76984,0
96125,0
54138,0
94285,0
12149,0
42396,0
38591,0
129100,0
62919,0
7230,0
122906,0
2925,0
92008,0
8058,0
1733,0
97158,0
113252,0
46330,0
16235,1
37024,1
82330,0
122132,0
91891,0
59334,0
42281,0
4475,0
81631,0
72343,1
98548,0
126557,0
115263,0
84298,0
22344,0
714,1
80493,1
113028,1
120278,0
89078,0
49337,1
79336,1
69723,0
124830,0
64912,0
129473,0
14734,1
48441,1
103706,1
15172,0
122654,0
74696,0
23973,0
126751,1
92861,0
46208,0
103275,0
132360,0
126190,0
124666,1
112278,0
63375,1
121136,0
15089,0
102331,0
82572,0
81154,0
11999,0
29242,0
33449,0
5275,0
88128,0
44536,0
55017,0
138435,0
134651,1
31301,0
95915,0
59517,1
92049,0
58126,0
43956,0
121508,0
34777,0
47075,0
135400,1
98276,0
50170,0
45192,1
92245,0
57216,0
81338,0
60400,0
15989,0
139488,0
12271,0
139597,1
67114,0
128202,0
105516,0
118508,0
40988,0
96746,0
65680,0
24785,0
50100,0
37209,0
51023,0
99992,0
72281,0
96389,0
108981,0
83695,0
100001,0
133675,0
128661,0
135252,1
133613,0
128124,0
95331,0
110613,0
130881,1
131741,0
10288,0
139256,0
121729,0
131470,0
82099,0
58080,0
40421,0
125148,1
81354,1
121663,0
19817,0
137587,0
106473,0
90880,0
35538,0
32299,1
93946,1
122268,0
46494,0
97240,1
76660,0
33404,0
110491,0
69263,0
19508,0
86803,0
30365,0
88533,0
41689,0
53624,1
53297,0
64528,0
17463,0
125078,0
12978,0
70460,0
19310,0
6595,0
26825,0
136133,0
67393,0
81103,1
116039,1
114091,0
36483,0
101086,0
124569,0
137976,1
77637,0
63671,0
88301,0
124572,0
66050,1
36218,0
7345,1
89085,1
27609,0
137090,0
121565,0
16888,1
3014,0
63091,0
65322,0
117092,0
122866,0
13277,0
132063,1
64975,0
78522,0
19332,0
45959,1
16216,0
129109,1
40500,1
26714,0
56856,0
5013,0
16241,0
124272,0
136963,0
133154,1
62169,0
65241,0
93476,1
57106,0
111992,0
45710,0
107150,0
67471,0
116406,1
41253,0
106817,1
37946,0
29792,0
21337,0
92191,0
91777,0
62962,0
129631,0
27094,1
63877,0
41696,0
6277,0
119059,0
66048,0
93290,0
4789,0
70060,0
85936,0
51779,0
9224,0
95412,1
123822,0
63948,0
35460,0
131460,0
71346,0
45903,0
98878,0
33275,0
127371,0
90278,0
32948,0
39009,0
36380,0
59387,0
57220,0
92856,0
128720,0
50592,1
57862,0
79947,0
23187,0
865,0
133362,0
40752,0
138475,0
26318,0
15198,0
3679,0
17590,0
97962,0
127534,0
12749,1
123067,0
1004,0
23256,0
100602,0
5335,0
39176,0
25982,1
102136,0
29024,1
128946,0
58497,0
129539,0
26528,0
61585,1
63613,0
95731,0
7504,0
105940,0
9488,0
118405,0
43105,0
18889,0
35324,0
63588,1
104614,0
82473,0
45203,1
59897,0
12281,0
43383,0
47098,1
135457,1
44938,0
42614,0
104270,0
108869,0
30317,0
55037,0
133597,1
40661,0
34574,0
74373,0
12962,0
113086,0
130225,1
55949,0
97911,0
61231,0
135427,0
61385,1
54113,0
99232,0
98967,0
100457,1
55881,1
102054,1
89991,1
53430,0
55152,0
59191,0
51654,1
1434,0
13185,0
127158,1
92642,0
133069,0
6011,1
132508,1
14311,1
54854,0
7075,0
79958,0
20675,0
2015,0
95842,0
130991,1
50381,0
14737,0
113595,0
127886,0
127737,0
18543,0
62814,0
81857,0
39630,0
122052,0
118182,0
89611,0
64271,1
121326,0
64226,0
68423,0
102049,0
2464,0
69130,0
50609,0
31698,0
91539,1
102411,0
123701,0
51510,1
48025,0
17948,0
45988,0
78777,0
77291,0
135408,0
18094,1
25259,0
29294,0
39235,0
35759,0
63301,0
34255,0
111726,0
18699,0
74109,0
115283,0
26034,1
3819,0
69441,0
121236,0
43664,1
18399,0
98073,0
26253,0
112430,0
135501,0
23705,0
109433,1
96409,0
106203,1
30937,0
28280,1
137628,1
23424,0
33175,0
123231,0
38511,0
64701,0
69736,0
123603,0
41327,0
117781,0
45139,0
69153,0
20697,0
83700,0
60556,0
75160,1
99171,0
50926,0
55125,0
36185,0
104054,0
119871,0
38012,0
50954,1
17082,1
43289,1
96665,0
1607,0
54948,0
33123,1
46666,0
64578,0
37897,0
13380,0
132203,0
73255,1
95773,0
20816,0
38656,0
35142,0
14411,1
61872,0
1987,0
138857,0
8963,1
64579,0
136132,0
77210,0
2071,0
73677,1
400,0
64164,0
130302,0
43916,0
8679,0
84265,0
117182,0
110637,0
33259,0
64056,0
101363,0
76209,1
113177,0
2266,0
23032,0
73818,0
86011,0
133494,0
82724,1
72554,0
71779,0
2140,1
35323,0
129288,0
71342,0
20137,0
99811,0
41329,1
80060,0
37404,0
86258,0
9824,1
10603,0
133844,1
106090,0
109716,0
65697,0
121935,0
137031,0
59616,0
56740,0
50188,0
124761,0
32935,1
114379,0
123201,0
124406,0
34853,0
28959,0
55233,0
129848,0
30872,0
42782,0
56782,1
16225,1
87864,0
39007,0
44362,0
59848,0
116159,0
9269,0
51285,0
97873,0
44681,0
69101,0
15161,1
34540,0
70084,0
102980,0
30921,0
35349,0
58986,0
69181,0
111133,0
65592,0
101720,0
72975,0
31423,0
7437,0
88331,0
93132,0
53005,0
38636,1
7195,1
57799,0
62360,0
25456,1
41700,0
34453,0
7035,0
7204,1
129721,0
121998,1
9590,0
12660,1
108211,0
122946,0
97117,0
99889,1
119690,1
57551,0
20612,0
88127,0
108707,0
71934,1
23069,0
30318,0
99660,0
72748,0
56446,0
132271,0
88236,1
92374,0
36515,1
48958,0
98053,0
50269,0
100561,0
21148,0
16828,0
89091,0
119841,0
80861,1
21887,0
94493,0
139589,0
138165,1
37773,1
36986,0
108695,0
129990,0
125890,1
96274,0
79137,0
120124,1
116305,0
56105,1
135493,0
28681,0
46625,0
80637,1
93159,0
115538,0
20190,0
16465,0
127138,0
15526,0
21750,0
91738,1
80628,0
126741,0
35689,0
109104,0
25962,0
113563,0
116210,0
51391,1
10688,1
126083,0
8303,0
135002,0
63650,0
37072,0
89324,0
120373,0
35807,0
107982,0
40906,1
93216,0
58708,0
95648,0
65302,0
33597,0
103883,0
67313,0
21563,1
44182,1
113123,0
8533,0
85201,0
11925,0
87752,0
74853,0
94688,0
43536,0
21167,1
135601,0
2761,0
43367,0
18,0
133202,0
29059,0
39033,0
129998,1
35818,1
105853,0
45071,0
134140,1
95427,0
117782,0
8621,0
126114,1
139891,0
12417,0
40502,0
17317,0
67512,0
69317,0
112295,0
44851,0
12285,0
87658,0
52054,1
63471,0
139896,0
82880,1
15962,0
102445,0
28085,1
372,1
12394,0
118587,0
104221,0
124457,0
108184,0
121948,0
80087,1
2790,0
138572,0
18513,0
17325,0
85232,0
7522,0
123671,0
17660,0
49675,1
95809,1
39816,0
36684,0
110382,0
103265,1
41889,0
65123,0
88677,0
36287,0
71219,0
35581,0
49905,1
52505,0
41835,0
8760,0
25954,1
60339,1
20656,1
1394,0
115463,1
54789,0
89474,1
77858,0
76252,1
43952,1
66140,0
120080,0
99548,0
113979,1
19176,0
67527,0
69268,0
55466,0
66535,0
104348,0
26615,0
108141,0
89597,1
134734,0
104868,0
30482,0
60646,0
54516,0
133409,0
53412,0
8529,0
10463,1
96299,0
23734,0
17517,0
17505,0
132265,0
30134,0
4267,1
79174,0
111600,0
114003,0
139807,0
105638,0
100492,0
20617,1
12530,0
123964,1
108217,0
14731,0
60326,0
136368,0
50192,0
74040,1
3024,0
1272,0
59366,0
101097,0
74171,0
43965,0
61720,0
111349,0
61011,0
35406,0
128398,1
68873,0
46951,0
35727,0
37278,1
88997,0
60703,0
6604,0
20729,0
121263,0
96354,0
77174,0
39362,1
47219,0
124641,0
108125,0
26420,0
9801,0
67526,0
58613,0
98539,0
95079,1
117880,0
83508,0
16887,0
7154,0
13036,0
123523,0
128255,0
32771,0
71632,0
62695,0
97182,1
9202,0
77536,0
93761,0
125091,0
92568,1
60870,0
97870,0
15321,0
39830,1
29429,0
80111,0
110379,0
15465,0
23565,1
54308,1
104337,0
15685,0
48225,0
81678,0
97779,0
5627,0
74281,0
68323,0
77129,0
47718,0
87448,1
36429,0
96133,0
36340,0
58944,0
90683,0
25276,0
134028,0
33231,0
38270,0
19362,0
9754,0
15898,1
86535,0
130387,0
30608,0
80871,0
22116,0
1043,0
46249,0
54865,0
24948,0
1749,0
30187,0
78613,0
65273,0
89948,0
104401,0
25301,1
23340,0
83468,0
84016,0
124112,0
95242,1
69906,0
86416,0
75813,0
1454,0
44010,0
12329,0
67536,0
124555,0
36768,1
130175,0
126041,0
49131,0
128485,0
66440,0
54510,0
75206,1
87339,0
14149,0
137167,0
92346,1
35467,0
57442,0
43595,1
18130,0
114926,0
57669,0
26454,0
76345,0
69673,0
32554,1
128101,0
136643,0
69617,0
136600,0
95362,0
60246,0
28584,0
22401,0
44008,1
35773,0
124709,0
84681,1
140677,0
110936,0
61130,1
55255,0
49999,0
11531,0
51754,0
131523,0
97089,0
50028,0
85156,0
86481,1
57451,0
27030,0
56491,0
87855,0
56896,0
86579,0
96216,0
81009,0
11815,0
39357,0
98215,1
2044,0
77985,0
22498,0
91269,0
40591,0
26849,1
26198,0
25816,0
67933,0
110032,0
35456,0
41461,0
136180,0
71571,0
136233,1
58449,1
6708,0
52132,0
110295,0
93434,1
88714,0
71223,0
119730,0
83231,0
138539,0
10055,0
119718,0
26403,0
98237,0
14938,0
50873,0
109738,0
45963,0
123744,1
78826,0
103484,0
120276,0
106093,0
122325,1
129438,0
19857,0
13666,0
26973,0
16950,0
430,0
121223,0
138428,1
57190,0
69964,0
27937,0
131546,0
102483,1
138688,0
29513,0
135200,1
94307,0
49098,0
51211,0
98416,0
17787,0
85499,0
88716,0
81826,0
97791,1
93504,0
58980,1
60476,0
37775,0
50130,0
138760,0
21339,0
27438,0
45415,0
48065,0
77840,0
92801,0
85123,0
112458,0
101437,1
14033,1
28516,0
44706,0
109076,1
67498,0
5210,0
29175,0
119313,0
23203,0
6565,0
19152,0
32977,0
25063,0
15918,0
55291,0
52917,0
30533,0
32989,1
783,0
34507,0
54418,0
48551,0
126728,0
48303,0
29199,0
27560,1
38198,0
114465,0
35843,0
110155,1
57514,0
65223,0
104313,0
110997,0
129869,0
137383,0
54249,0
5044,0
85442,0
134650,0
51663,0
94630,1
136508,0
21236,1
54124,0
36641,0
82788,0
108281,0
44659,0
133346,0
6023,0
13037,0
119954,0
65699,0
103014,0
83696,0
111495,0
135132,0
29000,1
34066,0
102971,0
69704,0
108308,0
92678,0
89942,0
132800,1
42054,0
101351,0
59908,0
34187,0
126325,0
63238,0
72926,0
103940,0
78054,0
22312,0
49001,0
99609,0
64899,0
88571,1
74449,0
88189,0
83343,0
114195,0
108781,0
10257,0
58356,0
33937,0
51365,0
48176,0
89075,0
51139,0
106931,1
56657,0
74794,0
110463,0
119227,1
105494,0
69965,1
98456,0
34227,0
60484,1
60852,0
118211,0
100534,0
29577,0
32738,0
10976,0
71524,0
136022,1
110763,0
43984,0
88999,0
57616,1
137394,1
37578,1
60778,1
114435,0
20193,0
71784,0
133956,0
43441,0
34668,1
103072,0
120917,1
85981,1
47754,0
101880,1
7400,0
130306,0
113994,0
24706,0
21410,0
72673,0
31897,1
111668,0
49270,0
99406,0
124249,0
126863,0
102711,0
128035,0
19087,0
17915,0
3576,0
43562,0
117726,0
27940,0
137203,0
64834,0
83576,0
35359,1
17865,0
43510,0
131693,1
116023,0
106196,0
104193,0
120188,0
17874,0
2187,0
43116,0
114382,0
10253,0
19179,0
129799,0
15310,1
113325,0
89420,0
13412,0
84767,0
127841,0
82806,0
44243,0
135637,0
15987,0
70425,1
119966,0
106679,0
33382,0
137313,0
140055,0
73122,0
6815,0
80541,0
4329,0
107395,1
76295,0
115141,0
93014,0
48586,0
132054,0
14199,0
16602,0
55883,0
95181,1
119651,0
34016,0
62816,1
22966,1
99931,0
122795,1
59467,0
79731,0
17253,0
28309,0
3522,1
76008,0
64059,0
130484,0
90928,1
114947,0
117797,0
46555,0
20861,0
502,0
71600,0
49233,1
119164,0
133080,0
24800,1
123569,0
3812,0
60292,0
11401,0
99401,0
107740,0
61991,0
119196,1
7608,0
25318,0
34108,0
105898,0
35140,1
109840,0
117840,1
24155,0
119046,1
50307,0
56727,0
73490,0
82774,0
83535,0
31014,0
45954,0
120691,1
55948,1
134025,0
2897,0
62262,0
19927,0
75593,0
92953,1
116865,1
138223,0
51197,0
20018,1
70403,0
128883,1
48201,0
122229,0
96030,0
48906,0
93822,0
80170,1
112644,0
39588,0
21264,0
74983,0
77477,0
76844,0
84966,0
47955,0
122791,0
75108,1
40584,0
19863,0
26616,0
70488,0
138706,1
57983,0
57868,0
91015,0
49445,0
121378,0
111700,0
139567,0
107354,0
51641,0
122115,0
135663,0
111143,0
128294,0
24764,0
80420,0
30667,0
121499,0
10471,0
23632,0
39987,0
6143,1
102575,0
39985,0
81908,0
33211,0
13014,0
5970,0
76168,0
37890,0
91678,1
114075,0
84452,0
113096,0
92697,0
15961,1
134303,0
90138,0
32318,0
134449,0
80814,0
1365,0
15411,0
31931,0
85696,1
22669,0
18778,0
113574,0
76803,0
39170,0
31652,0
55895,0
95797,0
13199,0
42142,0
66877,0
79689,1
76280,0
13093,0
63827,1
42656,0
52116,0
129674,1
7988,0
70546,0
19497,0
84921,0
90084,0
102779,0
32541,0
105080,0
73333,0
14342,0
14352,0
12177,1
80949,0
80223,0
128494,0
25654,0
72146,0
29226,0
95400,0
135890,0
58360,0
37328,1
32254,1
8803,0
117084,0
39829,0
24694,1
124200,1
57259,0
81297,0
115318,0
111987,0
85680,0
18583,0
36162,0
34501,0
45972,0
88888,0
10910,0
72918,0
71254,0
122499,0
78925,0
28660,0
134543,0
43875,0
132250,0
118202,0
126437,1
126296,1
93868,1
131113,0
91060,0
5481,0
105224,0
106019,0
71953,0
86336,0
138599,0
23002,0
53032,0
113599,0
119910,0
32975,0
59798,0
113167,1
38875,0
46649,0
73468,0
94706,0
32851,1
49379,0
1330,0
113278,0
118031,0
20826,0
64678,0
11428,0
95515,0
70278,1
75703,0
131999,0
37880,0
13449,0
40092,0
39704,0
49874,1
42982,0
9989,0
32598,0
122258,0
65396,0
51011,0
37295,0
120331,0
111014,0
62389,1
93199,0
100152,1
113629,0
108072,1
13978,0
81782,0
132604,0
81070,0
90809,0
26824,0
111034,0
137132,0
50869,0
84104,0
87020,1
30394,0
95918,0
133789,0
69910,0
12407,0
36140,0
95484,0
133505,0
18032,1
35343,1
86526,0
65563,0
90766,0
42382,0
104335,0
1797,0
100718,1
13554,1
100556,0
138486,0
73212,0
30268,0
95970,0
101543,1
110145,0
126084,0
40258,0
102651,0
14052,0
118485,0
16796,0
112994,0
65106,0
85467,1
23023,0
27384,0
24230,0
114751,0
114297,0
102617,0
35061,1
11490,0
73562,1
57393,0
134962,0
4744,0
134548,0
30424,0
14947,0
107048,0
120901,0
118003,0
49277,1
40518,0
48796,0
13802,1
60110,0
66334,0
127452,0
23021,1
12437,0
59559,0
32695,1
48297,0
54129,0
134430,0
131894,0
16035,0
100234,1
6155,0
65723,0
23717,0
48808,0
41680,0
134363,0
101807,0
63236,0
134987,1
53526,0
137514,0
137856,0
74302,0
83584,1
136269,0
113503,0
44884,0
104492,0
31446,0
67135,0
99786,0
116855,0
97795,1
16224,1
51442,0
110011,0
87358,0
79808,0
75364,0
15003,0
99785,0
75830,1
132622,0
16957,0
79471,0
118737,0
55369,0
55643,0
81713,0
71158,0
19544,0
24615,0
56870,0
21,0
82592,0
91294,0
20304,1
124449,0
7508,0
98613,0
124596,1
26589,0
128214,0
86556,0
16105,0
44491,0
76199,0
71574,0
13516,0
26606,0
5413,0
93918,0
38176,0
92898,0
122798,0
24460,0
19079,0
16757,0
60061,0
10305,0
60025,0
107380,1
79085,0
77217,0
72765,0
49468,0
79118,0
95799,0
87859,0
74972,0
61236,0
94300,0
91729,0
53795,0
133754,0
37930,0
122480,0
63897,0
19341,1
133838,0
97501,1
123566,1
100867,0
133457,0
82569,0
105005,0
43423,0
47725,0
58129,0
72213,0
78338,0
70846,0
62543,0
116222,0
12624,0
4425,0
16908,0
97563,0
131858,0
98375,0
3010,0
134113,0
118248,1
125102,1
102902,0
119788,0
86315,0
33949,0
4198,0
7628,0
56341,0
137934,1
134533,0
80595,1
126486,1
12994,0
65907,0
75862,0
130207,0
74945,1
27607,0
16005,0
3472,0
131124,0
26730,0
132049,1
85551,0
20253,1
57089,0
7577,0
12862,0
86098,0
44033,0
48528,1
58833,0
104812,0
78733,0
54305,0
88584,0
99145,0
123429,0
55931,0
80994,0
53161,1
85716,0
5611,0
120085,0
134110,0
48853,0
7558,0
139524,0
54845,0
52660,0
40155,0
65429,0
119886,0
55453,0
91373,0
68186,1
140267,0
70508,0
64878,0
52704,0
79267,0
88938,0
114898,0
26883,0
126882,0
137227,0
129021,0
38531,1
83174,1
12982,0
11566,0
15695,0
83797,1
136106,0
104691,0
73387,0
116957,0
115194,0
16818,0
137924,1
17713,0
23631,0
19474,1
37225,0
21389,0
106276,0
13210,0
97041,1
25887,0
37771,0
3748,0
122300,0
91045,0
116628,0
95608,0
89945,0
97741,0
59341,0
136442,0
52153,1
119464,0
91633,0
1470,0
140009,0
81449,0
62942,0
80025,0
45732,0
17391,0
55127,0
74666,0
80776,0
131151,0
19178,0
11895,1
81089,0
128281,0
99433,0
19942,0
9211,1
43003,0
136054,0
20601,0
126122,0
121985,0
92427,1
34787,0
104359,0
40159,0
109210,0
95997,0
43027,0
132803,0
14541,0
41928,1
75122,0
97444,1
76601,0
125970,0
132031,1
45369,0
98564,0
15202,1
55690,0
85546,0
112266,0
71327,1
124076,0
15010,0
74968,0
139299,1
60975,0
26153,0
115057,0
11164,0
77527,0
87003,0
27216,0
110118,0
55373,0
38376,0
110048,0
139380,0
88971,0
68320,1
19565,0
20847,0
95968,0
67827,0
140440,0
89689,0
84206,0
100782,0
131095,0
135547,1
136943,0
41179,0
125179,0
99582,0
114321,0
2126,0
88442,0
15619,0
16260,1
114034,0
18232,0
112765,0
27668,0
89421,0
91679,0
74276,0
88472,1
9865,0
112766,1
4606,0
47498,0
122323,0
51507,0
130251,0
56725,0
124127,0
107295,0
2156,0
128575,0
67978,0
82537,0
22445,1
69167,0
36016,0
4993,1
11215,0
86287,0
72613,0
49995,0
101233,0
30644,0
17729,0
136793,1
4176,0
134180,0
107531,0
52941,1
105575,0
13260,0
33079,0
84045,0
117376,0
105773,1
114148,0
39145,0
40505,0
80365,1
7742,0
116938,0
100689,1
72549,0
135900,0
25893,0
44719,0
113354,0
90509,0
68724,0
5471,0
32514,0
27814,0
92572,0
40523,0
57699,1
14176,0
130879,1
65644,1
93921,0
63155,0
108377,0
35908,0
4163,0
103283,0
123121,0
41944,0
58462,0
46380,0
127005,0
59619,0
108166,0
84830,0
102948,0
111440,0
67580,1
88809,0
118068,0
42872,0
51924,0
117818,1
118805,0
83980,0
111982,0
99687,0
131420,1
63314,0
4107,0
89801,0
27407,1
1168,0
46859,0
102007,0
46659,0
9216,0
9675,0
75251,1
24226,0
82810,0
3117,0
99477,1
113690,0
63485,0
91720,0
124702,0
45739,0
68726,0
53603,0
90998,0
49427,0
69311,0
47943,0
138221,0
13514,0
37656,0
114595,0
47391,0
70046,0
74021,0
982,0
91212,0
130802,0
56635,1
5973,0
38541,0
30196,0
23874,0
45768,0
17965,0
123924,0
62750,0
88561,0
1908,0
59468,0
14848,0
99807,0
5907,1
37022,0
96127,0
31075,1
109957,0
129903,0
59482,1
126992,1
137130,0
115975,0
4736,0
24457,1
41656,0
24018,0
75754,1
82108,0
119744,0
26406,0
87380,0
113773,0
80910,0
28533,0
119244,0
73686,0
72263,0
110457,0
22503,0
16159,1
49558,1
96092,0
112862,0
136345,1
51490,0
35702,0
64674,1
88683,0
75140,0
120008,0
14702,0
135591,0
84500,0
129694,0
61672,0
13794,0
115477,0
80027,0
112373,0
14485,0
30851,1
26712,0
57958,1
71462,1
110110,0
67964,0
57094,1
2716,0
120982,0
49795,0
74504,0
68072,0
22946,0
84088,0
27879,0
13818,0
119803,0
118497,0
32451,1
48646,0
121438,0
132709,0
123465,0
54059,0
59175,0
3499,0
113420,0
139243,0
138338,0
92037,0
37122,0
26738,0
97556,0
34772,1
52755,0
64010,0
94271,0
5534,0
38539,0
125903,0
43883,0
116500,0
87329,0
32841,0
19528,0
89053,0
95272,0
30230,0
27563,0
93621,0
32047,1
39861,0
65935,0
123137,1
35644,0
46851,0
51191,0
28705,0
100182,0
96551,0
24118,0
100623,0
125857,1
94145,0
49767,0
109532,0
64634,0
39956,1
45101,0
52108,0
55332,0
48130,0
79423,0
20704,0
26415,1
72108,0
103414,0
26590,0
2971,0
57100,0
47020,1
109600,0
89184,0
25335,0
93157,0
64506,0
82762,1
20671,0
92199,0
81685,0
29308,0
86712,0
96804,0
70843,0
128447,0
25717,0
137291,0
46679,0
12056,0
15908,0
93446,0
121492,0
23250,0
112012,0
116835,0
89549,0
37387,0
86635,0
12207,0
25249,0
120123,0
44951,0
17512,0
1542,0
112056,0
33666,0
135164,0
131502,0
44885,1
76312,1
127132,0
132186,0
27841,0
134929,1
12067,0
55230,0
40392,0
134039,0
3801,1
60761,1
46983,0
94879,1
51869,0
85593,0
80966,0
20668,0
95852,0
27916,0
81177,1
119490,0
54573,0
103029,0
73844,1
94403,0
129246,0
107244,1
51703,0
2970,1
80754,0
34957,0
126535,0
119549,0
43643,0
49321,0
32732,0
62988,0
134489,0
92582,0
7301,0
9764,0
9201,0
120872,0
45861,1
106428,0
95476,0
51903,0
35732,0
50303,0
130756,0
39876,0
77138,0
105827,0
10124,0
15647,0
54131,0
15515,0
106768,0
35741,1
46326,1
45404,0
21956,0
50333,0
5804,0
40337,0
139132,0
127950,0
36199,0
115343,0
19819,0
80117,0
120002,0
1887,0
42207,0
117392,1
40520,0
116847,0
34793,0
106842,0
100915,0
135955,0
126956,0
13621,0
47246,0
11193,0
95151,0
93015,0
68315,0
26334,1
1359,0
79893,0
45065,0
113032,0
43650,0
32894,0
134296,1
31521,0
67149,0
125000,0
124610,0
109799,1
106402,0
27900,0
30823,0
107893,0
136436,1
123422,0
54589,0
111538,0
63595,1
101480,0
58041,0
57723,1
62859,0
39227,0
111190,0
78504,1
95383,0
30661,0
60599,0
34889,1
14236,0
123995,0
66482,1
22575,0
118764,0
74811,0
132002,0
27858,0
31026,1
138446,1
28866,0
135332,0
65914,0
7525,1
122433,0
51634,0
112907,0
106352,0
75781,0
18599,0
108081,0
47250,0
22524,1
113176,1
5222,0
82122,0
14480,0
85694,0
118385,0
132906,0
114848,0
91351,0
41202,0
1278,0
55841,0
114443,0
23975,0
118522,0
80729,0
16709,0
79828,0
21154,0
118259,0
108994,0
3569,0
126350,0
27762,1
8214,0
92345,0
86079,0
12913,1
225,0
41596,0
115425,0
29482,0
133209,0
44054,0
24794,0
132392,0
82157,0
82743,0
52241,0
55062,0
89951,0
84227,1
49336,0
85482,0
91419,0
103967,0
103181,0
99473,0
119127,0
89477,0
57876,0
132310,0
86432,0
67735,0
4924,0
121008,0
37544,0
35519,1
103250,0
29928,1
109132,0
18739,1
135115,0
60493,0
49190,0
74467,0
54833,0
139030,0
114844,0
50300,0
33895,0
66281,0
18610,0
34808,0
110661,0
74399,1
66002,0
31531,1
133328,0
12909,0
24587,1
31596,0
15256,0
125638,0
64487,0
36083,1
51103,0
11589,0
140161,1
100761,0
74472,0
85103,0
122292,0
16758,0
113214,0
60472,0
97493,0
40932,0
5786,1
50079,0
3476,0
10178,1
74803,0
97995,0
6265,0
83021,0
77393,0
50642,0
80766,1
135086,0
62417,0
111819,0
131168,1
79727,0
71516,0
50073,0
41553,0
46333,0
11888,0
26627,0
90301,0
2929,0
18035,0
34052,0
12876,0
97079,0
70712,0
114879,1
134882,0
45096,0
44335,0
87389,0
19393,0
133982,0
343,1
22143,1
131551,0
59905,0
64851,0
96681,0
49722,0
12137,0
121642,0
79924,0
58740,0
78628,0
40161,0
14575,0
36511,0
124642,0
129678,0
102985,0
59717,0
18150,0
22691,0
97275,0
78032,0
50510,0
19231,0
40271,0
80706,0
91866,0
41958,0
120521,0
125641,0
38116,0
49346,0
5279,0
53262,0
23031,1
106086,0
52432,0
123857,0
23794,0
82363,0
71465,0
118940,0
39366,0
7350,0
29721,0
82824,0
102019,0
110908,0
34188,0
55728,0
24308,0
56425,0
109443,0
123780,1
29375,0
28035,0
86613,0
72696,0
106406,0
119753,0
80894,0
127433,0
125298,0
113388,1
63241,0
88012,1
117666,0
47848,0
44050,0
123355,0
85606,0
137983,1
86427,1
41302,0
130862,1
138635,1
53338,0
87344,0
4204,0
34435,1
47624,0
125493,0
74742,0
127178,0
139362,0
79090,0
114415,1
7023,0
132399,0
108397,0
29359,0
42802,1
119379,0
10907,0
78143,0
121700,0
73252,0
28499,0
9886,0
129201,0
36319,0
47690,0
61074,1
73631,0
58177,0
55979,0
47703,0
120685,0
1777,0
17232,0
60100,0
27201,0
45998,1
25241,0
95698,1
19773,0
80651,0
98587,0
88164,0
58770,0
103276,0
6867,0
134894,0
70939,0
94725,0
21452,0
50037,0
110345,1
21926,0
124000,1
37086,0
120308,0
15052,0
36873,0
43088,1
17189,0
1107,0
108658,0
10811,0
50535,0
15690,0
91983,1
6009,0
8102,0
77224,0
106499,0
133587,1
123717,0
23044,0
101679,0
113694,0
138888,0
124522,0
116857,1
91021,0
132429,0
121202,0
30118,0
111722,0
36735,0
53415,0
35148,0
103965,0
35970,0
135376,0
31515,0
40612,0
122013,0
100232,0
61111,0
126001,0
135313,0
7022,0
29956,0
267,0
64923,0
78812,0
48422,0
98654,0
5111,0
44417,1
88851,0
55954,0
57469,0
91543,0
61426,1
15954,0
5993,0
7840,0
20140,0
26332,0
111853,1
10653,0
79753,1
82658,1
98317,0
70470,1
80023,0
132080,0
97016,0
15601,0
26972,0
126259,0
51440,0
56805,0
56106,0
1085,0
16185,0
101357,0
47310,1
19941,0
76975,1
46798,0
140194,0
95567,0
117018,0
130965,1
112826,0
39506,0
18886,0
101986,0
80741,0
94000,0
75541,0
90444,1
129163,0
137583,0
32345,0
51615,0
32616,0
67777,0
106765,1
114811,0
113878,0
72154,0
98664,0
7722,1
13295,0
66427,0
130294,0
121609,0
30985,0
18352,0
41395,0
118400,0
86944,0
12274,0
85041,0
84920,1
12440,0
28823,0
4427,0
69229,0
107824,1
31661,0
99824,0
44371,0
106511,1
36876,0
63601,1
99981,0
39316,0
127514,0
85571,1
108911,0
45395,0
75081,0
72987,0
1244,0
25766,1
49019,0
66467,1
107262,0
93086,0
135914,0
6120,0
90594,1
54369,0
18431,1
84414,0
51545,0
95590,0
11107,1
18243,0
25755,0
80902,0
89616,1
85145,0
48423,0
2228,0
32920,0
17568,0
19598,1
111959,0
65798,0
140167,1
128020,0
5095,0
38213,0
118448,0
72810,0
114418,0
116745,0
28250,0
112918,0
94282,0
118806,1
124670,0
114713,0
97053,0
121212,0
31748,0
67029,0
94930,0
118371,0
86096,0
98167,0
135619,0
68791,0
65804,0
6633,1
134420,0
2508,0
57155,0
46453,0
84557,0
47723,0
86132,0
40741,0
139217,0
56413,0
46214,0
82048,0
79520,0
2586,0
7626,0
53950,0
114803,1
31066,0
16915,0
63615,0
31553,0
34765,0
75529,0
136496,0
96686,0
110786,0
67190,0
64656,1
243,0
53424,0
73737,0
86372,0
1537,0
74526,0
136259,0
54498,0
138876,0
21551,0
103799,0
108292,0
121106,0
42063,0
134098,0
46297,1
79963,1
14665,0
31945,0
52912,0
14771,0
55534,0
25251,0
118091,0
30081,0
111269,0
52480,0
69575,1
101031,0
14546,0
33965,1
127564,0
48135,0
47177,0
8310,0
43253,0
90169,0
51364,0
51401,0
127992,0
53625,0
32749,1
40979,0
119674,0
121122,0
34018,1
40660,0
59829,0
2877,1
104124,0
23052,0
58353,1
70927,0
87258,0
75190,0
68,0
54291,0
73044,0
68347,0
74312,0
127111,0
130186,0
30494,1
2725,0
116318,0
49256,1
63060,0
138544,1
20635,0
123309,1
126198,0
80507,0
128252,0
91457,0
102344,0
579,0
22286,1
132806,0
1421,0
64022,1
31502,0
106151,1
29964,0
40490,0
36182,1
42945,0
68890,0
40806,0
49407,0
127547,0
12785,0
24105,0
114357,0
126116,0
133219,0
17434,0
127009,0
5246,0
52580,0
43433,0
129748,0
20085,0
58453,1
95161,1
130406,0
123711,0
51456,0
8777,0
10405,0
38105,1
87432,0
14016,1
45446,0
69355,1
57693,0
43131,0
74245,0
103514,0
52695,0
94320,0
80338,0
29790,0
6008,0
62820,0
55959,1
135807,0
100840,0
93449,1
58431,0
37045,1
29332,0
93880,0
101539,0
82094,1
20296,0
81700,0
132291,0
20260,0
22477,0
63132,0
10201,0
118178,1
13912,0
58906,1
55059,0
51870,1
75075,0
121062,0
107379,1
10218,0
81235,1
5750,0
115866,0
113782,0
26289,0
54069,0
3129,0
94647,1
3030,0
31344,0
122314,0
67224,0
117108,0
10547,0
28261,1
52345,0
93118,0
100178,0
43090,0
51281,1
117992,0
30911,0
36001,0
138682,0
42222,1
105748,0
49755,0
32937,0
116423,0
112453,0
88041,0
107269,0
12367,0
57150,0
28129,0
126784,1
18574,0
15856,1
27723,0
8934,0
101185,0
128721,0
74998,1
36460,0
129042,0
6195,0
26628,0
44809,0
47503,1
95940,1
112334,0
81421,0
126616,1
56598,0
133127,0
56892,0
119592,0
138316,0
44285,0
136143,0
99760,0
78843,0
91744,1
54848,1
94652,1
127446,0
66134,0
124950,0
96165,0
133653,0
92211,0
100407,0
33712,0
36243,0
89880,0
127711,0
41970,0
12260,0
44394,1
13600,0
26484,0
77436,0
92169,0
134994,0
75771,0
108779,0
86249,0
40582,0
53268,0
4535,1
58618,0
119877,1
95789,0
13731,0
10512,0
28844,0
9483,1
40912,0
25229,0
35449,0
81634,0
133104,0
111341,0
112608,0
46049,0
14137,0
106442,0
89621,0
27633,0
42026,0
55101,0
61790,1
2461,0
139278,0
5922,0
85372,0
41406,1
80392,0
135656,0
124876,0
71968,0
101946,0
98531,0
37100,0
115835,0
16422,0
93134,0
4036,0
80281,0
94031,0
118008,1
137838,1
105213,0
93847,0
69043,0
20998,0
21579,1
642,0
69507,0
35577,0
51697,0
16955,0
58063,0
71754,0
67451,0
64812,0
139652,0
51448,0
61589,0
27683,0
43069,0
123798,1
105926,1
68764,0
49957,0
20661,1
6319,0
7474,0
27744,1
52262,0
22425,1
133108,0
78667,1
100734,0
15235,0
94389,0
89180,1
61409,0
86025,0
81432,1
85589,0
121095,0
42158,0
138164,0
56571,0
73756,0
80270,1
108558,0
46187,0
75718,0
75055,0
101738,0
119370,1
17117,0
126739,0
41042,1
26237,0
119307,0
85288,0
71407,0
26306,0
81381,0
131310,0
36663,0
112749,1
106994,0
33132,1
3994,0
106749,0
76572,0
39251,0
64144,1
69137,0
37068,1
44893,0
73105,0
97946,0
88910,0
51669,0
12035,1
16662,0
68766,0
115536,1
113255,0
99942,1
50347,0
137695,0
25399,0
54850,0
43150,0
124582,1
18881,1
97599,0
115306,0
6607,0
96629,0
72831,1
105674,0
11527,1
20243,0
97539,0
107604,0
69652,0
71060,1
90899,0
125633,0
106639,0
85042,0
128894,0
66792,0
102953,1
56027,0
107728,0
57577,1
52937,0
52014,0
18835,0
125154,0
93153,0
38079,0
55171,0
25876,0
133640,0
57309,0
117851,1
26652,0
103110,1
38998,0
94754,0
121135,0
74819,0
16981,0
68652,1
96616,0
86177,0
75695,0
47959,1
136361,1
76652,0
128014,0
128730,0
139175,1
7944,0
104457,0
121473,0
70179,0
79541,0
103766,0
131106,0
98362,0
96762,0
30583,0
848,0
55471,0
50732,0
94771,0
124279,1
4505,0
133852,0
66398,1
128012,0
12589,1
28665,0
35709,0
69490,0
56135,0
27889,0
35573,0
82817,1
117217,0
75068,0
39047,0
20983,0
133058,0
11600,0
128828,0
107858,0
133750,0
103107,0
62477,0
83697,0
19140,0
23214,0
84527,0
24248,0
39993,0
70437,0
79181,0
138024,0
24938,0
63523,0
37301,0
18854,0
38818,1
128602,0
60710,0
79894,0
5649,0
95158,0
138456,0
88751,0
10030,0
45320,1
26864,0
124489,0
118751,0
100480,0
79170,0
86080,0
72407,0
84919,0
29574,0
65573,0
94934,0
122905,0
139786,0
45460,0
121832,0
133987,0
63730,0
132210,0
25589,0
80650,0
91166,0
104036,0
36989,0
121186,0
9785,0
125224,0
94825,0
37055,0
3058,1
12781,0
18836,1
60771,0
34089,1
135359,0
62290,0
13079,0
72893,0
17192,0
134246,0
36320,0
62900,0
103215,0
21249,0
50824,0
115535,0
95352,0
128617,0
114729,0
113160,0
15399,0
138861,0
49639,0
85196,0
131123,0
91270,1
112822,0
127445,0
133113,0
43560,1
15400,0
14474,0
32304,1
106361,1
48523,0
29505,0
136113,1
22948,0
3216,0
19319,0
63195,0
140433,0
125788,0
128298,1
104389,0
23176,0
122120,0
106926,0
3242,0
111285,0
42650,0
119190,0
129088,0
79945,0
57953,1
25103,0
94163,0
114797,0
74071,0
118164,0
116740,0
63385,0
20219,0
37456,0
23826,1
103418,0
33993,0
98420,0
81785,0
12745,0
52979,0
37975,0
135053,0
64747,0
2031,0
37649,0
24008,0
102452,0
126496,0
82712,1
3379,0
33016,0
95459,0
132679,0
126887,0
108365,0
126333,0
109790,0
70315,0
73351,1
35153,0
68620,1
119247,0
36946,1
19843,0
125011,0
20835,1
67656,0
18541,0
63417,0
124441,0
126977,0
44381,0
105840,1
101133,1
31903,0
119234,0
129992,0
108362,0
68261,1
64197,0
126006,0
38904,0
57307,0
93846,0
50982,0
42173,0
102784,0
85970,0
105064,0
9433,0
30007,0
52934,0
2957,0
32166,0
2994,0
38692,0
13186,0
96219,0
65218,0
55407,0
84866,0
739,0
95505,0
129953,0
74137,0
28099,0
12300,1
117293,0
73750,0
49097,0
14087,0
111189,1
137056,0
23068,1
136080,0
40079,0
62793,0
24982,0
125264,0
33334,0
88508,0
106741,0
13795,0
98041,0
13952,1
135674,0
136024,0
75571,0
94187,0
71137,1
97589,0
11499,1
12211,1
39408,0
34508,0
48247,0
11306,1
115658,0
25147,0
104460,0
48668,0
46222,0
43531,0
26693,0
41309,0
64750,0
100595,0
32226,0
76845,0
40317,0
53420,0
87112,0
100697,0
45056,0
96829,1
129956,1
27046,1
16927,0
68793,0
36480,0
7332,0
75069,0
66990,1
9724,0
127625,0
123308,0
67574,1
24757,0
85153,0
65718,0
2764,0
17054,0
29596,0
30846,0
5467,0
42836,0
103060,0
124628,0
133874,0
35578,0
93610,0
86923,0
113682,1
13320,0
17572,0
2746,0
33790,1
133909,0
43369,0
29887,0
75208,1
127825,0
91453,0
30248,1
92053,0
61687,0
102937,1
10625,1
134653,0
75382,0
51256,0
100215,1
139216,0
124743,0
134342,0
139233,0
60457,0
76526,0
120908,0
106476,0
23582,0
77576,0
20256,0
120636,0
37015,0
120399,0
130562,0
95755,0
72190,0
58813,0
120505,0
74140,0
33747,0
103961,0
67914,1
124896,1
60349,0
51840,1
133802,0
45276,0
100712,0
29929,0
4933,0
104040,0
82571,0
22339,0
38028,0
78110,0
71151,0
92257,0
70397,0
98853,0
89478,0
121665,0
6454,0
100387,0
13311,0
14759,0
28892,0
37738,0
31907,1
25591,0
50603,0
21646,1
54227,1
75661,0
81751,1
138720,0
99795,0
35646,0
97943,0
6258,0
51693,1
96199,0
89923,0
79478,1
50293,1
15497,1
9299,1
1137,0
70820,0
21516,0
43164,0
11198,0
38815,1
103899,0
37935,0
36349,0
28704,1
86530,0
85568,0
19965,0
7236,0
114946,0
32447,0
132468,0
27187,0
99449,1
51762,0
50908,0
119957,0
120642,0
102961,1
117990,0
36932,0
24337,0
112778,1
131653,0
49737,0
109586,1
136203,0
47620,0
14613,0
34343,0
118024,0
140341,0
139358,0
32438,0
84325,0
61447,0
109975,0
17919,0
71894,1
42342,0
95524,0
65548,0
119442,1
102755,1
62171,0
3835,0
85166,0
120969,0
13949,1
28825,0
34163,0
115982,0
25724,1
88242,0
84715,0
11278,0
66236,0
98200,0
87395,0
122540,0
98038,0
115891,0
114043,0
114772,0
67172,0
118848,0
36566,0
39804,0
25600,0
130160,0
46703,0
82826,0
75409,0
99107,0
69257,0
60441,0
45111,0
130824,1
33051,0
80674,0
51242,0
69533,0
87102,0
97647,0
28698,0
17767,0
12286,0
45897,0
88037,0
82036,0
113124,1
34910,1
105872,0
91875,0
16900,1
55360,0
83960,0
52706,1
93294,0
62878,0
126619,0
129977,1
88667,0
875,0
77184,0
94189,0
117735,0
27990,1
70617,0
104766,0
66714,0
57342,0
95967,0
36838,0
20371,1
118903,0
48859,0
12563,0
91792,0
127839,0
7794,0
115243,1
140154,0
76689,1
132831,0
77920,0
129122,0
5241,0
109327,0
94021,0
105952,0
24350,0
32008,0
75328,0
27109,0
118669,0
134557,0
20515,0
60153,0
57802,0
4841,0
74631,0
56521,0
66235,0
45581,0
136839,0
74407,0
120645,1
2501,0
45156,0
46483,0
95092,1
34182,0
100154,0
55945,0
118286,0
86385,1
115284,0
135181,0
82474,0
47034,0
49264,0
75901,1
52984,0
59758,1
139729,0
65174,0
110738,1
123254,0
81183,0
5042,0
1512,0
119471,0
72233,0
64466,0
67468,0
37368,0
4066,0
136595,0
124014,0
90136,0
111245,0
21485,0
80209,0
68246,0
54109,1
102762,0
117579,0
28481,0
51219,1
96853,0
16629,0
16879,0
41512,0
7180,1
68798,0
29396,0
62772,0
137664,0
61223,0
85581,1
70826,0
119843,0
11084,0
127507,0
17547,0
61210,0
64937,1
103803,1
50518,0
47745,0
74635,0
126034,0
33324,1
6340,0
111691,0
98010,1
124558,1
42755,0
108188,0
116469,1
24055,0
130939,0
60387,1
71404,0
69431,1
6792,0
50063,0
23581,0
79122,1
34206,0
95768,0
72701,0
57028,0
51686,0
19879,0
60083,0
17771,0
138440,0
117126,0
98772,0
71667,0
56480,0
51041,0
82184,0
93208,0
121896,0
83937,0
4951,0
28630,0
122682,0
25471,0
47528,0
83899,0
132229,1
30121,0
59953,0
72476,0
43285,0
107131,0
126302,0
62905,0
11188,0
73253,1
73134,0
126814,0
73181,0
117832,0
110749,0
49068,0
1895,0
63364,0
22325,0
26897,1
127046,0
85090,0
88481,0
37383,0
57861,0
112150,0
19036,0
20022,0
12849,1
19104,0
15627,0
119451,1
67550,1
47033,1
107310,0
25036,0
190,0
95989,0
82733,0
42793,0
58170,1
55950,0
89023,0
116180,1
5233,0
63068,0
102440,1
57697,0
66592,0
35316,0
40858,0
130949,0
11496,0
138396,0
40280,0
133843,1
116501,0
65207,0
85498,0
88335,0
124814,0
120747,0
53984,0
57343,0
67720,1
3880,0
58355,0
125998,0
106412,0
89453,0
100464,0
11820,0
88502,0
92937,0
26038,0
115432,0
110128,0
138905,0
49286,0
107232,0
121160,0
38831,0
60860,0
944,0
25105,0
134610,0
90037,0
70869,0
140216,0
94504,0
25435,0
88169,0
97979,0
31399,0
111306,0
32982,0
57129,0
138556,0
126189,0
17304,0
25762,0
43305,1
134292,0
120996,0
73354,0
131766,0
25651,1
23708,1
96593,1
76279,1
14589,0
34530,0
104804,0
94173,1
111550,0
93721,0
124405,0
102408,0
20391,0
82808,0
63881,0
39044,0
30364,0
45232,0
10018,0
120604,1
66354,0
106105,0
12774,0
72951,1
52938,0
114049,0
85591,0
36707,0
11340,0
16869,0
65118,0
94156,1
67010,0
43057,0
102179,0
96990,0
123507,0
96627,0
50044,0
70295,0
42005,0
140116,0
116705,0
66401,1
94283,0
89413,0
51735,0
17749,0
33402,0
56905,0
69510,0
32848,0
77929,0
3369,0
11440,0
2109,0
119805,1
75951,0
58585,0
50495,1
120184,1
11750,0
45975,0
89617,0
132176,0
799,0
91721,0
130398,0
100045,0
86925,0
126573,0
119364,0
15388,0
60658,0
68310,0
135571,0
139048,1
49099,0
64833,0
24504,0
136408,1
48501,0
137651,0
128629,1
25504,0
131486,0
63204,0
132064,0
8541,0
82595,0
45187,0
58135,1
36440,0
100330,0
70063,0
81936,0
58118,0
38328,1
76986,0
7413,1
30274,0
124605,0
39850,0
5998,1
138328,0
39732,0
137157,0
86660,0
134019,1
61662,0
22168,0
68566,0
65731,1
46403,0
128885,0
53953,0
125620,0
99914,0
54590,1
42927,0
129930,0
81198,0
29718,0
46388,1
33099,1
32367,0
37817,0
60970,0
65263,0
29055,0
23687,0
139459,0
100244,0
39353,1
81574,0
34339,1
19161,0
98160,0
84306,1
94709,0
43993,0
20207,0
68210,0
81106,0
133824,0
132286,0
118034,0
92903,0
45066,0
7407,0
106728,0
125292,0
113113,1
107473,0
66230,1
42441,0
97528,0
56244,0
64032,0
81174,0
79907,0
48644,0
94461,0
67602,1
14677,0
24555,0
94627,0
73309,0
9528,1
110553,0
103308,0
107432,0
45125,0
83652,0
79667,1
124829,0
51976,0
7593,0
120688,0
74778,1
49921,0
85151,1
27861,0
15658,0
59403,0
116779,0
78514,0
45784,0
80917,1
14481,0
92152,0
102693,0
110929,0
57353,0
82741,1
30917,1
71770,0
91259,0
84287,0
61842,0
106774,0
18217,1
109907,0
102785,0
125403,0
51760,0
29521,0
128800,0
87322,0
132106,0
7924,0
94147,0
69035,0
133124,0
111246,0
98561,0
6158,0
11348,1
9383,1
47084,0
17782,1
77314,0
77846,0
30641,0
40494,0
3755,1
80247,0
47147,0
122602,0
4921,1
134034,0
5578,0
95525,0
44575,1
91666,0
104537,0
7891,0
136743,0
93795,0
639,0
114823,0
7942,0
68200,0
123488,0
136400,1
53367,0
30822,0
111672,0
71831,0
47257,0
74420,0
70364,0
98177,0
60454,0
83567,0
134483,0
134974,1
115845,0
138986,0
9427,0
23434,0
67457,0
45051,0
49976,0
12485,1
57801,0
64681,0
97958,1
48314,0
100731,0
88349,0
123092,0
116016,1
57222,1
67871,0
69828,0
49742,0
1949,0
852,1
72609,0
48453,1
27983,0
35967,1
122096,0
20015,0
92407,0
1644,0
129138,0
54088,0
127324,0
64133,0
74869,0
132085,0
22940,0
56565,0
34662,0
71922,0
31084,0
60450,0
138798,0
20373,0
113332,0
89762,0
50497,0
87444,0
3004,0
16731,0
31570,0
48656,0
28462,1
133235,1
16201,0
76179,1
23707,0
97108,0
16183,0
71430,0
60723,1
52753,0
36057,0
104176,0
111972,0
118153,0
45640,0
39967,0
127095,0
22944,0
96224,0
2519,0
13876,0
105685,1
49191,0
36627,0
74676,0
108920,0
52031,0
105105,0
126162,0
56054,0
112240,0
66700,0
71599,1
124629,0
89196,0
86244,0
74022,1
70353,0
29522,0
77874,0
20201,0
57123,0
52182,0
63053,0
10860,0
20548,0
121087,1
74658,0
10193,0
138233,0
50198,0
83603,0
54084,0
87022,1
71936,0
8839,0
122716,0
119951,1
65215,0
22390,1
56456,0
56023,0
70876,0
110735,0
129368,0
48469,0
53682,1
63766,0
38614,0
43841,0
81748,1
29380,0
65962,0
84807,0
136629,1
39407,0
59400,0
12872,0
69583,0
84860,1
72681,0
77186,0
76040,1
6199,1
32036,0
30743,0
7518,0
75716,0
46148,1
59165,0
104064,0
88722,1
108167,0
71409,1
14115,1
51130,0
116433,0
6497,0
29260,0
28654,1
20354,0
35371,1
25666,0
115340,0
111359,0
43033,0
98272,0
7763,0
65672,0
83532,0
102021,0
35848,0
21354,0
16337,0
87946,1
96505,0
96258,0
88932,0
118462,1
104653,1
61278,1
57227,0
1090,0
10686,0
92630,0
50686,0
132956,0
138225,0
56907,1
81159,0
15713,0
43806,1
103564,0
138320,0
60156,1
14804,0
104120,1
63012,0
21757,0
22630,1
93111,1
106898,0
59194,0
72266,0
71477,0
124683,0
109729,0
70804,0
21711,0
101538,0
77798,0
71997,0
112801,0
27567,0
82374,0
39773,0
92899,0
41898,0
26867,0
35400,0
134366,0
87843,0
134509,0
135062,0
67177,0
114023,1
30956,1
90498,0
88395,0
108769,0
69877,0
111976,0
88599,0
80826,0
57090,1
47138,1
31091,0
62613,0
31843,0
3068,0
125085,0
38756,0
132475,0
38383,1
54685,0
107988,0
56435,0
44986,0
15630,1
81489,0
39805,0
106289,0
137812,0
16238,0
129273,0
121048,1
26815,0
97467,0
13107,0
79144,0
107983,0
16350,0
125036,1
65762,0
126797,0
79091,0
59235,0
102652,1
136426,0
112296,0
48563,0
56698,0
124785,0
56230,0
96678,1
9231,0
62744,0
24702,0
34813,0
72018,0
119191,0
65090,1
6963,1
4528,1
65054,0
233,0
87424,0
106080,0
35084,0
88676,0
103808,0
16762,0
74205,0
74292,0
85029,0
45336,1
18078,0
84707,0
44940,0
41887,0
73965,0
94118,1
127504,0
53949,0
87059,0
27997,0
25741,0
131784,0
88276,0
9965,0
1194,0
90808,1
51019,0
86326,0
13023,0
85083,0
76266,0
27904,0
45438,1
53034,0
49717,0
7139,0
65110,0
74904,0
109401,0
132504,0
41222,1
127409,0
61501,0
23992,0
103871,0
46211,0
97458,0
118270,0
133420,0
100593,0
109754,0
44032,0
104393,0
70057,0
137943,1
31022,0
116349,0
20212,0
87142,0
98801,0
134573,1
82862,0
118082,0
136481,0
107954,0
8943,0
91128,1
93481,0
139002,0
121504,0
46142,0
138513,0
29504,0
36172,0
80475,0
86364,0
61138,0
118108,0
90430,0
61244,0
95395,0
125216,1
129491,1
63589,0
38588,0
72056,0
56338,0
32088,0
25370,1
70019,0
123263,0
7313,0
1425,0
54256,0
128361,0
98275,0
17240,0
17023,0
48603,0
71222,1
71812,0
24257,0
59756,0
86935,0
134622,0
53777,0
70559,1
95692,0
65111,0
70418,0
131153,0
109193,0
35837,0
68892,0
35856,0
10373,0
43638,0
123599,0
100994,0
66161,0
28385,0
120462,0
96435,0
62656,0
47297,0
100227,1
28468,0
77086,0
139701,0
111511,0
53770,0
58310,0
67660,0
99114,0
110193,0
44848,0
40313,0
9046,0
11470,1
120091,1
129972,0
113370,0
4085,0
4144,0
93652,0
11506,0
125345,0
79048,0
105580,0
75090,0
52978,0
6308,0
130694,0
18675,0
4947,0
111129,0
101655,0
51235,0
6424,0
118549,0
126495,0
121503,0
116525,0
115640,1
140201,0
125504,1
139818,1
50239,0
81958,0
48623,1
30889,0
119009,0
13372,0
125824,1
133633,0
25107,0
53527,0
1789,0
13142,0
58299,0
53898,1
46582,0
113827,0
79417,0
95486,0
69527,0
46484,0
116491,1
134879,0
19639,0
99587,0
94913,0
96014,0
68452,0
28048,0
24073,1
23924,0
80990,0
90294,0
114422,0
32929,0
106489,0
110219,0
128085,0
52046,0
135466,0
100208,0
19206,0
1915,0
19636,0
29108,0
54019,0
37371,0
58492,0
95193,1
115074,0
70521,1
140013,0
41961,0
24412,0
18055,0
108441,0
135066,0
56693,1
104374,0
58045,0
19911,0
70923,0
107603,0
18721,0
67966,0
100696,0
65354,0
90262,1
70816,0
81068,0
124176,0
90556,1
2304,0
99888,0
45365,0
56032,0
43005,0
9861,0
41051,0
49363,0
71890,0
36683,0
4760,1
4930,0
66092,0
122015,0
54098,0
54387,0
86643,0
16563,0
59671,1
88132,0
106433,1
56045,0
1704,0
24052,0
49471,0
100900,0
133382,0
120568,1
94815,1
14937,1
46318,0
83852,1
15053,0
94132,0
62680,0
61811,0
123955,0
27082,0
109358,1
125500,0
114578,1
104728,0
69121,0
136344,0
7839,0
53561,0
41283,0
133971,0
29892,0
121783,0
23489,0
71576,0
98930,0
134521,0
140642,0
59706,0
85300,0
53786,0
23789,0
8505,0
53047,0
46055,0
6205,1
120501,0
118471,0
60232,0
11225,0
65537,0
24580,0
11846,1
84262,0
14994,1
61084,0
115919,0
44436,0
116908,0
10300,0
119955,0
62210,0
10057,0
137886,0
95345,0
91210,0
8438,1
127193,0
8970,0
90512,0
39200,0
96591,0
109744,0
4990,0
14857,1
25260,1
105358,0
40685,0
12029,0
107750,0
65333,0
134368,0
11246,0
95586,0
30427,0
91518,0
23654,0
59698,1
73247,1
73356,0
56040,0
98419,0
60976,0
127811,1
59139,0
122684,0
17890,1
22472,0
117071,0
99432,0
46860,0
38415,0
94500,0
16339,0
105481,0
3741,0
74009,1
834,0
69512,1
72769,1
106521,0
123130,0
98572,0
69854,0
6074,0
71842,1
66703,0
948,0
26600,0
132115,0
88129,0
7073,0
3284,0
137857,1
69524,0
105835,1
115617,0
110557,0
33786,0
38014,0
39199,0
58407,0
139604,0
62270,0
108421,0
18121,0
77563,0
9054,0
51121,0
75052,0
90348,0
121892,0
6559,0
37394,0
100385,0
93820,0
122105,0
133731,0
43868,0
126126,0
81874,0
104220,0
13708,1
51272,0
95461,0
50842,0
81317,1
87635,0
118035,0
61460,0
17574,0
84133,0
131686,0
8745,1
71707,0
116893,0
42747,0
101342,0
27906,0
57820,1
34240,0
45606,1
20036,0
40568,1
67466,0
139925,0
88904,0
4062,0
130340,1
33781,0
20439,0
61769,0
52799,1
9047,0
140140,0
58895,0
100448,0
45436,0
134254,1
57454,0
41604,0
104169,1
108001,0
85450,0
134152,0
111069,0
1423,0
33339,1
95402,0
87729,1
56958,0
96307,0
121392,0
114840,0
42271,0
12676,0
28145,0
90506,1
69888,0
14200,0
36872,1
81352,0
54653,1
68811,0
126270,0
89878,0
111602,0
72634,0
19363,0
6819,1
73091,0
93804,0
75817,0
81545,0
126746,0
18189,0
88595,0
117877,0
69489,0
139187,0
106946,0
43863,0
79965,0
9175,0
20150,0
56969,0
77475,0
128821,0
83130,0
25214,0
93367,0
66530,0
40433,0
45169,0
45978,1
23984,0
110055,0
133622,0
140549,0
22117,0
60265,0
108203,0
57730,0
55005,0
45468,0
37198,0
88652,0
128208,0
86773,0
12333,0
114610,1
38452,0
5988,1
71614,0
63762,1
81617,1
46092,0
33159,0
65489,0
48508,0
18661,0
50200,0
14353,0
97723,0
49883,0
83699,0
64641,0
64180,0
126413,0
7346,0
91467,0
111712,0
49933,0
26143,0
59674,1
98392,0
59182,0
52682,0
61135,0
103227,1
75809,0
15223,0
28535,0
97814,0
97293,0
124036,0
39712,0
136946,0
36855,0
59257,0
96268,0
101128,0
75430,1
2675,0
32109,1
45280,0
134982,0
91408,0
10274,0
122235,0
41299,1
59327,1
76967,0
28591,0
45367,0
122558,1
56243,0
24898,0
20799,0
126611,0
120263,1
788,0
106418,0
59090,0
48972,0
51855,0
11161,0
107008,1
82967,1
25855,0
24097,0
6654,0
91529,0
67790,1
72526,0
33013,1
33657,1
73485,1
73291,0
112343,0
102202,0
5885,1
140638,0
52711,1
23024,0
13381,0
15710,1
121721,0
84400,0
66899,0
32107,1
34915,0
120444,0
104017,0
105615,0
97199,0
26437,1
41492,0
38597,0
20055,0
30817,0
32953,0
56752,0
64670,1
5499,0
12109,0
139180,0
113879,0
44301,0
38566,0
88130,1
93333,0
139150,0
66127,0
8026,0
14716,1
136418,0
109898,0
140352,0
66421,0
122134,1
106874,0
38786,0
15163,0
107429,0
85631,0
121398,0
60284,0
135038,1
93706,0
35530,0
42669,0
84596,0
8030,0
57793,0
134898,1
30805,0
95569,1
8973,0
124059,0
72645,0
139144,0
125532,1
71696,0
53088,0
105537,0
95601,0
60816,0
64223,0
118250,0
67069,0
111321,0
64730,0
77849,0
83470,0
69464,0
35027,0
128935,0
130439,0
8399,0
41666,0
131414,0
134175,0
128323,1
63395,0
46746,0
26311,0
53431,0
40481,0
117616,0
93275,0
122661,0
31935,0
38226,1
69270,0
19374,0
133088,0
137384,0
90466,1
5141,0
65321,1
47526,0
32026,0
59014,0
61935,1
71280,0
30159,1
18197,0
28986,0
56532,0
140054,0
86751,0
21321,0
112160,0
64836,1
32753,0
107057,0
111614,1
88410,0
54839,1
104041,0
83866,0
86436,0
61053,0
118860,0
45031,1
31678,0
139987,0
13584,1
92827,1
44944,0
62397,0
71519,0
109763,0
68748,0
12321,0
37801,0
14782,0
104734,1
137283,0
86892,1
64084,0
110702,0
135774,0
137237,0
83299,0
67264,1
126377,1
124413,0
108874,0
107870,0
81915,0
114884,0
48769,0
131513,0
8641,1
137021,0
47306,0
52427,0
96855,0
121127,0
18253,0
80551,1
55031,0
31686,1
22607,0
130313,0
125441,0
45657,0
71601,0
78622,0
104462,0
116897,0
23765,1
12276,1
119260,0
103307,0
26629,0
9650,0
98417,0
97836,0
40107,0
78703,1
22559,0
120180,0
52982,1
81462,0
134106,0
116366,0
103574,1
132098,0
91429,1
102996,0
88099,0
86058,0
14248,0
84024,0
64158,0
135088,0
84696,0
126037,0
110008,1
123156,0
125129,1
19415,0
61446,1
81657,0
30491,0
78579,0
85316,0
3640,0
122177,0
47423,0
96080,0
20765,0
50853,0
5353,0
26073,0
60063,0
16546,0
112650,0
107566,0
24339,0
52249,1
130204,0
42443,0
110513,0
22593,0
121619,0
67648,0
73758,0
3485,0
119919,0
99468,0
36258,0
106036,0
88885,0
47736,1
127206,0
99728,0
36481,0
120171,0
11848,0
75023,0
53098,0
51133,1
130627,0
70998,0
124422,0
121437,0
68147,0
66597,0
116907,0
116655,0
110948,0
11357,0
124142,0
115407,1
112292,0
11030,1
10891,0
60649,0
33761,1
37346,0
45686,0
60128,0
58800,0
113046,1
24253,1
66947,0
94671,0
113174,0
106846,0
86507,1
31109,0
28719,0
132419,0
3181,1
105285,0
33707,0
71507,0
85420,0
29194,0
130626,0
11543,0
74127,0
4917,0
4868,0
32420,0
81211,1
39,0
95264,0
115316,0
5727,0
38963,0
31551,1
22986,0
9430,0
88043,0
52385,0
97720,0
111697,0
63763,0
32658,0
11789,0
33433,0
24300,0
130357,0
101603,0
59192,0
53171,0
87479,1
138078,0
82494,1
379,0
31790,0
41711,0
115595,0
89746,1
80622,0
106549,0
123239,0
91001,0
70943,1
111710,0
92464,0
66812,0
46273,0
15418,1
119953,0
116822,0
6810,0
11127,0
140254,0
80824,0
55325,0
108313,0
61618,0
58796,0
40710,0
19630,0
60711,0
124294,0
68501,0
83164,0
36678,0
87911,0
61059,0
97352,0
37980,0
77807,0
112196,0
62920,1
26838,0
137591,0
118636,0
46166,1
84700,0
135504,1
50725,0
40018,0
102229,0
48942,0
109986,1
135044,0
54442,1
10813,0
33484,1
6649,0
65296,0
76493,0
120192,0
23934,0
123224,0
21197,0
57750,0
64592,0
7416,0
121944,0
7322,0
15302,1
5139,0
127816,0
10993,1
37866,0
78683,0
106054,1
69499,0
13463,0
66403,0
82017,0
49136,0
62412,0
12481,0
55216,1
78599,0
95732,1
133836,0
89744,0
42045,1
71841,1
19920,1
108250,0
96424,0
23633,0
135461,0
56538,0
57680,1
132889,0
130960,0
62713,0
131944,0
16481,0
103796,0
108948,0
65937,0
11968,0
66843,0
81609,0
12635,0
76149,0
130394,0
81427,0
129928,0
25754,0
118971,0
93440,0
96172,0
91326,0
53994,0
137815,0
19242,0
97899,1
70899,0
136307,0
4154,1
133518,0
94505,0
52227,0
63765,0
120596,0
490,0
58163,0
48117,0
3428,0
102753,0
60130,0
111809,0
127729,0
73478,1
57927,0
50040,0
95189,0
66570,0
83847,0
138317,0
43420,0
59022,0
69881,0
109902,1
111187,1
71591,0
19269,1
104276,0
29625,0
132035,1
91327,1
12802,1
21992,0
619,0
4844,0
3310,0
62404,0
73126,0
22786,0
117492,1
7057,1
5064,0
47108,0
124922,1
76532,0
56877,0
31766,1
89513,0
128812,0
15841,0
20298,0
70294,0
30950,0
43511,0
108237,1
135862,0
20711,0
99454,0
96571,0
74607,0
125267,0
37779,0
33964,0
108591,0
11053,0
89768,0
27191,0
60762,0
73733,0
60683,0
90600,0
68765,0
33274,0
39627,0
109837,0
114528,0
68004,1
115971,0
79778,0
19457,0
98480,0
113390,0
32897,0
20393,0
134041,0
83101,0
108346,0
22642,0
59504,0
91985,0
28028,0
117750,0
53235,0
87194,0
3219,0
94907,0
50647,0
29688,0
41733,0
73497,0
99218,0
60120,0
54816,0
64202,0
69605,1
20508,0
82130,0
27167,1
60794,0
123212,0
64399,0
130764,1
15559,0
108432,0
11202,1
70676,0
1456,0
77483,0
46934,1
85063,0
36887,0
42069,1
82437,0
123598,0
2576,0
16000,1
139151,0
23981,0
51314,0
54359,0
30438,0
14477,0
109796,0
23028,0
65932,0
133060,0
15117,1
41548,0
6438,1
91999,0
103420,0
95296,0
62468,0
99700,0
118707,1
9657,0
11103,0
110461,1
137995,1
114629,0
76633,0
1824,0
122897,0
95496,0
105404,0
76665,1
44584,0
32612,0
6498,0
72455,1
43903,0
43666,0
59417,1
38416,0
80445,0
36269,1
24760,0
126040,1
93715,0
88117,0
108764,0
70091,0
50896,0
56090,0
365,0
99450,1
120126,0
82422,0
119609,0
121101,0
62188,0
77490,0
63255,0
53220,0
15504,0
120937,0
71921,0
33955,0
122512,0
136252,0
112974,0
4021,0
136909,0
108148,0
10017,0
4484,0
17926,0
69174,0
48427,0
5448,0
74525,0
106956,0
94921,0
29560,1
96007,0
135786,0
120726,0
680,0
5910,1
21136,0
57188,0
43110,0
32543,0
15093,0
13157,0
86591,0
24691,0
135897,0
98519,0
84004,0
129210,0
35191,0
88606,0
44739,0
25803,0
126290,0
134013,0
98001,0
2550,0
14031,0
40675,0
139812,0
121449,1
59983,0
118297,0
94997,0
63828,0
75179,0
21283,0
65975,0
57358,1
115367,0
54855,0
114589,0
127608,0
54179,0
132555,0
113128,1
75509,0
113665,1
53761,0
133594,0
62849,1
103991,0
1464,1
123596,1
129242,0
128283,0
26866,0
74792,0
137250,0
97214,0
126583,0
76089,0
8016,0
79399,0
110639,0
106514,1
70347,1
37431,0
13891,0
56438,0
88891,0
60809,0
134486,0
25734,0
109078,0
103662,0
90484,0
40632,0
18087,1
76067,1
60584,0
37685,0
52793,0
27797,0
4360,0
79546,1
110510,0
58955,0
64170,1
74283,0
58203,0
130658,1
53265,1
85051,0
106565,0
27777,0
37146,0
30257,0
2262,0
38016,0
111930,0
102822,0
115997,0
23454,1
763,1
33034,1
68245,0
21506,1
21608,1
8569,0
29825,0
66180,0
66865,0
31750,0
132418,0
74266,0
95066,1
104419,1
131757,0
36821,0
19706,1
73166,0
42812,0
58414,0
37806,1
139670,0
62507,0
123677,1
62881,0
40562,0
138640,1
126808,0
121950,1
27097,1
104743,0
139781,0
95848,0
102295,0
24432,0
40713,0
19354,1
136469,0
2277,0
48901,0
97682,0
54405,0
107952,0
22664,0
137805,0
76283,0
101197,0
101465,0
60598,0
51621,0
32844,0
100038,1
130281,0
35022,0
11316,1
87015,0
140576,0
136244,1
73987,1
139468,1
84610,0
48049,0
5790,0
94057,0
84039,1
137271,0
52655,0
75807,0
67294,0
81963,0
130536,0
6755,0
40552,0
83244,0
100041,1
107877,0
54537,0
21186,0
15791,0
85028,0
85510,0
114211,0
29288,0
81561,0
138695,0
48968,0
127508,0
29230,1
22760,0
88324,0
59733,0
2645,0
90541,0
72642,1
20648,0
137200,1
107452,0
92348,1
94104,0
108864,0
117989,0
117690,0
137826,1
121739,0
31196,0
125337,0
84892,0
106993,1
128325,1
3012,0
19042,0
69954,1
65908,0
136329,0
66289,0
44241,0
78309,0
22540,1
60603,0
49466,1
73566,1
48249,0
12330,0
130645,0
45234,0
70619,0
59379,0
20262,0
117700,0
70777,0
35629,1
22392,0
15750,1
128209,0
158,0
50803,0
100419,0
80106,0
31880,0
62735,0
90095,0
54697,0
62483,0
105390,0
124309,1
114203,0
59254,1
79804,0
15286,0
134206,0
58789,0
74006,1
27331,0
93622,0
33518,0
44964,0
43418,0
18735,0
17064,0
38101,0
107636,0
46289,1
15222,0
93947,0
20766,0
28838,0
124783,0
43661,0
4240,0
2536,0
54582,0
129981,0
14560,0
7591,0
65986,0
91225,0
124183,0
118099,0
132763,1
126453,0
126851,0
93452,0
17804,0
74519,0
75502,0
67898,0
60967,0
137949,0
123082,0
19925,0
59267,0
77378,1
51782,0
91642,1
82604,0
18176,1
50661,0
61954,0
82683,0
26296,0
97202,0
103867,0
104576,0
123655,0
87862,1
21296,0
18149,0
43060,0
19166,0
71764,0
3979,0
79755,0
110000,0
40629,0
28637,0
87695,0
10168,0
77690,0
108564,0
105118,0
14693,0
44415,0
125669,0
130079,0
128770,0
99337,1
105669,0
38004,1
104108,0
135767,1
48140,0
131322,0
129315,0
104791,1
116625,0
64412,0
65316,0
63908,0
46793,1
62164,0
3862,1
98678,0
32983,0
108069,0
20020,0
118763,0
109669,0
19119,0
138315,0
132760,1
87191,1
26559,0
24064,0
46394,0
17063,0
130428,0
86488,0
42696,1
20034,0
98990,0
124262,0
49281,0
131202,0
42820,0
117933,0
128171,0
105729,0
93949,0
83232,0
86153,0
110171,0
10150,0
59151,0
128569,0
49252,0
25123,0
8128,0
68032,0
93257,0
123483,0
137306,0
135336,0
130774,0
80705,0
112579,1
60006,0
66291,0
84050,0
126253,1
96140,1
97371,0
43753,1
77342,0
59857,0
90586,0
57118,0
113614,0
35556,0
42273,0
22765,0
76242,0
14203,0
55880,0
67334,1
95523,0
53798,0
49032,0
55301,0
62725,0
121923,0
113360,0
35218,0
31934,0
63963,0
138479,0
72929,1
110670,0
54997,0
6172,0
140632,0
51592,0
40524,0
39569,0
81464,0
53287,0
186,1
14401,0
75786,0
79650,0
31499,0
121590,1
61896,0
46127,0
91486,0
117829,0
116205,0
73921,0
77867,0
31680,0
131550,0
115610,0
127197,0
94602,0
32195,0
88912,0
138049,0
81618,0
86970,1
123746,0
114727,0
80691,0
47483,1
100550,0
30980,0
124588,0
47993,0
58039,0
78498,0
112302,0
78722,0
126024,0
13067,0
105332,0
118867,0
137989,0
138519,0
47329,0
69995,0
13072,1
33837,0
133200,0
136092,0
120517,1
52397,0
98737,0
82899,0
98197,0
139417,0
60467,0
38380,0
61815,1
90081,1
67759,0
89454,0
68050,0
2058,0
51387,0
131483,0
57891,0
105343,0
51892,0
80505,0
108540,0
20972,0
37407,0
104232,0
31785,1
42900,0
139728,0
131873,0
100194,0
10082,1
10966,0
97030,0
68071,0
19940,1
45483,0
84002,0
106680,0
88985,0
19944,0
87453,0
63757,0
106601,0
72562,1
41519,1
20578,0
138644,1
119500,1
9102,0
9318,0
11145,1
53709,0
51059,1
25758,1
78298,0
46729,0
49718,0
137565,0
5595,0
137107,0
126231,0
112590,0
87475,0
34536,0
79231,0
61813,0
111138,0
120136,0
45894,0
94117,0
35898,0
64128,0
8008,0
58489,1
126499,0
55766,0
115177,0
33907,0
97615,1
77,0
3913,0
828,0
103424,1
56682,0
107862,0
41650,0
98352,0
115282,1
131895,0
64945,0
72054,0
13154,0
106893,1
65953,0
124518,0
113659,0
110892,1
17095,1
52688,0
12220,0
73495,0
39102,0
26723,0
109815,1
24356,0
112618,0
44709,1
28835,0
57476,1
106552,1
86078,0
8028,0
49059,1
3671,0
123426,0
16936,0
75360,0
12198,0
60617,1
3357,1
139167,0
8074,0
122379,0
51933,0
63803,0
75078,0
7750,0
4869,0
50834,0
59423,0
753,0
102888,0
65727,0
33178,1
111191,1
78492,0
121042,0
39380,0
105908,0
91989,0
45177,0
46105,1
40452,0
126177,0
105016,0
25745,0
94085,0
32191,1
46233,1
140266,1
19267,0
53536,0
140242,0
45452,1
70780,0
39562,0
106300,0
6480,0
41481,1
134889,0
13827,1
10276,1
88360,0
107665,0
91659,0
32644,0
4487,0
39921,0
89306,1
88398,0
38472,0
132195,0
64776,0
121414,0
103585,0
80197,0
9975,1
117427,0
23758,0
105506,1
50086,0
51270,0
22709,0
85849,0
56056,1
42854,0
84202,0
119846,0
26623,1
90405,0
61310,0
132376,1
11970,0
59013,0
124407,0
42763,0
20177,1
39020,0
43919,1
105290,0
139628,0
102658,1
1738,0
118394,0
93905,0
29388,0
19969,0
65915,0
100331,0
13832,0
84717,0
95153,0
60746,0
121631,0
12889,0
104051,0
2608,0
132813,0
66019,0
46145,0
5923,0
110323,0
139252,0
48852,0
74435,0
140000,0
112018,0
140673,0
129009,0
15555,0
95074,0
138168,0
132628,1
21935,0
17169,0
132238,0
44445,1
75542,0
98297,1
35750,0
61105,0
16819,0
66975,0
68509,0
38526,1
111570,0
52053,1
5572,0
64108,0
38365,1
33986,0
113101,0
1656,0
22317,0
131600,0
91074,0
61557,1
51977,0
101255,1
103218,0
4537,0
39733,0
78555,0
125310,0
83553,0
41832,0
44009,0
103202,0
52868,0
62109,0
46486,0
122577,0
47385,0
4613,0
26962,0
101661,0
26227,0
86874,0
133615,0
26924,0
50903,0
52891,0
54563,0
107277,0
106142,0
31236,0
35477,0
126852,0
111886,0
40965,0
63431,0
127448,0
76035,1
27332,0
99541,1
52637,1
114479,0
7186,1
66133,0
18363,0
138007,0
129580,1
68344,1
98154,1
80238,0
64561,0
19744,0
27267,0
39479,0
123270,0
10204,0
92914,1
34661,1
47383,0
18067,0
3785,0
3230,0
16676,0
56392,0
133968,0
120543,0
133935,0
29284,0
20308,0
17569,0
112410,0
1173,0
19026,1
25713,0
43994,0
27758,0
30349,0
99494,0
95050,0
25526,0
70409,0
2770,1
89866,0
117352,0
4231,0
1188,0
117059,0
39196,0
36923,0
103548,1
67492,0
118762,0
18487,0
4212,0
96478,0
125462,0
59985,0
98776,0
31224,0
128217,0
118186,0
75670,0
139557,0
4816,0
133709,0
15903,0
123830,0
95674,0
32434,0
96166,0
128477,0
43843,0
114590,0
18214,0
55492,0
60363,0
91399,1
102051,0
54392,0
72627,0
28929,1
106628,0
99972,0
80136,0
2935,0
125590,0
89318,0
27826,1
76324,1
7959,0
7841,1
109473,0
41751,0
18693,0
65051,0
14861,0
57535,0
22583,0
91556,0
116955,0
7203,0
114172,0
102388,0
67571,0
56059,0
61704,0
69189,0
128681,0
26067,0
136666,1
62126,0
87533,0
89711,0
10609,1
5117,0
19475,1
8143,0
107956,0
11715,0
25327,0
1296,1
123005,0
63029,0
86046,1
24373,1
65045,0
36358,0
38463,0
60785,0
42256,0
87124,0
48917,0
23867,0
69845,1
123158,1
68649,0
7003,0
69241,1
108275,0
106107,0
46711,0
8742,0
24852,0
30265,0
76144,0
60695,1
79243,0
137858,0
62644,0
4780,1
123568,0
113751,0
22594,0
37716,0
116674,0
124026,0
76042,0
55393,0
32557,1
59418,0
61548,1
68314,0
74160,0
25856,0
86381,0
58674,0
96450,0
64334,0
99371,1
26298,0
130331,0
4953,0
140298,0
66282,0
127985,1
58412,0
56860,1
71140,0
133404,0
11819,0
82447,0
38115,0
17204,1
127179,0
34463,0
89193,0
139824,0
4661,1
41727,0
75388,0
68797,0
70015,0
71562,0
7993,1
38557,0
118152,0
42363,0
19715,0
60342,0
17665,0
110727,1
42294,0
25635,0
50990,0
91710,0
86492,1
52286,0
117363,0
22387,0
81900,1
139527,0
105646,0
110220,0
132234,0
41360,0
135721,0
96735,0
41225,0
50577,0
122355,0
102926,0
18466,0
130570,0
88557,0
52646,0
73050,0
92282,0
26447,0
94497,0
93978,0
90785,1
74944,0
138392,1
25910,0
11111,0
18647,0
48374,0
115139,1
107542,0
124907,0
137688,1
118733,0
61411,0
93528,0
75608,0
93867,0
121610,1
20529,0
25687,0
9357,0
6816,1
30334,1
95169,0
59489,1
87907,1
16491,1
74917,0
40048,0
11029,0
49095,1
20145,0
129533,0
30244,0
26473,1
31258,0
49500,0
49377,0
138258,0
94359,0
123623,0
70101,1
10870,0
108508,0
128045,0
37325,0
133950,0
5930,0
78760,0
131506,0
72123,0
136403,1
62205,0
106376,0
93044,0
15324,1
108931,1
34351,0
119836,0
127081,0
14934,0
91708,1
124054,1
30423,0
99927,0
116403,0
40153,0
99270,0
113584,1
126889,0
73436,0
114632,1
126235,0
46881,0
5797,0
128379,0
112366,1
9306,1
34759,0
30901,0
45221,1
117804,0
57528,0
20650,0
20614,0
31494,0
52001,0
114149,1
58978,1
121794,0
80996,0
39492,0
88686,0
140019,0
111434,1
120992,1
2907,0
58140,0
112688,0
746,0
137317,0
58352,0
133548,0
81774,0
111483,0
38651,0
121171,0
10815,0
4447,1
38390,0
69903,0
11250,0
88148,0
125979,0
79342,0
114588,0
120041,1
131904,0
99776,1
10346,0
48916,1
26442,1
78566,0
42987,0
51415,0
67339,1
87686,0
69337,0
90199,1
15251,0
89138,0
92471,0
22738,0
68641,1
119673,0
109488,0
119694,0
131630,0
103874,1
11523,0
27212,0
72803,1
120010,0
104535,0
133211,1
89448,0
108535,0
87903,0
67728,0
50409,0
27119,0
121267,1
63725,1
77506,0
77357,0
40907,0
83414,0
126793,1
105768,0
95654,1
85305,0
116561,0
45150,0
138245,0
82957,0
78578,1
90259,0
16053,0
122156,1
70198,0
140135,0
66172,0
28438,1
66454,0
30535,1
17226,0
38624,1
36441,0
66836,0
7304,0
84906,0
5563,1
138878,0
87667,1
89439,1
88229,0
94094,0
9443,0
21200,0
111994,0
30027,0
108124,0
102427,0
35227,0
23822,0
97756,0
42010,0
26371,0
22809,0
107963,0
65854,0
76560,1
70304,0
59944,0
6511,0
13348,0
73271,0
8229,1
134964,0
4912,0
38553,0
14745,0
85411,0
20891,0
23560,0
14260,1
46865,0
123894,0
78121,0
35719,0
135544,0
75795,0
30867,0
66994,0
25973,0
67645,0
87211,0
95013,0
15783,0
71794,1
15369,0
131778,0
35633,1
8219,0
19392,0
9190,0
42567,0
106343,0
44208,0
58361,1
132854,0
41105,0
3634,0
127279,0
86076,0
93237,0
46368,0
130767,0
57512,0
121374,0
107937,0
95355,1
115528,0
7672,0
5086,0
58701,0
84856,0
81104,0
49056,0
92581,1
51720,1
100998,1
103178,0
83303,0
34127,1
86121,0
137175,0
44428,0
71394,0
3962,1
24119,0
110330,0
77454,0
22623,0
109145,0
105022,0
102071,0
137584,0
11344,1
90051,0
87505,0
132875,0
122190,0
135207,0
22967,0
106527,0
74148,0
110785,1
127900,0
36040,1
35346,0
136532,0
2488,0
50852,0
128030,1
77574,0
57464,0
67089,0
125700,0
118328,0
57084,0
88321,0
121427,0
108634,0
110614,0
7877,0
9873,0
49072,0
89736,0
61360,0
139924,1
11559,1
88920,0
93936,0
96229,1
124371,0
62157,0
14453,1
135410,0
66558,0
7243,0
54380,0
36538,0
86491,0
13690,1
120147,1
140378,0
76000,0
73501,0
16787,0
110245,0
123987,0
34322,0
96541,0
37973,1
14915,0
122645,0
74214,0
89849,0
65362,1
86086,0
116279,0
74300,0
136310,0
115616,0
28976,0
49681,0
83162,0
14347,0
12543,0
120752,0
42134,0
24683,0
132618,0
80160,1
43362,0
136528,0
96918,1
97769,1
88314,0
81632,0
131917,1
42185,1
97481,0
107646,1
11430,0
95483,0
26540,0
136838,0
34269,0
5197,0
57803,0
97071,1
74820,0
85310,0
134023,1
70748,0
10144,0
59102,0
34894,0
125319,0
65665,0
5588,0
31103,0
85959,0
125452,0
12372,0
104718,0
56079,0
53411,0
39055,0
100833,0
32408,0
16069,0
64723,0
17061,0
135259,0
64336,0
80967,0
67734,0
130589,0
11393,0
37529,1
85562,1
84989,0
50212,0
17974,0
120695,0
138739,0
126677,0
47516,0
134630,1
91545,0
115377,0
125095,1
8846,0
82258,1
123283,0
90032,0
112095,0
32996,0
105271,0
17834,0
71230,0
138156,0
49034,0
39859,0
79875,0
43720,0
97604,1
9416,0
105733,1
91283,0
96034,0
46638,0
128872,0
2359,0
38567,0
18562,0
73977,0
70340,1
131135,0
78927,1
122385,0
80370,0
18571,1
39261,0
35360,0
96036,0
68792,1
88969,1
2173,0
57429,1
79914,0
83705,0
85222,0
130924,1
11890,0
32192,0
109023,1
44714,0
94341,0
124313,0
39724,0
52867,0
111498,0
121082,1
76767,0
22962,0
23873,1
109912,0
57532,1
89985,0
20866,0
117761,0
137610,0
101399,0
25351,0
109935,0
17123,0
59063,0
2782,0
106270,0
110645,0
69273,0
129076,1
33856,0
77528,0
86047,1
102975,0
1919,0
3254,0
42289,0
36361,0
81194,0
25166,0
80436,0
47572,0
106273,0
34902,0
21866,0
101022,0
22087,0
71102,0
24584,0
121805,1
113696,1
99527,1
82612,0
68211,0
124199,0
140179,0
101057,0
31965,0
16073,0
99993,0
41783,0
56807,1
100071,0
69855,1
62887,0
52854,0
72289,0
139690,0
92667,0
63082,0
128668,0
11770,0
74508,0
72953,1
128642,0
38104,0
45595,0
129677,0
33264,0
38152,0
87827,0
31859,1
11953,1
23218,0
39345,0
41984,1
62141,0
55219,0
37700,1
2162,0
66423,0
125089,0
140245,0
11678,1
3581,0
39949,0
8433,0
23877,0
39927,0
56988,0
102276,0
110126,0
102854,0
79095,0
88899,0
121258,0
40065,0
23932,1
65339,1
44948,0
1598,0
36003,1
49754,0
133985,0
102705,1
116620,0
42845,0
120017,1
76505,0
76475,0
40809,1
11707,0
43526,0
61855,0
34945,0
114514,0
120089,0
79984,0
3115,1
312,1
28832,0
66933,0
110800,0
130321,1
103292,0
20535,0
27693,0
116021,0
34257,0
120819,0
17979,0
46986,1
30923,0
48251,0
84651,1
102874,0
102305,0
69692,0
43556,0
88849,0
32972,0
12897,0
99695,0
60036,0
59464,0
133172,0
81318,0
124530,0
78837,0
76562,0
46941,1
98331,0
53008,1
102551,0
6987,0
104373,0
43419,0
130831,1
134867,0
114111,0
69823,0
139770,0
111247,0
14497,0
54660,0
29725,0
6724,0
112885,0
106602,0
22552,0
51067,0
55016,1
15899,0
77410,1
102752,0
56125,1
48156,1
92938,0
99490,0
46978,0
111446,0
88794,0
137608,0
31827,0
101705,0
85597,0
54010,1
139032,0
17316,0
112771,0
6570,0
14564,1
45967,0
35779,0
61017,0
54708,0
51097,1
88837,1
90693,0
61907,0
10022,0
58378,0
97164,0
92112,0
93792,1
1795,1
117868,1
120803,0
73620,0
100126,0
103416,0
28236,1
84931,1
82754,0
1849,0
52335,0
53529,1
117026,0
15735,1
95623,0
84727,0
27444,0
38584,1
25488,0
709,1
46299,0
23432,0
41463,0
3538,0
6536,0
31085,1
38127,0
127454,0
41269,0
94733,0
7192,0
92423,0
49732,0
29726,0
82932,0
12623,0
106496,1
103116,0
40074,1
117951,0
99257,0
9403,0
119005,0
90396,0
112910,0
27230,0
120788,0
24093,0
76933,0
94125,0
70006,0
32333,0
35424,0
126390,0
73982,0
120706,0
49980,0
77723,1
127639,0
91767,0
59331,0
118100,0
45976,0
17258,1
135820,0
49544,0
49411,1
100472,1
127885,0
46520,0
115376,0
91176,0
55209,0
33500,0
54317,1
55149,0
80594,1
75150,0
93021,0
71459,0
20812,0
12763,1
118181,1
41819,1
34424,0
17605,0
74930,1
2620,0
24641,0
74797,0
38121,0
62033,1
121389,0
46358,0
134904,0
110131,1
85107,1
133337,0
116718,0
124591,0
62490,0
33164,0
4057,0
19078,0
95722,0
84450,0
27010,0
31915,0
72344,0
47693,0
12861,0
8924,0
39398,0
32443,0
27066,1
119212,0
57942,0
20358,0
127249,0
102350,0
109498,0
80280,1
30902,0
125073,1
122101,1
96190,0
26951,1
92552,0
81452,0
102078,1
124768,0
15780,0
5675,0
11400,0
8410,0
74239,0
57502,0
4131,1
115085,0
29924,0
80092,0
132068,0
136598,0
137685,0
65098,0
12402,0
117531,0
24678,0
47313,0
138832,0
55561,0
115782,0
80115,1
102545,0
16208,1
117809,0
26120,0
46917,0
64545,0
130123,0
116008,0
33940,0
93969,1
52750,0
17869,0
139122,0
98968,0
60133,0
132608,0
88743,0
84370,0
75503,0
85556,0
56306,0
115065,1
7673,0
13932,0
49761,0
60731,0
130668,0
109753,1
108453,0
97491,0
122787,0
4462,0
133483,0
80272,0
116390,0
29484,0
7713,0
66652,0
21620,0
27871,0
42155,0
70035,1
71885,0
12416,0
96364,0
56371,0
9708,0
1944,1
94356,0
63764,1
48493,1
131565,0
78346,0
112875,0
71088,0
38030,0
37437,0
13716,0
17,0
98830,0
112386,0
15753,1
8340,1
52830,0
120327,0
127050,0
21126,1
66183,1
64381,0
22025,0
36582,0
60979,0
34179,0
66593,0
47427,1
62279,0
30840,0
27987,0
105170,0
131769,0
68077,0
30908,0
6966,0
47430,0
58627,0
117078,0
76863,0
28854,0
73102,0
101120,1
132886,0
136010,1
101763,0
110488,1
37076,0
110258,0
140463,0
118783,0
34995,0
89228,1
74992,1
76568,1
130259,0
47323,0
33563,1
100446,1
72900,1
22432,0
4899,0
118818,0
139780,0
111379,0
98376,0
104254,0
46661,1
102613,1
21307,0
83996,0
121668,1
58349,0
55778,0
2402,0
74387,0
103686,0
89560,0
44134,1
106836,0
15058,0
79886,0
39527,0
133979,0
117886,0
91564,1
26222,1
74262,0
112761,0
79869,0
111682,0
59262,1
46781,0
112349,0
17698,0
43227,0
106801,0
50020,0
137430,0
12572,0
21394,0
29900,1
30654,0
107355,0
101163,0
82487,0
49285,1
64278,0
90579,1
123714,1
116937,0
114134,0
75394,1
119840,0
71442,0
55041,0
68882,1
124795,0
101387,1
134133,0
88560,0
109037,0
114536,0
8506,0
77163,0
140553,0
71971,0
79025,0
107549,0
107164,0
126501,0
138976,0
81875,0
97746,1
118223,0
6653,0
131687,0
39067,0
36852,1
89663,0
80182,1
15293,0
100352,0
33129,0
103678,0
78796,1
4399,0
21302,0
63118,0
79366,0
95414,0
92069,1
39894,0
96195,0
29316,0
31408,0
85620,0
97193,0
10856,0
131601,0
39789,0
114743,0
19614,1
112816,0
72491,0
124347,0
124991,0
23554,0
49730,0
104865,0
78886,1
64648,0
117941,0
31342,0
91170,0
65923,0
16228,0
100949,1
78400,1
53177,1
33191,0
86459,1
136998,0
73409,0
78721,0
119275,0
129906,0
4860,0
89818,1
116231,0
66819,0
108249,1
51399,0
31735,0
57769,0
86206,0
2628,0
25084,1
137193,0
61982,0
72617,0
46502,0
123872,0
129843,0
44439,0
81076,1
53445,0
33490,1
36507,0
33783,0
31319,0
131534,0
128198,0
79953,0
123457,0
118789,0
52631,0
101970,0
44949,1
83013,1
67335,0
62600,0
57629,0
118961,0
66957,0
10749,0
48142,0
103206,0
44594,0
130848,0
44264,0
66710,1
137199,0
88949,0
83364,0
18968,0
533,0
126702,0
2196,0
9181,0
17108,0
129681,0
55274,0
126552,0
127959,1
9822,1
133201,0
101398,1
14672,1
20214,0
65753,1
86977,0
100884,1
29461,0
140015,0
111907,1
61658,1
8730,0
117816,0
125858,0
109593,0
45860,0
77319,0
104772,0
11427,0
103367,0
13769,0
99007,0
36760,0
1369,1
57134,0
82680,0
58457,1
38715,0
133539,0
11702,0
88563,0
112703,0
76825,1
22767,0
138264,0
94162,0
104555,0
9926,0
4591,1
84560,1
78381,0
71164,0
62925,1
40845,0
124163,0
97580,0
36733,0
103519,0
86134,1
123966,0
122409,0
2699,0
140168,0
4429,0
114212,0
99827,0
25885,0
5337,0
57727,0
68406,0
76913,0
19860,0
30765,0
24730,0
79420,0
41563,1
135032,0
12489,0
82790,0
135104,0
79506,0
12183,1
100885,0
80914,0
75460,0
40634,0
30177,0
115869,1
71730,0
126968,0
19046,0
81180,0
117005,0
31662,1
1813,0
7578,0
71361,0
86730,0
48256,0
51600,0
105657,0
47910,0
36266,0
20028,0
14630,0
82008,0
124419,0
37501,0
80168,0
77060,1
94633,0
46109,0
3981,0
44488,0
120663,0
26424,0
33844,0
137065,0
1594,0
120923,0
31119,1
140273,0
31110,0
27999,1
29104,0
31390,0
35561,1
90481,0
24121,0
58314,0
86475,0
105683,0
77208,0
101060,0
29244,1
29502,1
59222,0
68194,0
84586,1
26278,0
1356,0
28215,0
30896,0
116440,0
139352,0
123430,0
7425,0
110554,1
113679,0
578,0
116702,0
101653,1
117374,0
25258,0
49444,0
118064,0
121761,0
17213,0
52361,0
127538,0
90341,0
29315,0
135645,1
99339,0
94948,0
46463,0
36738,0
7448,0
84853,0
29765,0
113990,0
77750,0
112911,0
108772,1
113717,0
65896,0
15707,1
138188,0
25182,1
17922,0
3155,0
73817,0
132914,0
5570,0
88614,0
80489,0
64394,1
97907,0
107030,0
69131,0
42598,1
25092,0
105026,0
129684,0
95003,0
57526,1
132164,0
39649,0
62678,0
93345,1
34800,0
103820,1
1315,0
139178,0
105736,0
60938,0
98104,0
97642,0
34287,1
17393,0
122505,1
10105,0
10743,0
38620,0
70096,0
88260,0
6726,0
84220,1
32511,0
122284,1
126077,0
69448,0
33601,0
68844,0
68197,0
5591,0
116767,0
121415,0
38278,1
3618,0
93603,0
119193,0
134520,0
137630,1
53069,0
67586,1
73150,0
17318,0
39970,0
17024,0
105136,0
17573,1
92382,0
14318,0
138379,0
4804,0
8270,1
28793,0
110736,0
40804,0
105710,0
102441,0
5824,0
62466,0
78366,0
97142,1
87365,0
56970,0
134149,0
115231,0
34026,0
34770,0
22044,1
126278,0
281,0
100060,1
37074,0
21048,0
123600,0
37457,1
60179,0
69568,0
111951,0
74295,0
138624,0
69994,0
138794,0
128610,0
35474,0
2927,0
102264,1
33143,0
43256,0
99952,0
95290,0
22169,0
47042,0
138248,0
1577,0
138282,0
50927,0
116117,0
136281,0
38229,0
10505,0
133902,0
14144,1
67273,0
5299,0
135388,1
104201,0
8519,0
79696,0
80295,0
139882,0
105610,0
31550,0
104493,0
110972,0
120662,0
48019,0
73415,0
21089,0
18910,0
123896,0
98327,1
104015,1
3666,0
52623,0
83575,0
113336,0
132060,0
54285,1
13175,0
119626,0
109581,1
100416,0
11033,0
107400,0
94756,1
46825,0
9632,1
31145,0
30346,0
138579,0
118623,0
111948,1
94662,0
77973,1
82467,0
31,0
119063,0
57271,0
60983,0
128321,1
126094,0
27805,0
127116,0
123917,0
83501,0
17792,0
62008,0
39943,0
44427,0
56662,0
93046,0
85437,0
108949,0
46805,0
68403,0
67874,0
3850,0
40450,1
76941,0
124503,1
42898,0
2131,0
3827,0
6551,0
55058,0
117950,0
93659,0
140078,0
104470,0
57961,0
92109,0
24988,0
24751,1
40782,0
63837,1
7631,0
67947,0
22448,0
61742,1
58208,0
103525,0
105621,0
11938,0
37690,0
82436,0
42857,0
124664,0
121544,0
11285,0
61373,1
65859,1
46980,0
42319,0
121612,0
96994,0
77660,0
54226,0
19021,0
3229,0
111740,1
54451,0
15496,1
95175,0
75001,0
67018,0
64919,0
74386,0
46788,0
103131,0
42848,0
7664,0
101365,0
104518,0
97426,1
96914,0
139813,0
6060,0
55004,0
108518,0
1917,0
30509,0
36117,0
81505,1
111310,0
107725,0
96910,0
101275,0
77752,0
74704,0
69935,0
37632,0
7616,0
116334,0
10624,1
40289,0
1609,1
101566,0
42384,0
5943,0
19002,0
132664,0
38321,0
139590,0
10043,0
13772,0
38843,0
62288,0
99724,1
319,0
102670,0
18716,0
6754,0
136810,0
51463,0
93503,1
103927,0
85530,0
126744,0
66650,1
75682,1
73159,1
18187,0
129025,0
24214,1
114638,0
61128,1
74412,0
66665,0
127061,0
110014,1
93438,1
64168,0
10926,0
104269,0
105452,1
9352,0
77382,1
134204,0
69387,0
133257,0
45593,0
51547,0
82259,0
19494,0
9109,0
8091,0
95611,1
117923,0
44630,0
51160,1
62658,0
98452,0
6248,0
140300,0
41804,1
69977,1
77907,0
52471,0
13908,0
35164,0
137813,0
112313,0
136614,0
102271,1
109403,0
63939,1
102394,0
14242,0
132567,0
62833,1
136294,0
123870,1
108240,1
134699,0
127148,1
31724,0
82079,0
4286,0
125819,0
32059,0
57050,0
133315,0
132923,0
28104,0
104206,0
110746,0
129931,1
30215,0
101469,1
77390,0
65950,1
123132,0
103431,0
137109,0
3944,0
47634,0
101574,1
89520,0
82661,0
41295,0
127916,0
73389,0
117098,0
33733,1
124608,0
90798,0
31562,0
130271,0
44985,0
76081,0
114053,0
122428,1
51313,1
23718,1
25830,0
25511,0
5200,0
36222,0
13296,0
76566,0
83874,0
104059,0
131437,0
107148,0
21488,0
63168,0
78708,0
41096,0
99771,0
9300,0
86454,0
106943,0
75933,0
83902,0
70543,0
24334,0
134143,0
40803,0
31772,0
82638,0
31832,0
76849,0
23790,0
58939,0
132343,0
9840,1
78999,0
132010,0
88544,0
44559,0
84893,0
73936,0
53547,0
126104,1
132109,1
68759,0
107752,0
5795,0
125527,0
70271,0
104811,1
15904,1
95358,1
85040,0
117454,1
34736,0
15289,0
106015,1
20419,0
33437,1
64356,1
26177,0
10591,0
74647,0
368,0
131617,0
28237,0
110852,0
121555,0
69227,0
38484,0
98380,0
136506,0
127563,0
106868,0
139414,1
106860,0
66023,0
115493,1
59933,1
119456,1
138226,0
20359,0
95684,0
60215,0
113159,0
31099,0
65874,0
19549,0
100935,0
8805,0
35289,0
137140,0
62565,0
40298,0
61748,1
57897,0
84770,0
105700,0
112003,1
81269,1
19518,0
134874,0
42459,0
25047,0
3521,0
71702,0
21226,0
29433,0
88580,1
60050,1
44458,1
12396,0
93724,0
100004,1
74095,0
119194,1
25691,0
512,0
16214,1
5050,0
87797,1
11003,1
65165,0
105186,0
84030,0
98493,1
124550,1
83133,0
127054,0
98811,0
130610,0
127536,0
91944,0
91757,0
40274,0
31737,1
128644,0
101072,0
58026,0
124182,0
112931,0
29043,0
138929,0
122174,0
61393,0
101337,0
25555,0
119393,0
66494,1
133181,0
17381,0
67673,0
42731,0
107103,1
108192,1
96167,0
15798,0
20537,0
11498,0
30032,0
14648,0
77534,0
9994,1
3747,0
21064,0
89424,0
37731,0
49502,1
61158,0
70997,0
113893,0
74393,0
5136,0
53124,0
61030,0
55621,0
82026,0
129638,1
14608,0
1299,0
101825,0
70396,0
134062,1
62669,0
125402,0
112448,0
80515,0
90108,0
78794,0
50067,0
42647,0
101706,1
39217,0
89149,0
22193,0
134147,0
43232,0
1133,0
111333,1
23445,0
89922,0
59193,0
110572,1
57740,0
81158,0
112414,0
19502,1
15157,0
14056,0
133017,0
47238,0
31861,0
87241,0
83673,0
20986,0
53408,0
44141,0
101056,0
40696,0
82708,0
77021,0
110173,0
10127,0
139080,0
38817,1
91727,0
106268,0
57356,0
43270,1
53061,0
94764,0
67160,0
94805,0
135755,0
115185,0
49248,0
57788,1
42780,0
68094,0
65514,0
84923,0
45434,1
94191,0
104,0
108935,0
62286,1
11110,0
138076,0
87716,0
58774,1
21868,1
24250,0
60780,0
52518,0
117130,0
86907,1
124173,0
122932,1
10052,0
43759,0
61602,1
43849,0
2274,0
102132,0
136308,0
16504,1
5506,1
9406,0
39700,0
32428,0
118683,1
45702,0
15565,0
44982,1
19704,1
67395,0
23152,1
51682,1
76349,0
132863,0
26908,1
128306,0
91306,0
62614,1
107416,0
23894,0
43334,0
116748,0
35408,0
5196,0
46996,0
70663,0
23342,0
94165,0
138472,0
77367,0
33481,0
61300,0
104566,0
52709,0
91560,0
119235,0
82665,0
97721,0
59493,0
64035,0
36712,0
73028,0
115619,1
29632,1
37696,0
29639,0
120395,0
71563,0
94689,1
45981,0
81976,1
46272,0
86034,0
113501,0
51154,0
21317,0
897,1
134373,0
7010,1
139490,1
85971,0
42611,0
79073,1
8899,1
25914,1
70373,0
41469,0
99299,0
62879,0
134096,0
36498,0
17225,0
28091,0
55442,0
5135,0
124701,0
60135,0
73661,0
112594,0
33931,0
65126,1
32016,1
47816,0
64808,0
74272,0
15197,0
95328,0
12555,0
69872,0
53981,0
130462,0
103225,0
14740,0
112641,1
44573,0
82113,0
75242,1
33365,0
77580,0
50678,0
73033,0
139639,1
22960,0
33857,1
116179,0
92716,0
138769,0
124319,0
37666,0
103498,0
50,0
103248,0
83680,0
131222,0
111449,0
101863,0
135989,0
139782,1
137895,0
215,0
94714,0
56129,0
48306,1
134219,1
20195,0
86293,0
36909,0
131933,0
71965,0
16290,0
86371,0
46977,1
90132,1
17368,1
57880,0
83499,0
49033,0
33659,0
69164,1
100224,0
25280,1
46331,1
42886,1
134530,0
8968,0
27623,0
34549,0
53841,0
117421,0
21628,0
2455,1
58467,0
109637,1
98136,0
106966,1
60764,0
103620,0
58751,0
32788,0
43074,0
113807,0
89777,0
44290,0
58543,1
94481,0
64485,0
106284,0
69228,0
113728,0
21621,1
36316,0
111376,0
90428,0
96293,0
3372,0
25279,0
129857,0
88121,0
8049,0
113664,0
43152,0
9448,0
78035,0
120419,1
20448,0
89211,0
72784,0
89598,0
50692,0
19039,0
126890,1
33816,0
54870,0
13163,0
6692,0
32275,0
119010,0
22719,0
127338,0
44424,1
62133,0
116494,0
107234,1
116287,0
3501,0
60085,0
113866,1
4148,1
88093,0
104468,0
121598,0
86233,0
11213,0
117796,0
61552,1
82483,0
81054,0
97061,0
112982,0
83302,0
35071,1
103087,0
7901,0
139388,0
27469,0
94708,0
58556,0
1274,0
104407,1
86332,1
27323,0
112658,0
4619,0
40738,0
98651,0
89774,0
52500,0
47701,0
117405,1
101000,1
115492,0
84269,0
110206,0
86747,1
62894,0
53383,1
25070,0
8761,0
129019,0
45397,0
66935,0
41893,0
31180,0
102912,0
13355,0
53157,0
102159,0
74890,0
127428,0
95700,1
26593,0
2993,0
31572,0
96827,0
33485,0
96947,0
8931,0
128402,0
57192,1
97533,0
66087,1
68678,1
53121,0
22629,0
81554,0
92258,0
119353,0
135415,0
124031,0
48875,0
70061,0
67246,0
54877,0
32387,0
40483,0
10325,0
105108,1
98794,0
57308,0
69528,1
4798,0
48220,0
107663,1
72945,0
52437,1
135607,0
8800,0
119648,0
70667,0
22532,0
42697,0
75812,0
83077,0
107464,0
114019,0
80368,0
74359,0
62061,0
2239,0
109387,0
50133,0
125678,1
106033,0
57005,0
117027,0
62611,0
84558,0
80322,0
126007,0
58253,0
109797,0
14528,1
126918,0
62792,0
26637,0
139185,0
134174,0
88923,0
138509,0
116253,1
123504,1
8067,0
97705,0
102489,0
97324,1
1335,0
57534,0
117935,0
102572,0
93085,0
55165,1
53146,0
133018,0
108448,0
117190,0
1878,1
71502,0
115351,0
85932,0
98625,0
131210,1
93138,1
37697,0
12817,0
17257,1
2406,1
57896,0
89747,0
136808,1
124264,0
64660,0
72424,0
26895,0
73362,0
38161,0
78714,0
83246,0
55791,0
71063,1
34820,0
5063,0
1991,0
135824,0
62289,0
33419,0
52248,1
122046,0
4803,0
67234,0
110321,0
117074,1
129759,0
22495,0
35715,1
74482,1
62807,0
37871,0
45924,0
120960,0
27362,0
10562,0
107083,0
121433,0
67782,0
32970,0
139378,0
108531,0
100692,0
129540,0
108461,1
2390,0
47065,0
90503,0
113301,0
9210,1
54945,0
83951,0
65124,0
96529,0
139025,0
94721,0
81943,0
62700,0
106113,1
44138,0
67742,0
35685,0
77848,0
11705,0
42951,0
24117,1
16444,0
22002,0
83935,0
67545,0
91624,1
32936,0
87245,0
94113,1
24218,0
47857,0
30504,1
51528,0
60518,0
8840,0
104608,0
670,0
102425,1
102863,0
95301,0
109222,1
11170,0
39688,0
5310,0
128329,1
20356,1
5138,0
99748,0
124095,0
7098,0
25935,0
121557,0
137489,0
65574,0
129314,0
65357,0
93146,0
18955,0
39694,0
66149,0
58196,0
76141,0
136395,0
102541,0
28806,1
127769,0
99268,0
139923,0
134525,0
46313,0
49821,1
114649,0
118057,0
107706,0
23440,0
130300,0
3932,0
113845,0
49953,0
29987,1
23352,1
139168,0
112859,0
10262,0
134681,0
85016,0
24890,0
49309,0
73884,0
125536,0
51319,1
123805,0
125045,0
113925,0
48684,0
1877,1
17770,0
21759,0
74236,0
108988,0
112533,0
83301,0
65599,0
96244,0
64136,1
136936,0
138520,1
55789,1
103559,0
19649,0
74780,0
91203,0
86489,0
15006,0
139668,0
121411,0
90924,0
70027,0
12426,0
89141,0
107815,0
8999,0
55812,0
8033,0
81551,0
115087,0
52961,0
11648,0
76894,0
94153,0
76483,0
138829,0
26633,0
73456,0
106435,1
40645,0
119482,1
69013,0
68079,0
71378,0
35052,0
33120,0
84683,1
13304,1
132185,0
15868,0
134691,0
124194,0
20785,0
107601,0
130542,0
19948,0
27689,0
60094,0
139310,0
27849,0
130150,0
10699,0
134251,0
90275,0
124845,0
120601,0
55541,1
114124,0
69099,0
118552,1
90460,0
109913,0
7897,0
56632,0
19317,0
67687,0
121897,0
87851,0
4088,0
15180,0
124143,1
28676,0
66479,0
121372,0
126768,0
4074,0
51152,0
41296,0
117226,0
125147,1
42381,0
19887,0
54728,0
55009,0
83998,0
106897,0
96134,0
5357,0
47204,0
65246,0
65166,0
27052,0
112556,0
11139,0
83037,0
12705,0
1567,0
57509,0
94276,1
22038,0
11399,1
99562,0
74430,0
93965,0
15980,0
138558,0
67617,1
6239,0
99139,0
66956,0
104741,0
7069,0
134705,0
27260,0
52942,0
6648,0
21414,0
121484,0
60306,0
109425,1
14530,0
111433,0
32375,1
24387,0
107075,0
105556,1
60139,1
26240,0
118684,0
64030,0
57725,1
55714,0
85842,0
13886,0
112523,0
129001,0
134925,0
67110,0
115820,0
117711,0
119259,0
19223,0
3322,0
103332,0
126638,0
32917,0
50230,0
73127,0
104381,1
50396,0
89426,0
90605,0
16753,0
35418,0
95856,1
135244,0
77558,1
25888,0
39155,0
89780,1
48235,0
52707,0
130689,0
43737,0
22242,0
4112,0
26033,0
137406,1
93974,0
79021,0
3763,1
65730,0
90953,0
136048,0
5187,0
93660,0
115222,0
74115,0
12874,0
136821,1
66793,0
102015,0
119015,0
10260,0
18043,0
25459,0
18743,1
73717,1
100392,0
32476,0
53237,0
5167,0
44098,0
56932,0
110901,0
103317,0
114094,0
99999,0
17329,0
69590,0
88085,0
15852,0
87633,0
88063,0
48187,0
46911,0
695,0
119911,0
554,0
126515,0
74995,0
33362,1
69487,0
1576,0
25406,0
70000,0
121210,0
114788,0
98300,1
72311,1
22862,0
100312,1
124351,0
93473,1
136812,0
139078,1
27811,1
21612,0
63153,0
27360,0
104673,0
89031,1
32712,0
7512,0
32389,0
17592,0
5802,0
27238,0
57968,0
60481,1
73297,0
124606,0
40004,0
1064,0
38914,0
134128,0
18105,0
107799,0
136656,0
115833,0
4493,0
48023,0
44563,0
89011,0
69689,0
66176,0
28018,0
104438,0
120153,0
29916,0
125637,0
1711,0
137071,0
38647,0
26483,1
94760,0
36952,0
19826,1
7067,0
47752,0
34288,0
133761,0
32545,0
36517,1
44125,1
135175,0
12819,1
131635,0
135462,0
378,0
40709,0
59646,0
136925,0
77994,0
12681,0
123663,0
4689,0
60115,0
110982,0
70229,0
129622,0
35192,1
78362,0
77290,0
7411,0
129217,0
27317,0
57921,0
61108,0
124903,0
91648,0
37162,1
113577,0
19741,0
110272,0
11950,0
46475,0
114343,0
26601,0
98699,1
80333,0
41913,0
71511,0
109338,0
118017,0
87117,0
13206,1
55715,0
113623,0
25918,0
59552,1
71117,0
105972,0
94918,0
39679,0
79448,0
113680,0
39254,0
90985,0
6619,0
84703,0
46433,1
46499,0
21149,0
89024,0
119047,0
83961,0
78981,0
100876,0
104789,0
55249,0
75629,1
55321,0
46786,0
60188,0
29068,0
131560,0
116369,0
19160,1
46750,0
93922,0
17077,1
117106,0
99883,0
53423,0
110176,1
51715,0
42794,0
85815,0
132178,0
133850,0
48164,0
96086,1
95165,1
60149,0
97961,0
88767,0
133057,1
43304,0
76282,0
59879,1
81807,0
132599,0
120191,0
39532,0
79977,0
22932,0
120981,1
24997,0
118943,0
8402,0
127906,0
105175,0
92524,0
25081,1
38600,0
71872,0
108546,0
30948,1
92559,0
15095,0
28269,0
123865,0
66668,0
135823,0
87856,0
134703,0
818,0
92249,0
128270,0
35385,1
122893,1
69699,0
102574,0
45211,0
7358,0
11208,0
73467,0
51275,0
4293,1
102225,0
38052,0
139338,0
68273,0
2227,0
70287,0
36891,1
90087,0
100496,0
59980,0
76370,1
100187,0
47786,0
69600,0
94657,0
3798,0
3710,1
46133,0
42768,0
120349,0
99572,0
61427,0
36657,0
137902,0
50400,0
112914,0
138206,0
53754,0
70043,0
120563,0
67507,0
59146,0
131298,0
116269,0
34111,0
97369,0
89223,0
46738,0
77843,0
24091,0
40402,0
49782,0
91874,0
123174,0
29033,0
131068,0
127356,0
136525,0
20796,0
86391,0
29651,0
104145,0
102119,0
105055,0
87082,0
50777,0
60714,0
118410,1
38665,0
64214,0
105834,0
4962,1
6314,0
18454,1
16703,0
52029,0
88956,0
91039,0
116572,0
127196,0
76017,1
130577,0
45663,0
137336,0
20389,0
12324,0
53390,0
6453,0
97549,1
25159,0
96632,0
97389,0
120092,0
12813,0
68217,0
96611,1
98208,0
37675,0
1373,0
120793,0
96019,0
130855,1
50657,0
109933,0
13354,0
103443,0
90698,0
98381,1
60795,0
61719,0
101919,0
49432,0
24954,0
104529,1
135098,0
99601,1
112518,1
6585,0
64497,1
19277,0
2665,0
76554,0
9500,0
50376,0
7853,0
134144,0
54688,0
104305,0
67253,0
89825,0
114765,0
19533,0
110956,0
30028,1
128506,0
86833,0
8276,0
57529,0
103676,0
133908,0
54310,0
61414,1
69281,0
139456,0
139192,1
23115,0
61808,1
49301,0
35496,0
114477,1
84132,0
44350,0
31876,0
60779,1
77114,0
89375,1
23744,1
131006,0
49731,0
72633,0
63209,0
130867,0
55917,0
99077,0
89136,0
132764,0
69839,1
22236,0
52026,0
9552,0
96126,0
66766,1
112536,0
117295,0
116086,0
68767,0
7536,0
15319,0
125304,0
137155,0
57110,1
74947,1
34340,0
36386,1
113418,0
28180,0
79791,0
110044,0
48110,1
40061,0
69083,0
18888,0
109070,0
100062,0
5529,1
671,0
24016,0
34500,0
57226,1
119101,1
135731,0
9,0
125550,0
17502,0
11814,0
73213,1
86518,0
24274,0
10410,0
129265,0
131549,0
94272,1
115786,0
92843,1
8687,0
87971,0
120165,1
88272,0
32052,0
87992,1
127696,0
129750,0
46441,0
70150,0
98143,0
67311,0
1241,1
104126,0
69077,0
58139,0
114445,0
35030,0
104320,0
97149,1
31718,0
53087,0
9654,0
97672,1
68810,0
131381,0
135756,0
14183,0
113775,0
17135,0
28721,1
132936,0
43184,0
1099,0
25244,0
82854,0
5779,0
9362,0
60774,0
28876,0
59804,0
137461,0
51955,1
46693,0
75458,0
114223,0
20484,0
126929,0
64617,0
14329,0
2510,0
126915,0
104076,0
91583,0
138906,0
129697,0
37744,0
130749,0
82174,0
69532,0
68025,0
5376,1
133400,0
98556,1
131840,1
123558,0
47276,0
16971,0
101526,1
957,0
111003,1
11591,0
100857,0
63341,0
5130,1
93164,1
3686,0
17268,1
2250,1
66817,0
93531,0
70972,1
354,0
10715,0
129150,1
104572,1
81024,0
136734,0
12265,0
100086,0
13654,1
91255,0
68242,0
117104,0
133043,0
19855,0
67491,0
87299,0
30492,1
133842,0
37883,0
127524,0
133951,1
123552,1
90922,1
32234,0
47777,0
89127,0
3408,0
92558,0
110752,0
69210,0
10672,0
48016,0
5928,0
34577,1
47400,0
26169,0
116974,1
35006,0
128693,1
21976,0
25535,0
106238,0
52575,0
95517,0
9482,0
21653,0
65447,1
124990,0
5131,0
3854,0
28687,0
89883,1
94139,1
69517,0
64764,0
22684,0
30715,0
108617,0
37567,0
126402,0
50309,0
135642,0
21215,1
69116,0
124908,0
78727,0
22839,0
123233,0
29412,0
88840,1
83637,1
33537,0
15547,0
78893,0
20958,0
137655,0
135308,0
10379,0
9177,0
57844,0
15111,0
93521,0
134418,1
88483,0
75831,0
17634,0
24804,0
133464,0
25629,0
31701,0
13219,0
119769,0
113263,1
87902,1
95061,0
44789,0
100254,0
121714,1
135748,0
8414,0
113547,1
27890,0
38684,0
10647,0
38766,0
132359,0
137742,0
44886,0
102063,0
6918,0
27459,0
112141,0
26213,0
13722,0
25545,0
19527,0
97171,1
27183,1
60705,0
37551,1
39935,0
71123,0
119091,0
19650,0
51826,1
126342,0
65572,0
29744,0
85294,0
55805,0
26893,0
78946,1
131250,0
97812,0
42574,0
39580,0
135829,0
2656,1
43081,0
36198,0
93024,0
22680,1
110243,0
106829,0
74802,0
71422,1
116060,0
2985,0
83774,0
22198,0
9911,0
86014,0
11883,1
71270,0
97933,1
65158,1
82557,0
60488,0
85459,0
112747,0
80216,0
90361,0
20169,0
123824,0
60267,0
138217,0
135334,0
64318,1
94421,0
104775,0
45589,0
97502,0
82203,1
28404,0
134325,0
60114,0
20788,1
130064,0
117626,0
131758,0
12865,0
26474,0
77020,0
45693,0
15055,0
38017,1
57333,1
62682,0
26837,0
13520,0
87660,0
117890,1
107208,0
5215,0
38366,1
56427,0
6397,0
61621,1
7009,1
9067,0
128019,0
47343,0
120416,0
70068,0
96390,0
126575,0
38757,0
3924,0
3493,1
33050,1
94905,1
128193,1
102989,0
42130,0
33305,0
21629,0
102532,0
111255,1
4692,0
40576,0
132719,0
132398,0
18809,0
288,0
34757,0
136407,1
59810,1
71345,0
128516,0
58760,0
87753,0
130723,1
52456,0
138715,0
21701,0
112466,0
35312,0
57408,1
90726,0
80597,0
48172,0
107790,0
126263,0
1620,0
68889,0
120598,1
100999,0
30525,0
108728,0
2792,0
120870,0
84757,0
123228,0
60863,0
75380,0
131608,0
136199,1
59357,0
33772,0
72525,0
92588,0
121573,1
85007,0
134847,0
97272,1
29101,0
22102,0
85776,0
115272,1
52779,0
36234,0
125074,0
97032,0
47523,0
113918,0
109273,0
113931,0
77496,0
109001,1
48567,1
71161,0
6473,0
10298,0
99058,0
128264,0
47469,0
121369,0
11185,0
114935,0
31921,1
28262,1
34812,0
1240,0
77667,0
106759,0
127318,0
117212,1
6841,0
139789,0
109309,0
119354,1
49421,0
96643,0
127160,0
72336,0
75053,0
99985,0
109449,0
66177,1
58237,0
57628,0
93185,0
97370,0
101334,0
77109,0
113920,1
105428,1
25394,0
66027,0
112550,0
44110,0
30796,1
19988,0
37053,0
75849,0
91295,0
75440,0
16997,0
59318,0
50816,0
83863,0
78788,0
117485,1
4553,0
108037,0
59794,0
24340,0
54429,0
41662,1
137401,0
39321,0
134717,0
45366,0
14165,0
80383,0
140128,0
49886,1
113344,0
20583,0
30030,1
127086,0
1603,0
69641,0
109486,0
29772,0
69239,0
99090,1
14936,0
86920,0
15392,0
98961,0
110410,1
105766,0
120363,1
10948,0
135527,0
128810,0
48926,0
134107,1
113319,0
133079,0
100374,1
68843,0
8240,0
75145,0
104885,0
4972,1
62687,0
34128,0
65272,0
88793,0
72630,0
107721,1
114451,0
118219,1
26617,0
61738,0
37750,0
53101,0
62823,1
86344,0
51571,0
63535,0
29129,1
140459,1
111590,0
63490,0
45759,1
16012,0
29275,0
59059,0
130887,0
17756,0
17619,0
84520,0
20774,1
91882,0
25922,0
60797,0
101902,1
90152,0
93006,0
76880,0
82529,0
137058,0
77995,0
1699,0
112161,0
90099,0
75934,0
81724,1
36522,0
130801,0
71999,1
23898,0
90970,0
21791,0
65397,0
3536,0
134580,1
67956,0
17982,1
106516,0
74825,0
67046,0
80325,1
86380,0
70855,0
82217,0
53031,0
128351,0
69076,0
84682,0
90601,0
28802,0
128025,0
76765,1
50353,0
39535,0
20309,0
122648,0
48017,0
110495,1
68993,0
7692,1
136097,1
2023,0
128476,0
52990,0
133132,0
84964,0
11309,0
63334,0
77374,0
7655,0
93308,0
76692,1
101779,0
15125,0
38913,1
72076,0
123312,0
131081,0
580,1
60431,0
140365,0
43785,1
132982,0
122447,0
75474,0
81547,1
25818,0
21731,1
28809,0
57269,1
59127,0
113048,0
18182,0
125578,0
112503,1
97576,0
88776,0
59133,0
108900,0
34927,0
117827,0
135598,0
89743,1
22330,0
93959,0
87987,1
52008,0
68188,0
30148,0
81768,0
42511,0
93760,0
115605,0
38948,0
95311,0
121848,0
70941,0
104455,0
100911,0
134069,0
94759,1
29416,1
38787,1
93811,0
3076,0
92803,0
78686,0
23064,0
32161,0
23657,0
63257,1
36935,0
124293,0
124235,0
84429,1
99872,0
58141,0
12089,0
11361,0
17404,1
131592,1
23467,0
138984,0
44603,1
119496,1
57811,0
68712,0
95122,0
85302,0
12569,0
59181,0
128863,0
26777,0
131174,0
8516,0
109659,1
42380,0
140148,0
94217,0
123490,0
140323,0
66452,0
135241,0
91910,0
12191,0
97316,0
70731,1
113813,0
100199,0
72070,0
112132,0
21297,0
42439,0
27253,1
110307,0
135776,1
43411,0
58121,0
86359,1
53283,0
58069,0
84292,0
63090,0
32418,1
82541,0
46301,0
17403,0
1381,1
34346,0
90291,1
3638,0
71236,0
46647,0
85759,0
73721,0
84023,0
87860,1
82961,1
43514,1
119206,0
26333,1
39364,0
126991,0
30939,0
38140,0
37689,0
111679,0
80472,0
75423,0
35193,0
136089,1
24487,0
87468,1
21391,0
124342,0
36810,0
33171,0
123400,0
111308,0
35625,0
61767,0
128861,0
107092,0
82397,0
101145,0
75079,0
60770,0
115830,0
112043,1
41318,1
45974,0
78562,1
105160,0
117603,0
12853,0
39302,0
78641,1
2149,0
65720,0
6911,0
77364,0
14980,1
128115,0
65389,0
37913,1
59268,1
3959,0
62416,0
85692,1
3992,0
28367,1
101636,0
138551,0
85850,0
108417,0
116145,0
41348,1
94946,0
30841,0
48044,0
46838,0
24219,0
91200,0
87202,0
131129,0
114583,1
102024,1
30722,0
117838,0
16394,0
126832,1
91038,0
61465,0
113411,0
131292,0
79407,0
113834,0
8262,1
63512,0
33052,0
16401,1
23987,0
83413,0
50615,0
64160,1
15993,0
50467,0
52822,0
78064,0
28141,0
130667,1
59312,0
527,0
67125,0
39963,0
120101,0
131556,1
88877,0
121242,0
51667,1
40045,0
27508,0
15236,0
48953,0
122148,0
50984,0
53342,0
65105,0
76085,1
22186,0
49627,0
62255,0
113573,0
105294,0
46779,0
12347,1
26376,0
94933,0
27923,0
121078,0
687,1
103919,1
2038,0
19209,0
56537,0
128664,0
95097,0
104116,0
86641,0
127640,0
54132,0
118730,0
123678,0
25881,0
4313,0
85632,0
50285,0
105366,0
94244,0
16443,0
56996,0
91407,0
53371,1
112722,0
54412,1
12695,0
1965,0
65516,0
64498,0
110143,0
45268,0
9292,0
24681,1
118236,1
102919,0
74234,1
57632,0
133944,0
62794,0
112106,0
84278,1
72026,0
62037,0
5960,0
98185,0
91011,0
67652,1
91371,1
119250,0
38758,0
97792,1
76783,0
69919,0
121152,0
66832,0
50045,0
124611,0
64691,0
113025,0
107857,0
5571,0
139351,0
80586,0
66660,0
35007,0
18293,0
109439,1
133637,1
61026,0
94720,0
48678,1
86913,0
73625,0
5118,0
98785,0
76261,0
84963,0
70305,0
83046,0
29283,0
109224,0
108159,1
3842,1
6530,0
69284,0
136854,1
24586,0
99217,0
71411,0
121683,1
73603,0
37401,0
90521,0
76623,0
89443,0
107534,0
37196,0
46973,0
94800,1
15585,0
68413,1
85662,0
11486,0
54201,0
133094,0
109711,0
37655,0
91428,1
115681,0
135592,0
116385,1
129718,0
51578,0
110157,0
32573,0
127150,0
127998,0
19219,0
82047,0
25483,0
86783,1
44707,0
58551,0
126144,0
10552,0
51692,0
137064,0
104748,1
82307,0
57418,0
86182,0
17877,1
123449,0
73662,0
88072,0
24877,0
24987,0
582,0
109642,0
83106,0
65114,1
116979,0
124740,0
133818,0
73111,0
111090,0
60012,0
9574,0
92553,0
41058,0
14135,1
132888,0
35026,0
17800,0
138147,0
4257,1
28582,1
55150,0
75552,0
110707,0
34365,0
81463,1
44421,0
102077,0
27084,0
67982,1
94750,1
54918,1
32017,0
70749,0
89398,0
83741,0
132667,0
21960,0
69262,0
111234,0
790,0
100361,0
17736,0
122244,0
10220,1
64788,0
8250,0
37494,0
54161,0
39177,0
124775,1
68022,0
125228,0
16622,0
10580,1
46382,1
112829,0
2166,0
16343,0
45032,0
3238,0
24140,0
820,0
39519,0
131514,0
73401,0
70143,0
76538,1
81157,0
90667,0
94495,0
45715,0
62407,0
125295,0
53926,0
136178,0
64427,0
138966,1
73322,0
37669,1
40550,0
45780,0
67263,0
69625,0
82553,0
88356,0
110234,0
105146,0
21541,0
4646,1
53650,0
36570,0
128465,0
38200,0
114194,1
119083,0
113601,0
134310,0
37378,0
9621,0
86172,0
81951,1
90298,0
103710,0
43002,0
132868,1
129277,0
31440,0
50426,0
76344,0
20660,0
58487,1
45542,0
107000,1
93009,0
14653,1
49430,0
9914,0
78748,0
59779,0
89482,0
59612,0
25156,0
31357,0
56094,0
39639,0
108128,0
115583,0
41665,1
61538,0
83275,0
90426,0
104792,0
72559,0
64173,1
133974,0
47218,0
134800,0
46910,0
119358,1
78488,0
4394,0
138018,0
125139,0
16789,0
95782,0
40655,1
74517,0
131258,0
8712,0
95219,0
104629,0
135604,0
78357,0
30516,0
82407,0
36883,0
35557,1
81709,0
45742,1
94514,0
19536,0
113896,0
33926,0
107401,0
126682,0
131805,0
36571,0
13503,0
110347,0
115781,0
2947,0
78830,0
137047,0
105381,0
108807,0
94107,0
30229,0
28613,0
123354,1
30077,0
11385,0
19444,0
115962,0
120773,0
104722,0
34799,0
109155,1
79672,0
12643,0
23896,1
5406,0
90327,0
108583,0
97327,0
37274,0
124129,0
49448,1
43655,0
5919,0
15357,0
84432,0
132328,0
12523,1
43282,1
74191,0
49889,0
103666,1
79274,0
6505,0
47479,0
97675,0
55065,0
57658,0
111765,0
95853,0
101193,1
23628,0
51652,0
75027,0
109179,0
9907,1
113273,0
18958,0
64997,0
63172,0
110576,0
75778,0
26059,0
89999,0
100184,0
78291,0
23406,0
125895,0
118953,0
85538,0
35117,1
87834,0
40733,0
129782,0
49925,0
65234,0
126472,1
7166,1
137369,0
79505,0
126759,0
88698,1
30094,0
82738,0
22598,0
137713,0
84481,0
15040,0
99857,0
23930,1
21627,0
41916,1
61166,0
135739,0
63909,0
39094,1
86631,0
133342,0
100932,1
29058,1
127989,0
106323,1
134565,0
73477,0
87912,0
81962,1
113985,0
123372,0
92243,0
45609,1
59314,0
3474,0
20311,0
64240,0
93335,1
98863,0
55779,0
44870,0
119576,1
45711,0
103532,0
2644,0
4191,1
120062,0
139114,0
98087,0
85454,0
121600,1
103165,0
123859,1
16113,0
94442,0
39270,0
70466,0
112268,0
114603,0
40549,1
134308,1
63425,0
139577,0
19263,0
92389,1
54965,0
26638,0
13263,0
127029,0
34205,0
29597,0
26106,0
90696,0
71365,0
10817,0
100474,0
98600,0
98545,0
25636,0
98781,0
50968,0
16920,0
10140,1
102145,1
91369,0
127708,0
18488,0
66111,0
12441,0
84738,0
6066,0
42838,0
57522,1
139749,1
106199,1
88011,0
100452,0
117101,0
50737,1
100136,0
42994,0
47553,1
29452,0
33384,0
122241,0
70393,0
43758,0
83437,0
112843,0
90185,1
45615,0
107538,0
86144,0
82452,0
80179,0
102308,1
6552,0
98074,0
79594,1
76197,1
65600,0
132756,0
21368,0
108180,0
134686,0
9868,0
58006,0
119324,0
124362,0
108750,0
7837,1
50672,0
30672,0
7388,0
122613,0
82010,0
37479,0
125059,0
114373,0
124276,1
9927,0
35277,1
68743,0
85835,1
81008,1
54622,1
69222,0
133992,1
81013,0
110284,1
82343,0
103098,0
12986,0
46392,0
139683,1
64150,0
48440,0
54477,0
85875,0
58750,1
123774,0
131403,0
70766,0
121227,0
135818,0
92650,0
25644,0
13899,0
32500,1
60383,0
2524,0
132992,0
13433,0
59266,0
127499,1
22733,0
93285,1
75065,0
140680,0
31320,1
63285,0
121478,0
96119,0
96548,0
123793,0
42371,0
13096,1
42777,0
19083,0
42433,0
14841,0
11488,0
117330,0
55440,0
126151,1
132362,0
122371,0
71031,0
54905,0
40019,1
45020,0
46815,0
29161,0
73439,0
125813,0
43840,0
125773,1
100425,0
54238,0
100870,0
60367,0
72089,0
95127,0
124619,0
6100,0
55674,1
137726,0
100207,0
53607,1
89738,0
74141,1
107162,1
66883,0
4838,0
34251,0
112269,0
109954,0
32711,0
28609,0
102689,0
2717,0
19347,0
78162,0
86257,0
86953,0
3112,0
72854,1
118284,0
18475,0
132774,0
93207,0
16459,0
4701,0
53685,0
131832,0
107887,0
117968,0
1060,0
48571,0
99082,1
21425,0
12966,0
137697,1
115036,0
133073,0
130575,0
68090,0
12064,0
68779,1
53190,0
37828,1
115704,0
36686,0
72479,0
77151,0
68599,0
63446,0
132963,0
75319,0
48506,1
35991,0
112904,0
78186,0
54456,0
105886,0
104701,0
49749,0
77649,0
68590,0
33615,0
59969,0
32009,0
81,1
82663,1
107342,1
79754,0
45414,0
7570,0
114577,0
73384,0
63390,0
125169,1
111392,0
125561,0
22918,0
7011,0
24627,0
25967,0
92043,0
7863,1
7609,0
26502,0
110778,0
135967,0
3946,0
40875,1
34303,0
89367,1
7004,0
117259,0
64905,0
106092,0
45491,1
16133,0
576,0
16321,1
30487,0
63283,0
26029,1
34619,0
128559,0
138815,0
116605,1
122128,0
114228,1
132689,0
79758,0
53116,0
35383,1
32204,0
723,0
38091,0
72302,0
137066,0
29207,0
122367,0
89372,1
97122,1
15020,1
61211,0
132724,0
135842,1
85667,0
88690,0
114764,0
54744,0
76537,0
43448,0
112167,0
15120,0
14162,1
76924,1
58658,0
124690,1
138138,0
99542,0
24657,0
77195,0
72385,0
64996,0
65150,0
14572,0
134088,1
140003,0
20513,1
138506,0
11631,0
114472,0
74706,0
64838,0
36042,0
76646,0
22096,0
47841,0
47927,0
121931,0
61106,0
79852,1
106000,0
28977,0
86458,0
124057,0
114660,0
23964,0
55697,1
117430,0
135866,0
103751,1
122530,0
34519,1
131007,0
25465,0
118649,0
124455,0
4247,0
68515,0
13215,0
21886,0
59479,1
65242,0
85180,0
91056,0
103849,0
102213,0
84933,0
23108,0
3009,0
60890,0
49195,0
76066,0
94893,0
115593,1
42920,0
93734,0
40750,1
129851,0
100028,0
77108,0
24572,0
32803,0
99624,0
137871,0
22189,0
92993,0
110640,0
28092,0
21234,0
63386,0
64209,0
52067,1
121472,0
37661,0
59509,0
53422,0
12272,0
63945,0
36652,0
91471,1
105826,0
12092,0
118370,0
11484,0
30787,1
22428,1
58415,0
93225,1
114634,0
75253,0
88819,0
111356,0
91462,1
46799,0
135278,0
138002,0
132243,0
4538,1
92943,1
17514,1
123866,1
46748,1
55351,0
16939,0
41379,0
73369,0
9288,0
67288,1
122711,0
32338,0
972,1
22567,0
90184,0
94487,0
86445,1
27113,0
111422,0
64301,0
131003,0
1972,0
138027,0
46707,1
21194,0
64285,0
40164,0
103777,0
138493,0
121031,0
89943,0
109367,0
10868,0
22094,0
79992,0
31393,1
107839,0
29044,0
69480,0
74409,0
29525,0
69023,0
130483,0
7329,0
34038,0
75868,0
79385,0
91057,0
87157,1
128184,0
111300,0
45394,1
128699,0
12704,0
54893,0
31697,0
135761,0
102529,0
15304,0
110549,0
52583,0
26698,0
119696,0
48180,0
37035,0
109099,0
13040,1
7185,0
44754,0
82870,0
52889,1
108040,0
24849,0
11767,0
20179,0
102111,0
56555,0
95847,1
25443,1
131782,0
97972,0
55296,1
97973,0
26425,0
75570,0
8370,0
135271,0
67417,0
1983,1
113733,0
78239,0
299,0
30046,0
132321,0
6699,0
75816,0
39616,0
84814,0
107856,0
132964,0
63643,0
39161,0
77173,0
97210,0
105283,0
15231,0
77016,0
2875,1
117822,0
113497,0
10212,1
8597,0
18934,0
120176,0
36579,0
31896,0
112966,1
82952,1
116641,0
97054,0
59425,0
56816,0
30595,0
29832,0
39622,1
95670,0
47487,0
71008,1
29247,0
11666,0
45342,1
120620,0
74549,0
116213,0
81570,1
67683,0
30070,0
55480,0
138847,0
127688,0
96601,1
21219,1
106623,1
138674,0
100631,0
91036,0
20458,1
106145,0
62940,0
94735,0
46197,0
20735,1
111159,0
2474,1
110106,0
119962,0
88013,0
70526,0
99852,0
2805,1
42323,0
131607,0
65378,0
139097,1
55361,0
122618,0
88911,0
84528,0
132435,1
18916,0
62419,1
83150,1
80234,1
1649,0
101927,0
10880,0
60909,0
45159,0
52884,1
126073,0
140665,0
106960,0
123466,0
59928,0
79846,0
24039,0
32076,0
32073,0
43065,0
82291,1
134859,0
66343,0
10638,1
130890,1
6436,0
126815,0
120117,0
63942,0
101892,0
59653,1
78964,0
101411,0
33717,0
128441,1
38763,0
21450,1
21242,0
76492,1
61504,0
5581,1
119453,0
2639,0
118840,0
3042,0
51605,0
119068,0
53719,0
113145,0
99061,0
106102,0
51803,0
120673,0
137848,0
48334,0
77661,0
112510,0
24043,0
75353,0
2247,1
20492,0
115326,0
123205,1
17249,0
6909,0
98018,0
99794,0
104231,0
94680,0
79941,0
27450,0
82005,0
70590,0
126463,0
63917,0
10803,1
127673,0
79659,0
97361,0
98860,0
19580,1
64382,1
99742,1
66575,0
82045,0
29389,0
124320,0
83831,0
84409,0
123742,0
122537,0
123982,0
126869,0
114908,0
82167,0
29331,0
16580,1
10085,1
61509,0
81312,0
54867,0
21176,0
77903,0
6939,0
114754,0
122700,1
52193,0
123398,0
56800,0
137004,0
125696,0
51118,0
125981,0
51610,0
86168,0
72905,0
69001,0
127388,0
5175,0
52956,0
136339,0
35398,0
55343,0
64287,0
116873,0
76580,0
43324,0
59732,0
96383,0
91324,1
71264,0
67670,1
90948,0
94626,0
5576,0
63487,0
84515,0
7025,0
23607,0
135340,1
67926,0
45310,0
38362,1
961,0
94155,0
25458,0
23164,0
22355,0
100714,0
32594,0
34457,0
76390,0
9244,0
126764,0
113550,0
81101,0
39675,0
83455,0
128902,0
25098,0
66120,1
900,0
97184,0
77101,0
15983,0
9831,0
78997,1
71685,0
67710,0
94582,0
79885,0
14448,0
129340,0
11734,0
92557,0
14175,0
118890,0
48737,1
60440,0
93581,0
49856,0
85434,0
53542,0
74614,0
74650,0
41156,1
127755,1
77960,0
132938,0
41431,0
132735,1
30013,0
74834,0
37769,0
100611,1
131285,0
98433,0
120874,0
105734,1
101947,0
87030,0
20352,0
137687,1
72934,0
100372,1
36950,0
112468,0
69589,1
8422,1
63250,0
8845,0
82216,0
133500,0
38240,0
137641,0
10698,0
11048,1
26740,0
95498,0
817,0
70528,0
89035,0
1469,1
59012,0
91713,0
127805,0
11557,0
68553,0
26158,1
139598,0
94796,0
31015,1
50547,0
114229,0
28901,0
137497,0
56124,0
48762,1
24814,0
40367,0
102768,0
76157,1
129036,0
107220,1
9794,0
134795,1
63779,0
133055,0
19830,0
108631,0
54692,1
25048,1
120396,0
68021,0
75378,1
43912,0
134467,0
3099,0
1116,0
119372,0
21741,1
91029,0
4479,0
50257,0
14671,0
26063,0
74986,0
7613,0
113540,0
47947,0
12877,0
75987,0
98165,0
44221,0
91224,0
85679,0
46319,0
41079,0
12129,1
3419,1
42046,0
74388,1
85393,0
61494,0
86653,0
53275,0
107268,0
117662,0
44991,0
30578,0
65182,0
105298,0
76552,1
128004,0
1345,0
103290,1
96630,0
73179,0
3968,0
99255,0
83436,1
40445,0
20232,0
6242,0
131828,0
106727,0
122527,0
98111,1
108103,0
82965,0
82871,1
60597,0
80501,0
92771,0
59996,0
132678,0
75428,0
117347,0
4696,0
61622,0
14390,0
140388,0
22197,0
58031,0
59945,0
93833,1
137364,0
110538,0
63775,0
71373,1
113710,0
120431,0
41659,1
3938,0
37355,0
35840,0
51818,0
139641,0
89026,0
5565,0
89164,0
110860,0
57313,0
99396,1
80326,0
2780,1
2758,0
135054,0
65386,0
85903,1
116048,0
105184,0
76937,0
120083,0
42114,0
115030,1
118398,1
95253,1
78656,0
79635,0
74721,1
119311,0
24126,0
16280,0
120866,0
139705,0
1450,0
14259,1
55172,0
108844,0
35862,0
85005,0
22338,1
50441,0
16427,0
114693,0
97335,0
122887,1
15398,0
99463,0
52658,0
108712,1
108510,0
46792,1
35087,0
108940,0
70218,0
8598,1
129289,1
134239,0
15641,0
65716,0
39269,1
20607,0
24972,1
21597,0
102889,0
132233,0
83440,0
129964,0
80526,0
2846,0
69328,0
123687,1
117045,0
55403,0
59430,1
83857,0
93550,0
61840,1
23270,0
49174,0
126389,0
72071,0
139886,0
75533,0
115703,0
97238,0
138818,0
133224,1
40590,0
59667,0
28437,0
123978,0
124052,0
97431,1
63955,0
94068,0
81971,0
104092,1
366,0
117385,0
18264,1
117671,1
87286,0
14615,0
81921,0
27812,0
105033,1
87874,0
75610,0
17062,0
32262,0
98408,1
76613,1
71565,0
75762,0
138596,0
32967,0
82685,1
51916,0
59573,0
48659,0
52133,0
33001,0
120527,0
117354,1
53351,1
85469,0
61259,0
29829,0
104081,0
44829,0
82503,0
72392,0
29424,0
19619,0
84790,0
115500,0
130569,0
25441,0
12386,0
2463,0
19529,0
125194,0
18406,0
71513,1
10306,1
129559,0
67911,0
53009,0
45215,0
65313,1
36290,0
13974,0
55980,0
16795,0
86847,0
72017,0
19642,0
112434,0
138031,0
51934,0
127862,0
50382,0
34471,1
28080,1
109974,0
42364,0
102346,0
134731,0
108680,1
89400,0
97430,0
110693,0
101691,1
69990,0
111746,0
76769,0
78375,1
118113,0
74293,0
97969,1
76173,0
13993,1
57048,0
101221,0
927,0
79354,0
138290,0
68948,0
13924,0
136723,0
132347,0
73043,1
1020,0
132246,0
51497,0
3189,0
121903,0
31273,0
31601,0
53824,0
10885,0
96925,0
6448,1
84225,1
66488,0
32145,0
123736,0
34057,0
74204,0
128046,1
128303,0
66794,1
90467,0
273,1
68900,0
72420,0
65960,0
112486,1
30048,0
31100,0
108439,0
66320,0
9246,0
29470,0
139558,0
129322,0
102029,0
23460,0
24225,0
130328,0
92987,0
77077,1
128785,1
2500,0
22761,0
87260,1
33753,0
117083,0
105049,0
28924,1
67946,0
14595,0
36966,0
15453,0
14573,0
19355,1
73676,0
60328,1
98894,0
47017,0
39162,0
41229,0
32423,0
51054,0
111035,0
132901,1
78657,1
138535,0
56217,0
93339,0
125617,0
19025,0
116848,0
45102,0
71874,1
140259,0
14405,0
62825,0
47262,1
37730,0
102176,0
130089,1
61232,0
110355,0
53130,0
53075,0
2301,0
14321,0
26843,0
124566,0
60977,1
120084,0
119984,1
81322,0
8726,0
12822,0
25447,0
63668,0
124924,0
12789,0
112613,0
41273,1
90615,0
27172,0
116649,0
10196,0
49460,0
1907,1
134745,0
47864,0
23053,0
112730,1
39151,0
83521,0
9805,0
67474,0
2167,0
61846,0
127420,1
130486,0
59827,0
22178,0
8059,0
11692,0
57244,0
8428,0
84679,0
54921,1
130946,0
46261,0
55459,0
111773,0
133407,0
76561,0
92882,0
121021,0
11196,0
129728,1
19889,0
128432,0
23488,1
68204,0
16693,1
22322,0
138309,0
126181,0
21290,0
126786,0
3762,0
5834,0
127761,0
40799,0
73386,0
91027,0
30803,0
83289,1
17382,1
87069,0
81189,0
74950,0
50693,0
118234,0
125775,1
19162,0
82401,0
14191,0
100107,0
77726,0
93654,1
46173,0
77559,0
85523,0
85975,0
80780,0
97559,0
53630,1
31937,0
128557,0
127238,0
111161,0
70301,0
71443,0
83110,0
82719,0
117301,1
121474,1
75298,0
25706,0
100218,0
119723,0
73183,0
125820,1
3977,0
14230,0
88803,1
36191,1
4981,0
55315,0
5351,0
99657,1
41037,1
128286,0
44817,0
46099,0
33737,0
66767,0
64769,0
112731,0
101109,0
107161,0
61990,0
99104,0
71531,0
69566,0
69158,0
71419,0
117995,0
135190,0
13843,0
3691,1
102759,0
122252,1
48326,1
94654,0
41545,0
66708,0
44388,0
4206,0
91416,0
30286,0
25756,0
48993,0
107623,0
99397,0
4608,0
80003,0
139946,0
28107,0
6151,0
135001,0
35176,0
43540,0
63746,0
136159,0
74712,0
75572,0
85179,0
11341,0
40950,0
52767,0
80140,0
99419,0
111940,0
94100,1
89635,0
64079,0
82016,1
37601,0
94697,0
9730,0
129703,0
15395,0
99557,0
65745,0
76559,1
36518,0
135123,0
23423,0
35900,0
105687,0
91772,0
20504,0
55364,0
124654,1
24011,1
14662,0
133872,0
4598,1
94986,1
57941,0
119383,0
90047,0
24213,1
94783,0
82822,0
61733,0
68623,0
11757,0
69362,0
72545,0
26216,0
81706,0
14956,0
122036,0
80886,0
24326,0
132975,0
33014,0
113608,0
64282,0
129171,0
278,0
127875,1
79211,0
1184,0
128560,0
114625,0
134102,0
67347,0
47349,0
2208,0
21144,0
88889,0
91055,1
129347,0
85278,0
16490,0
131785,1
32396,1
5440,0
118067,1
33459,0
73543,0
19376,0
46637,0
78077,0
79798,0
81972,0
6359,0
140182,1
77742,0
127937,0
60391,1
19917,0
23821,0
81894,0
138267,0
93359,0
34479,0
91230,1
78188,1
80094,1
135099,0
73390,0
35650,0
2787,0
124817,1
83654,0
45789,0
35366,0
63522,0
35246,0
94363,0
41740,0
93255,0
114490,0
87818,0
95949,1
63179,1
113836,0
59748,1
113465,0
69368,0
23478,0
97635,0
35415,0
103618,1
64054,0
112741,1
16062,0
63281,0
123081,0
124356,0
36528,0
86188,0
132481,0
126730,0
6506,0
20221,0
14222,0
46861,0
29980,1
64236,0
97452,0
39066,1
67631,0
92756,0
29891,0
79192,0
23551,1
109310,0
67766,1
346,0
58191,1
32224,1
118309,0
72158,0
61301,0
78526,0
24755,0
47074,1
131701,0
52190,1
50549,0
135733,0
1429,0
132200,0
106315,0
98727,0
129945,0
106850,0
128995,0
36606,1
61630,1
24566,0
70632,0
49295,0
66490,0
139583,1
102865,0
83271,1
132304,0
83898,0
6564,1
112985,0
104175,1
121814,0
78119,0
134299,0
28963,0
60486,0
116258,0
443,1
132503,0
63252,0
30809,0
84112,0
47339,0
34569,0
88138,0
69976,1
82863,0
117037,0
49706,0
60993,0
55634,0
8660,0
3468,0
3931,0
17912,0
55454,0
129185,1
45210,0
23835,0
72892,0
62959,0
64419,1
36232,0
116723,1
85722,0
6069,0
22586,0
26345,0
68319,0
76750,0
114762,0
42612,0
72783,0
112084,0
71663,0
86186,0
51769,0
64037,0
19472,0
50169,1
2352,0
111799,0
13261,1
137551,1
60862,1
118964,0
10828,0
106146,0
106650,0
74170,0
46989,1
58818,0
16948,1
45012,0
82433,1
51943,0
72167,1
125573,0
37515,0
90843,1
111835,0
70648,0
22683,0
5255,1
12066,0
73507,0
24210,0
15234,0
28514,0
85126,1
93510,0
94490,1
54592,0
15827,0
17261,0
124816,0
100441,0
3409,0
40423,0
72806,0
89775,1
16257,0
707,1
39770,0
117617,0
77141,0
99305,1
2325,1
57461,0
78026,0
24037,0
128346,0
38779,0
64748,0
1538,0
120538,0
21931,1
56745,1
53605,0
30581,1
25201,0
12304,1
8006,0
47028,0
49128,0
88420,0
139204,0
4184,1
13887,0
111169,0
103474,0
120458,1
83391,0
139450,0
43928,0
30579,0
30266,0
24699,0
23174,0
37134,1
74791,0
45673,0
91256,0
9802,0
51145,0
124136,1
52862,1
124118,0
936,0
86582,0
27512,0
5185,0
128497,0
75159,0
88953,0
117681,0
134266,0
136712,0
44049,0
127818,0
110405,0
20838,0
57635,0
103233,0
107676,0
102341,0
45550,0
61615,0
3744,0
17677,0
71577,0
119395,0
121126,0
120142,0
18641,0
62475,0
29370,0
73199,0
21267,0
118397,0
31814,0
34773,0
113008,0
86867,0
31210,1
72169,1
83912,0
18216,1
139028,1
55043,1
6667,0
103903,0
21769,1
126099,1
53727,0
80545,0
14645,1
107969,0
44219,0
129403,0
4879,0
95422,0
35842,0
99659,0
31826,0
69697,0
120834,1
122755,1
75227,1
119534,0
23506,0
98618,0
74318,1
128069,0
87492,0
71402,0
84062,0
111914,0
10963,0
125883,0
29693,0
117663,0
1301,1
137275,0
2796,0
2378,0
16106,0
62848,0
139921,0
122592,0
80031,0
29056,1
127385,0
89533,0
129380,1
39783,0
133192,0
71860,0
75164,1
25815,0
57781,0
91669,0
7825,0
33544,0
118429,0
37039,0
57205,0
42907,0
86670,0
33335,0
37959,0
85346,0
43895,1
84744,0
12791,0
88712,0
54791,0
69729,0
38991,0
66081,0
70018,0
31284,0
69133,0
59788,0
98205,0
50801,1
57754,1
66443,1
54954,0
108494,1
108677,0
85711,0
78435,0
47636,0
136394,0
39352,0
43204,0
117388,0
50932,0
45516,0
108785,1
136669,0
109949,0
115219,0
77997,0
51789,0
113928,0
122262,0
134965,0
55256,0
125409,0
96325,0
116099,1
118058,0
73426,1
73738,0
48112,1
139548,1
32522,0
3651,0
56348,0
9860,0
67325,1
101295,0
18259,1
89283,0
104561,0
30811,0
125106,1
27519,0
107428,0
136930,1
82120,1
85341,0
19924,0
75368,1
112793,0
57474,0
84632,0
51085,0
129576,0
20473,0
62796,1
140174,0
123635,0
109848,0
100121,0
133618,0
112298,0
42958,0
102949,0
60528,0
51263,0
135812,0
112615,0
12828,0
31441,0
103502,0
53305,0
79812,0
100177,0
124149,0
102162,0
78933,0
80812,0
39687,0
103595,0
97630,0
26656,0
116354,0
124008,0
76237,1
59155,1
138808,0
132507,0
70970,0
93771,0
90307,0
34729,1
38135,0
42009,0
37020,1
39933,0
66813,0
103470,0
16198,1
82280,0
40119,0
64196,0
22791,0
73712,0
132395,0
70961,0
113768,0
123796,0
128972,0
32656,0
135539,0
112624,0
137576,0
69967,0
13726,0
118955,0
85549,0
121776,1
95987,1
117507,0
75057,0
22258,0
18656,0
45514,0
13005,1
46669,0
119292,0
28093,1
134747,0
98195,0
87133,0
105591,0
90678,0
17861,0
74740,0
98394,0
126609,0
103941,0
134878,1
12269,0
139531,1
130851,0
125272,1
128400,0
111123,0
94950,0
42291,0
54931,0
18459,0
57081,0
57569,1
27217,0
85397,0
55617,0
114014,0
131763,0
116307,0
34484,0
65385,0
116817,1
110653,0
105455,0
90150,0
62957,0
46742,1
108977,1
131510,1
89235,0
123573,1
31067,1
31338,0
39939,0
18265,0
125606,0
15102,0
22362,0
103086,0
5032,0
35086,0
134463,1
104392,0
61542,0
79080,1
110886,0
128081,0
41286,0
26734,0
119160,0
10445,0
10994,0
16696,0
122790,0
111482,0
89201,0
77266,0
71734,0
60720,1
74951,0
48300,0
109269,0
117944,1
106854,0
93095,0
61252,0
72651,0
43739,0
118165,0
29296,0
23384,0
119081,0
126668,1
17410,1
118648,1
106451,0
111084,0
81952,0
59453,0
137980,1
40326,1
30430,0
7854,0
58737,1
91575,0
113712,0
125956,0
69752,0
56676,0
51737,0
90017,0
124266,0
41362,0
54955,0
23745,0
31360,1
128038,0
30816,0
21360,1
113134,0
38576,0
33248,1
102923,0
98609,1
71984,0
44662,0
123515,0
38420,0
9100,0
115646,0
137428,0
84623,0
35824,0
123628,0
23876,0
110252,0
114906,0
36767,0
62647,0
107920,0
81061,0
112708,0
112913,1
41989,0
25059,0
10270,0
45267,0
103754,0
94143,0
139951,0
95723,0
51584,0
108048,0
45692,0
103142,1
121840,0
90129,0
119423,0
63682,0
30545,1
28703,0
93161,0
127463,0
118628,0
44211,0
23661,0
134490,1
56979,0
115277,0
23977,0
140492,0
6221,0
33770,0
49813,0
25004,0
62876,0
6118,1
94348,0
82140,0
106170,0
2088,1
129360,1
129771,0
80456,0
83466,0
32126,0
133553,0
28967,0
94674,0
50455,1
80075,0
98500,0
60485,1
49710,0
4721,1
78155,0
125674,1
393,0
59042,0
138944,1
113023,0
54043,0
29014,0
49058,0
38765,0
121004,1
14287,0
58096,0
61710,0
58321,0
105707,0
124227,0
15880,0
40971,1
18711,0
130933,1
128100,1
132396,0
40949,0
118062,1
123730,0
53762,0
78615,0
89701,0
12248,0
120052,0
125760,0
131482,0
72825,0
94848,0
63638,0
10679,0
107369,0
37460,0
70507,1
22446,1
50832,0
71625,0
136489,0
134797,0
72768,1
8159,0
17085,1
91693,0
87411,0
41748,0
34392,0
121494,0
101906,0
77298,0
112273,0
5561,1
61520,0
103193,0
21008,0
48500,0
121024,0
126663,1
29990,0
66615,1
39419,1
62526,0
63258,0
51646,0
130286,0
50813,0
99547,1
72512,0
25072,0
121852,0
36578,0
39389,0
33393,0
71218,0
130097,0
69595,0
138005,1
28800,0
29800,0
138834,0
23801,0
45791,0
30657,1
25877,0
120841,1
17970,0
14691,0
109323,0
34612,1
99352,1
118214,0
766,0
90810,0
119906,0
37777,0
7071,1
126885,0
79126,0
89807,1
84217,1
91976,0
74225,0
138805,0
24847,0
113021,0
10336,0
51527,0
79020,0
110880,0
99399,0
61591,0
16482,0
15638,0
130572,0
1245,0
90823,0
32211,0
22158,0
135759,0
94586,0
90772,0
86221,0
1781,0
121520,0
128096,1
78771,0
107205,0
23011,0
115968,1
42541,0
62743,1
58768,0
99207,0
1779,0
19517,0
44507,0
47470,0
24249,0
69418,1
108307,0
106191,0
114821,0
139748,0
3437,1
34970,0
72086,0
135234,1
64798,0
106929,1
134060,0
30396,0
26965,1
122598,0
58278,0
10092,0
129921,0
108467,0
92883,1
8391,0
109768,0
75927,1
113839,0
82545,0
57067,0
20962,0
68722,1
113043,0
20619,0
127873,0
133013,0
123303,0
108330,0
41251,0
66977,0
10785,0
33163,0
32442,1
124622,0
30653,0
135101,0
67349,0
135030,0
60505,0
54164,0
68951,0
131869,0
44448,0
127562,0
13292,1
89351,0
38177,0
44387,0
87139,0
2861,0
107138,0
120693,0
88492,0
95955,0
62007,0
61997,0
80730,0
107317,1
126679,1
80265,0
15200,0
9893,1
8624,0
17383,0
49888,0
27921,0
6402,0
108739,0
55706,0
59843,0
105598,0
52629,1
65761,0
13363,1
114735,1
44357,0
12223,0
3088,0
65780,0
80323,1
131527,0
71494,0
130273,1
13030,0
32786,1
52845,0
11009,0
54616,0
94870,0
8646,0
116254,0
41773,0
59773,0
86214,1
130254,0
4859,0
116621,0
37238,0
83546,0
102917,0
69706,1
115814,0
17978,0
43698,0
127965,0
122636,0
35099,0
137037,0
120313,0
7731,0
115409,0
68789,1
73772,0
3877,1
69494,0
102421,0
65793,1
46067,0
32676,0
23119,0
27357,0
134226,1
18950,0
28741,0
128830,0
131908,0
14005,0
37126,0
122617,0
41902,0
39655,0
83351,0
97913,0
112454,0
25926,0
71973,0
37171,0
64325,0
139060,0
104570,1
134568,0
52972,0
131245,0
35458,1
128630,0
110664,1
11326,0
46219,0
109510,1
36332,0
105117,0
129812,0
49388,0
135513,0
45881,0
47403,0
100134,0
116400,0
85223,0
6629,0
67366,0
40268,0
123302,0
5914,1
84420,1
101684,0
9033,0
35237,0
116786,0
54555,0
56589,1
74064,0
137407,0
64276,0
90585,0
108581,0
136379,0
50415,0
114982,1
95270,0
135886,0
96835,0
130289,0
1180,0
15624,0
24976,0
96705,0
138724,1
52462,0
12666,0
92515,0
385,1
18613,0
21834,1
140061,0
53345,0
66902,1
7563,0
116924,0
110205,0
122622,0
20512,1
46540,1
106985,1
79797,0
69232,1
20993,0
5392,0
109289,0
135141,0
126414,0
137467,0
58454,0
73663,0
36020,0
71348,0
81448,0
75129,0
41149,0
79083,1
9643,0
138098,1
29856,0
9035,0
110754,0
107436,0
36761,0
100648,0
8707,0
103461,0
66356,0
84996,0
126711,1
79946,0
29576,0
6178,0
82828,0
23273,0
114711,0
30309,1
49932,0
135639,0
82195,0
50981,0
69472,0
83953,1
8020,0
82670,0
59472,0
48494,1
101816,1
46632,0
16800,0
70883,0
66107,1
39593,0
101745,0
64354,0
62161,0
17925,0
24763,0
12528,0
66363,0
104430,0
49480,0
15716,0
77940,0
137808,0
75878,1
124193,0
99698,0
80344,0
78147,0
88387,0
68294,0
105237,1
68523,1
107947,0
86353,0
50736,0
103863,0
45737,0
37251,0
93424,0
70793,0
68956,0
23262,1
524,1
13685,0
65647,0
25213,0
120828,0
16767,0
1159,0
59007,1
70988,1
132287,0
140692,0
127638,0
61771,0
4557,0
50513,0
23910,0
46543,0
90113,0
136371,0
111081,0
97499,0
98152,0
34074,0
75993,0
128174,1
34967,0
136093,0
129468,0
81255,0
22797,1
110831,0
40125,1
78311,0
80037,0
34144,0
43023,0
27015,0
54703,1
91262,0
13760,0
9852,1
17777,0
77956,0
39957,0
34849,0
51577,0
97476,0
10184,0
119192,1
66174,0
28508,0
43375,0
121751,0
105699,0
72948,0
42817,0
34381,0
124912,0
9464,1
82901,1
61085,0
112505,0
37522,0
44865,0
133036,0
2995,0
37455,0
64586,0
27982,1
50258,1
139238,0
95239,1
134216,0
117141,0
59918,1
139985,0
1109,0
95743,1
44740,0
1160,0
53366,0
49129,0
62185,0
71596,0
94940,1
109982,0
89585,0
137727,0
55118,0
138908,0
31801,0
14749,0
17939,0
32419,1
113551,0
138006,0
26819,1
28679,0
108162,0
130402,0
112932,0
90960,0
93574,0
86041,0
50746,0
98849,1
13966,0
13669,0
264,0
110794,0
115354,1
749,0
22666,0
65688,0
125047,1
134780,0
8324,0
73313,0
97842,0
127618,0
94331,0
21916,0
114482,0
22473,1
85057,0
22470,0
30622,0
120152,0
98922,0
62597,0
24613,0
133546,0
49841,0
17661,0
89252,0
66814,1
25002,0
125929,0
5492,0
18827,0
32769,1
84464,0
14832,0
55984,0
24328,0
26069,0
12434,0
20269,0
34531,0
34336,1
102371,0
31677,0
24240,0
124636,0
104876,0
66492,0
70707,0
87655,0
135583,1
18337,0
108596,0
78243,0
39237,0
66640,0
106941,0
11054,0
58928,1
135801,1
122604,0
29749,0
68629,0
1307,1
106972,0
29342,0
33780,0
35446,1
78900,0
16157,0
70801,0
125668,1
25163,0
125122,0
47597,1
128305,0
73986,0
89632,0
102540,0
90178,0
132565,0
69953,0
1208,0
8165,0
10159,0
109665,0
55405,1
108738,1
89704,0
93725,0
58036,0
86295,0
94623,0
106125,1
12551,0
9717,0
105512,0
104067,0
132694,0
30788,0
53332,0
56170,0
46818,0
74462,0
73900,0
107447,1
26200,0
138032,0
48068,0
82646,0
20516,0
91801,0
59454,0
90525,0
26300,0
115677,0
92656,0
92361,0
124726,0
85287,0
49419,0
81501,0
21966,0
97021,0
117053,0
62886,0
51273,0
65039,1
25663,0
46583,0
105563,0
82919,0
69868,0
117837,0
103322,0
76036,0
102422,0
44783,0
19716,0
115577,0
126328,1
31582,1
40117,0
96955,0
11380,0
67806,0
84049,0
121190,0
106267,0
8451,0
22724,0
116506,0
46612,0
123546,1
95467,1
139851,0
105772,1
80512,0
125608,1
31376,0
110052,0
102830,0
122468,0
35852,0
43463,0
40756,0
119498,0
23496,0
84258,1
111611,0
87455,0
48199,0
104721,1
29203,1
75439,0
79388,1
77546,1
23083,0
42076,1
62076,0
30714,0
133904,0
10784,0
99112,0
76110,1
79239,1
1782,0
14414,1
114159,0
34932,0
55870,0
105818,1
101244,0
73211,0
113833,0
19977,0
134656,0
89313,0
33750,0
72447,0
107793,0
106559,0
7140,0
33914,0
72995,0
121657,0
40394,0
35580,0
136537,0
48765,1
99910,0
117499,1
9266,0
14359,0
32889,0
17174,0
103257,1
67472,0
65828,0
126338,0
48021,1
133976,0
30632,0
75655,1
118409,0
124681,0
136615,0
15886,0
139367,0
20759,0
96266,1
37242,0
22611,0
102847,0
126571,0
13287,0
70358,0
1938,0
113697,1
137511,0
76457,0
68108,1
121361,0
56490,0
80473,1
72718,0
107095,0
15500,0
11912,0
127090,1
9588,0
35335,0
103597,0
63479,0
66264,0
25527,0
137717,0
94745,0
9896,0
110878,0
5900,1
52648,0
102604,1
115846,0
15185,0
127951,0
53160,0
65220,0
26281,0
24403,0
97290,0
90234,1
78556,1
84685,0
62036,0
122653,0
31805,1
139888,0
16203,1
82747,0
44984,0
53021,0
46713,1
5092,1
26269,1
116821,0
14455,0
106629,0
48171,0
133312,1
66697,0
100146,0
64269,0
58773,0
10839,0
35078,1
88450,0
54342,0
74770,0
77539,0
19441,0
61829,0
125131,0
82707,0
16141,0
79355,0
103750,0
45418,1
47408,0
81918,0
56227,0
124464,0
5140,0
134578,1
101497,0
43677,0
91717,0
42745,0
4636,0
11818,0
116586,0
139000,0
38861,0
57738,1
14655,0
139108,0
21746,0
36552,0
33880,0
85383,0
8574,0
34535,0
62722,0
72098,0
58993,0
3869,0
47904,0
15191,1
132540,0
81139,0
93697,0
99121,0
67608,1
106524,1
65212,0
37213,0
130973,0
84384,0
99709,0
106493,0
29047,0
119484,0
112824,0
111647,0
49629,0
35484,1
127636,0
97839,0
63134,0
59536,1
19401,0
33572,1
59325,0
12465,0
122657,0
126955,0
54777,1
136619,0
82463,0
30058,0
124345,0
34393,0
80405,0
79850,0
117201,1
133151,0
49424,1
110858,0
110846,0
70444,0
85973,0
26800,1
127960,0
40851,1
4768,1
39988,0
84778,0
132784,0
27408,1
19628,0
60529,0
39288,0
57337,0
103174,0
80138,1
54701,1
86606,1
125892,0
118221,0
46706,0
50203,0
49665,0
96605,1
64832,0
18391,0
99532,0
93561,1
138560,0
121397,0
10320,0
61640,1
37463,0
26607,0
117067,1
66735,0
118417,0
124551,0
45719,0
2011,1
39646,1
48236,1
124568,0
63575,0
79198,0
59500,0
6455,0
122854,0
103264,0
114032,0
73264,0
100981,0
126830,0
33162,0
120467,0
64183,0
97994,0
56898,0
9018,0
51234,0
380,1
31463,0
96049,0
8209,1
77570,0
62215,0
6992,0
59098,0
130378,0
4614,0
50540,0
80304,1
8110,0
12808,0
6968,0
46570,1
7833,0
11990,0
34152,0
107448,0
32284,0
84223,1
22549,0
114163,0
27769,0
36537,0
35351,0
28855,0
131221,0
128864,1
131375,1
41212,0
23857,1
54876,1
80825,0
66860,0
30897,0
60010,0
95482,0
51496,1
42937,0
131266,0
109804,0
18081,0
131820,1
126876,1
2712,1
98095,0
546,0
115836,1
91615,0
69966,0
48312,0
47202,0
11138,0
96113,0
62784,1
90739,0
78677,0
87048,0
12100,0
13112,0
112928,0
7159,0
114299,0
121693,0
47259,0
58192,1
66663,0
93167,0
58466,0
65346,1
130811,0
34274,0
135232,1
1663,1
88490,0
45938,0
96691,1
116168,0
77629,0
54523,0
78341,0
122406,1
90760,0
90391,0
110444,0
54727,0
76464,0
135856,0
64011,1
104623,0
38595,0
108520,1
32185,1
89145,0
10847,1
27333,0
87262,0
122952,0
93821,1
65711,0
105392,1
64062,1
23888,0
137670,0
25676,1
58598,0
120197,0
63885,1
65146,0
87169,0
46446,0
111512,0
101897,0
106766,1
27538,0
133693,0
108463,0
79549,0
92681,0
125300,0
11129,0
116226,0
101674,0
140369,0
12488,0
46288,0
66387,0
116652,1
138336,0
63259,1
122773,0
71149,0
49088,1
118978,0
103323,1
24468,0
11189,0
14761,0
81688,0
129555,0
68357,0
52708,0
27002,0
12780,0
117919,0
101229,1
112277,0
78506,0
55904,0
90065,0
67715,0
62089,1
104159,1
21166,0
36878,0
136131,0
76823,1
130383,0
83407,0
29121,0
27310,0
34158,0
109463,0
99377,0
67227,1
66563,0
55319,0
109827,0
117658,0
18266,0
7676,0
129123,0
30003,1
38601,0
24712,0
69436,0
66765,0
89471,0
80762,1
22209,0
116987,1
3054,1
134550,0
132787,0
21168,0
17056,0
45698,0
52166,1
11160,0
22622,0
28204,0
31017,0
51480,0
99224,0
16460,0
64430,0
19188,0
43457,0
30890,0
7267,0
36208,1
10513,0
32791,0
8958,0
92273,0
19532,1
10717,0
60435,0
32281,1
50311,0
84592,0
96657,0
134305,0
91305,0
71101,1
28718,0
110976,0
17690,0
134337,0
135333,0
320,0
88340,0
18005,0
37001,1
137803,0
6187,0
116915,0
19913,0
69314,0
114998,0
105750,0
46113,0
102499,0
125090,0
75917,1
54068,0
10353,0
98503,0
111145,0
44569,1
121909,0
9367,0
46622,1
28343,0
90462,1
123076,0
67794,1
3963,0
49477,0
80284,0
24321,0
136693,0
102392,0
42495,0
130018,0
111771,0
110263,0
75603,1
132452,0
124097,0
137614,0
47143,1
97651,0
126916,0
114912,1
54021,0
33944,0
90923,0
2556,0
35892,0
61749,0
61083,0
24429,0
37413,1
46417,0
52563,0
12801,0
126218,0
38550,0
53181,0
22551,0
36951,0
92387,0
99714,0
23724,1
67888,1
118231,0
44178,0
32027,0
52215,0
73303,1
32349,0
10177,0
67904,0
36836,0
77930,0
126522,0
123532,0
127752,1
95416,0
71363,0
135315,0
16686,0
31335,1
101066,1
111983,0
34639,1
115119,0
99731,0
114199,0
21586,0
74866,1
15042,0
66254,1
64614,0
5293,1
78834,0
78790,0
106743,0
41074,0
44090,0
41571,0
1225,1
66361,1
72354,0
93222,0
131909,1
112172,0
18059,0
126848,0
39415,0
59057,0
41343,0
63267,1
26756,0
47644,0
112564,0
98148,0
101542,1
50563,0
113970,0
70933,1
114161,0
134362,0
85012,0
54471,0
45377,0
128837,1
104229,0
8560,0
39179,0
79749,0
34345,0
6798,0
52280,0
14283,0
99067,0
55279,0
80391,0
113987,0
15451,0
70119,0
39795,0
97560,1
124998,0
32688,1
82399,0
20867,0
127714,0
54422,0
134639,1
23957,0
112693,0
119553,1
44197,1
78546,0
33221,0
97356,0
65655,0
132318,0
103997,0
65557,0
60849,0
102454,0
10053,0
113638,0
48814,0
17458,0
95052,0
19938,0
25795,0
64206,0
125987,0
84083,0
138570,0
108917,0
47639,1
54618,0
126045,0
26820,0
102036,0
124336,0
26185,1
36105,0
61457,0
83298,0
37275,0
66780,0
41095,0
106052,0
112828,0
61394,0
102351,1
10224,0
84319,0
2358,0
122199,0
86716,0
12811,0
20205,0
13473,0
123056,0
76867,0
68363,0
72916,0
10065,0
25069,0
32212,0
49434,0
135975,0
57336,0
108571,0
96956,0
62103,0
80929,1
30907,0
132734,0
106016,1
128230,0
78347,0
21101,1
105462,0
79155,0
88954,0
1709,1
135341,0
111028,0
27603,0
19729,0
43566,0
100490,0
33202,0
65717,0
115906,0
65147,1
95715,0
133230,0
16017,0
85951,0
64883,0
22795,0
123104,0
134033,0
128928,0
131579,0
133309,1
1790,0
89705,0
92660,0
123823,0
23142,0
118676,0
71212,0
58222,1
122163,0
37720,0
134660,1
36178,0
29622,0
83657,0
99348,1
53127,0
61372,0
63025,0
13595,0
11386,0
138670,0
14038,0
21508,0
101613,0
26691,0
61342,1
75731,0
133488,0
93857,0
15605,1
31297,0
45855,1
77553,0
92804,0
140030,0
22879,0
84165,0
13893,0
12311,1
57796,0
120375,0
45428,1
104542,1
19803,0
76889,0
91946,0
12309,0
27688,0
18523,1
29528,0
131504,1
120061,0
18756,0
41305,1
23769,0
106894,0
64728,0
110679,0
109677,0
61482,0
134415,0
43171,0
136391,0
77642,0
25627,1
53397,0
115336,0
85101,0
22008,0
125944,1
115496,0
16604,0
113946,0
9206,0
35390,0
60409,0
113413,0
104428,0
96122,0
135374,0
50042,0
15546,0
136764,0
85335,0
73395,0
89021,0
31651,0
70577,0
103436,0
54017,0
124805,1
113178,0
133989,0
137855,0
86831,0
39442,0
526,0
68563,0
101945,0
92919,0
108773,0
49446,1
56540,0
136185,0
44712,0
31893,0
85775,0
113081,0
84768,0
134376,0
140383,0
98748,0
136738,0
79277,1
79818,0
6795,0
2295,1
137908,0
81872,0
83812,0
91309,1
117273,0
13068,0
116825,1
128039,1
10708,0
14989,0
64092,0
134581,0
129458,0
34881,0
133769,0
91957,0
44609,0
93186,0
25131,0
110581,0
9583,1
24637,1
5259,1
137267,1
24283,0
116879,0
78011,1
117327,0
94014,0
63488,0
86939,0
10810,0
56394,1
88861,0
86303,0
42401,0
44715,1
67684,0
12692,1
111601,0
21920,0
103120,0
74536,0
93667,0
125546,0
139272,0
39771,0
51616,1
61500,0
114140,1
134082,0
77115,0
300,1
111971,1
95094,0
39297,0
28872,0
131749,0
113471,0
129156,0
73246,0
45569,0
15316,0
51548,0
82445,0
107986,1
72430,0
60260,0
92659,0
69518,0
122976,1
49142,0
137483,0
106272,0
123291,0
76530,0
43162,0
103641,0
110453,0
62838,0
114920,0
67813,1
71946,0
71256,0
54961,0
115394,1
97737,0
1165,0
90061,0
7054,0
62797,0
71079,0
42345,1
4325,1
56534,0
44959,0
49822,0
44961,0
32056,0
69054,0
70701,0
70002,0
107073,0
71777,0
107454,0
31741,0
39501,0
61425,0
83512,0
119483,0
93340,1
102946,0
30173,0
138454,0
55797,0
77370,1
77749,0
59424,0
18417,0
23240,0
89514,0
134908,0
94773,1
82629,0
475,1
41365,0
8038,0
72365,0
3967,0
13489,0
117128,0
101903,0
18384,1
133267,0
104284,0
25718,0
106109,0
33249,0
14506,0
16466,0
28064,0
52135,0
54797,0
26305,1
135853,0
60699,0
92759,0
9096,0
55892,0
116076,1
115936,0
38269,0
83782,0
40395,1
106550,0
24906,0
81391,0
85405,0
38888,0
61029,0
102004,0
98285,0
130607,0
53623,0
18861,0
112099,0
57979,0
139371,0
41801,0
71651,1
60269,0
81611,0
121900,0
18493,0
108039,0
137988,0
8567,1
78033,0
17220,0
76977,1
93606,0
30224,0
93488,0
70585,0
96927,1
81080,0
128326,0
81789,0
112620,0
56182,0
12475,0
138128,0
9154,1
102182,0
130181,0
68907,0
30999,0
40437,0
57000,1
76922,0
52405,1
23526,0
27581,0
9437,0
35714,0
98868,0
99343,0
39531,0
68911,1
20781,0
54135,0
25157,0
109457,1
91227,0
5056,1
32174,1
57946,0
111154,0
59131,0
117193,0
108360,0
130218,0
100849,1
3152,0
101297,0
1945,0
94436,0
120534,0
68885,1
118988,0
24875,0
131461,0
28815,0
112959,0
107241,0
82815,1
44473,0
38160,0
84880,0
10589,0
63844,0
9951,0
123084,0
27413,1
99635,0
133911,0
71290,0
113736,1
46492,0
132521,0
67143,0
97526,0
87949,0
89296,0
124995,0
97498,0
38001,0
43836,0
71586,0
14634,0
60874,0
81744,0
121531,0
57833,0
52309,0
6101,1
10180,0
45828,0
50500,0
119521,0
80366,0
76432,0
84085,0
71622,1
44299,1
88638,0
29163,1
138322,0
89332,0
25522,0
57664,0
68475,0
73453,0
10344,1
51096,0
38926,0
42160,1
36557,0
33699,0
138110,0
21310,0
27740,0
76278,0
88914,0
117033,0
117993,0
107278,0
100882,1
137833,0
77318,1
45136,0
89158,0
99025,0
60657,0
123044,0
77218,0
125173,0
46054,0
56766,0
110474,0
71628,0
96041,0
73017,1
65748,0
34230,0
81007,1
99853,0
41742,0
27619,0
44029,0
109794,0
88350,0
96187,1
86297,0
32159,0
26863,0
13954,0
71823,0
69726,0
20636,1
136224,0
37925,1
4640,0
36755,0
12515,0
55507,0
66998,0
87890,0
21351,0
127441,1
98030,0
73163,0
76588,0
122043,0
112207,0
7949,1
64775,0
130803,1
140587,0
86717,0
70690,0
97980,0
34848,0
113042,0
90972,0
13106,0
19569,0
39117,0
64965,0
117910,1
54562,0
81733,1
129384,1
122063,0
27262,0
30231,0
62980,0
118704,1
69696,0
66506,0
72979,0
29672,1
98608,0
93834,0
9138,1
30815,1
120826,0
50024,0
16881,0
89217,0
51936,0
49004,0
22604,1
30075,1
4049,0
58650,1
139995,0
103255,0
105236,0
26754,0
46308,1
48430,0
124765,0
9529,0
46613,0
14890,0
61070,0
128868,0
74121,0
95102,1
65043,0
16560,1
131756,0
52148,0
3343,1
8478,0
112460,0
140405,0
124915,1
24156,1
11649,1
21923,0
13578,0
113560,0
17298,0
139954,0
45700,0
134921,0
80373,0
34297,0
52850,0
73871,0
39291,0
3605,0
38427,0
87996,1
16289,1
98372,0
111707,0
17499,1
110780,1
121115,0
64348,0
69413,0
92209,0
128091,0
100085,0
23815,0
98454,0
43949,0
42239,0
634,0
87493,0
14977,0
104338,0
72847,0
83259,1
73886,0
5780,0
81256,0
45426,0
10416,0
99519,0
41363,1
86486,0
128443,0
95227,0
99042,0
41038,1
6264,0
109191,1
47836,0
107246,0
33604,1
110517,0
77050,0
75219,0
57349,0
81150,0
30730,0
7619,0
138537,0
112492,0
119628,0
64582,0
78093,0
42047,1
118490,0
64654,1
135319,1
89416,0
49696,0
38245,1
86690,0
121925,0
69147,0
109236,0
47368,0
138839,0
140129,0
76758,0
54394,1
53441,1
112809,0
128792,0
125675,0
46343,0
109187,0
38326,0
77721,0
8677,1
837,1
105899,1
138573,0
59579,0
40991,0
19012,0
30505,1
26400,1
67801,0
82031,1
106252,1
12560,0
24409,0
89323,0
120005,0
72646,0
33348,0
49869,0
132885,0
57641,1
24458,0
95966,0
124946,0
79435,0
53225,0
39721,0
137260,0
18897,0
103476,0
122948,0
34207,0
129867,0
94883,1
101409,1
83158,1
46650,0
107930,0
21841,0
129229,0
28843,1
92817,0
137715,0
108501,0
22064,0
42486,1
5399,0
6310,1
25983,0
17252,0
100319,0
73120,0
113321,0
123247,1
70965,0
115365,0
51084,0
41517,0
61757,0
117060,0
71020,0
71496,0
36136,0
10444,1
24057,0
84094,0
60908,0
68080,0
37541,0
37320,0
78436,0
135757,0
2139,0
37589,0
37581,0
130603,0
77877,0
2469,0
21407,1
86334,0
50342,0
84786,0
28840,0
133738,0
45669,0
130888,0
41756,0
20039,0
139618,0
66581,0
100756,0
39607,0
112063,1
111506,0
19486,0
10757,0
46102,0
74505,0
44759,0
61461,0
8423,1
116688,0
57380,1
3612,1
77262,1
132114,0
40788,0
83,1
77336,0
10148,0
19030,0
125150,0
113181,0
86732,1
26338,0
136572,1
11205,1
140106,0
78413,0
139324,0
25671,0
71658,0
45218,0
114703,1
23866,0
105310,0
93448,0
51664,0
67633,0
66029,0
30621,0
39606,1
102057,0
136020,0
107611,0
111019,0
90130,0
90937,0
5269,0
73535,0
65434,0
31412,0
57497,0
5787,0
97285,1
27867,0
133234,1
32143,0
38577,0
52840,0
92814,0
29492,1
62606,1
121329,0
66432,0
139003,1
40785,0
18651,1
99526,0
78374,0
24816,0
52550,0
125062,0
22617,0
18734,0
34308,0
123041,1
86451,0
39065,1
113779,0
97046,0
124304,0
127787,0
40496,0
41259,1
127621,1
136616,0
99196,0
108112,1
55465,0
1055,0
136868,0
93478,0
78647,0
94981,1
72713,0
103473,0
134131,0
132119,0
10415,1
15925,0
41701,0
61942,0
4698,1
138000,1
42135,1
94687,1
109620,1
52880,0
44525,0
118228,0
25062,0
52355,0
55878,0
71425,0
60034,0
120902,1
110620,0
102576,0
139821,0
133469,1
73887,0
81683,0
123727,0
30677,0
26252,0
107977,0
85088,0
134595,0
136579,0
74599,0
53773,0
121350,0
109899,0
120479,1
136070,1
4796,0
98145,0
64137,0
36896,1
104822,0
122870,1
7381,1
2804,1
42891,0
64599,1
102354,0
78738,0
131207,0
32440,0
32257,0
2307,0
55946,0
76990,0
51339,0
116672,0
124808,0
70173,0
120619,0
20784,0
45843,0
114776,0
1206,0
31208,0
45940,0
62352,0
36254,0
114718,0
57322,1
127521,0
59957,0
28995,0
101167,0
140125,0
100976,1
20307,0
63545,0
10389,0
60962,0
21220,1
20670,0
76220,0
93466,0
20582,0
122264,0
90661,0
24719,0
16392,0
82876,0
11837,0
8286,1
2883,0
126607,0
46534,0
83416,0
42150,0
1003,1
139131,1
80176,1
118407,0
22981,0
120921,1
37858,1
15370,0
2349,0
83595,0
99658,0
88959,0
64756,0
98046,1
129517,0
32596,0
11453,0
75161,0
15410,1
27391,0
66781,0
101882,0
55966,0
18119,0
5356,0
90263,0
105805,0
485,0
139355,0
32323,1
109727,0
140046,0
18684,0
31860,1
97266,0
26174,0
19438,0
126361,0
82843,0
96568,0
112494,0
67308,0
50000,0
96928,0
62442,0
93798,0
92431,0
102370,0
29893,0
131626,0
123675,0
14819,0
77331,0
26211,0
11927,0
112528,1
31041,1
133856,0
95125,0
55292,0
35783,0
38718,0
51183,0
87096,0
6270,0
29432,0
17938,0
117086,1
9279,0
125477,0
52945,0
61230,0
67107,0
118738,0
112849,0
80430,0
38544,0
25978,0
96781,0
3433,0
102676,0
122605,0
44710,0
73451,0
23518,0
135382,1
42287,0
14815,0
37252,0
46013,0
85600,1
28102,0
92218,0
86367,0
97731,0
80077,0
27772,0
122667,1
86914,0
40844,0
10694,0
107503,0
46017,1
108011,0
109524,0
130680,1
124539,1
57199,0
115239,0
121988,0
38347,0
104436,0
8189,0
136284,1
44903,0
9062,0
18911,0
112398,0
20665,0
36904,0
133536,0
131108,0
94704,0
99004,0
7,0
135047,0
113515,0
127003,0
27194,0
117416,0
21970,0
6625,0
51602,1
43183,0
7052,0
49649,1
80294,0
52040,0
105672,0
76611,0
92246,0
109950,0
136276,0
121439,0
4819,0
73623,1
28999,0
123412,0
2849,0
132003,0
108865,1
81467,0
28692,0
128956,0
19661,0
74545,0
110734,0
52946,0
98924,0
25453,0
72985,0
63642,0
39024,0
137656,0
76787,0
63031,0
18331,1
109619,0
116426,1
18006,0
124417,0
103606,0
30963,0
50435,0
8938,0
85208,0
41181,0
54223,0
55978,0
66537,0
68476,0
117720,0
62211,0
51310,0
22717,0
49632,0
40017,1
135245,0
85399,0
5340,0
30247,0
138270,0
25023,0
48580,0
9146,0
28700,0
37789,1
74809,0
6289,1
10788,0
72566,0
27322,0
104271,0
46026,0
25204,0
34400,0
71757,0
113582,0
86849,0
13915,0
47414,0
40533,0
48652,0
124843,0
119139,1
130853,1
1294,0
48663,0
134200,1
108736,0
138462,0
2408,1
91686,0
53103,0
134778,0
52536,0
139564,0
5844,0
125491,0
18948,1
130688,0
13217,1
90706,0
111076,0
61924,0
126240,0
5454,0
88156,0
26930,0
89357,1
59644,0
52904,0
31295,0
28743,1
124110,0
12244,1
109402,1
121854,0
113649,1
101938,0
121780,1
83473,1
115522,0
21959,0
77400,1
140084,0
87076,0
89335,0
21328,0
7712,0
121516,1
120541,0
6983,0
96975,0
96524,0
85994,0
82960,0
44204,0
56156,1
139638,0
35628,1
19689,0
51928,0
122987,0
104836,0
7747,1
111749,1
109993,0
61810,0
120181,1
14609,0
3492,0
11942,0
95075,1
18306,0
97593,0
60354,1
58571,0
102157,0
15957,0
8703,0
27200,0
2568,1
78382,0
135043,0
3955,0
12776,0
121786,0
22047,0
55522,0
48687,0
123911,0
65865,1
39240,0
50429,0
129807,1
56335,0
2120,1
17567,0
86645,0
97629,0
97076,0
48636,0
36817,0
88161,0
50578,0
116507,1
113387,0
47105,0
15705,0
60506,0
17476,0
70630,0
81163,0
30618,0
123149,0
21181,0
81485,1
109953,0
109456,0
10090,0
16949,0
47269,0
104903,1
24810,0
73872,1
4170,0
116766,0
98173,0
101561,0
16111,0
38767,1
130798,0
42827,0
107060,0
108486,0
70982,1
76501,0
5729,0
115717,0
104390,0
110519,0
77023,0
113911,0
1976,0
116257,0
48425,0
36061,0
43173,0
129261,0
23328,0
125695,0
64600,0
35096,0
30145,0
104328,0
20658,0
83527,0
42282,0
68144,1
105825,0
130061,0
4001,0
103434,0
140408,0
73041,0
102898,0
109766,1
80460,0
134334,0
96053,0
69827,0
63148,0
8288,0
93232,0
407,0
7223,0
91733,0
53694,1
80483,0
57156,0
101638,0
30021,0
39146,0
31472,0
31587,0
108092,0
63529,0
56926,1
13997,0
25686,1
29957,0
3413,0
41843,1
48052,0
7743,0
18460,1
35979,0
84412,0
69814,1
45816,0
77520,0
42963,0
27678,0
109090,0
87107,0
27825,1
88978,0
115695,0
26842,1
35438,0
82869,0
103637,0
23838,1
86941,0
17728,0
102987,0
108836,0
64984,0
58772,0
92590,0
6002,0
96547,0
29564,0
53550,0
20721,0
65523,0
42615,0
27752,1
9777,0
90094,0
106313,0
2977,0
52764,0
88285,0
18201,0
55995,0
109144,0
104586,0
45090,0
104089,1
23624,0
138362,0
97638,0
98455,1
44820,0
12057,1
93602,0
119090,1
73262,0
2739,0
124064,1
63584,0
63508,1
55632,0
125123,0
16148,1
15633,0
84060,0
21294,0
72265,0
7986,0
52478,1
85864,0
60527,0
136534,0
21689,0
14968,0
79701,0
53706,0
126317,0
28450,0
64042,0
86991,0
58017,0
1612,0
36600,0
132051,0
71774,1
87529,0
42881,0
23951,1
105079,0
49111,0
110791,1
2475,0
112471,0
27144,0
100515,0
73632,0
101926,0
139637,0
608,1
54081,0
59702,0
95369,0
111248,1
7859,0
19305,0
116365,0
12415,0
115331,0
93372,0
133272,0
85952,1
82012,0
31856,0
82199,0
9344,0
77814,0
134161,1
87406,0
108853,0
58802,0
329,0
70536,0
67538,0
129447,1
43826,1
125790,0
19125,0
86586,1
118384,0
63477,0
108471,0
92247,0
12987,0
129503,0
127000,0
41635,0
124438,1
5666,0
46876,0
76399,0
108050,0
121834,1
94343,0
58455,0
107809,0
19837,0
130010,1
83180,0
17161,1
62782,0
5659,1
75063,0
58966,0
67388,0
135868,0
70778,0
94280,0
119001,0
5599,0
2906,0
1455,0
137344,0
20916,0
5631,0
32167,1
128278,0
34552,0
126877,0
122662,0
140490,0
30883,0
32773,0
139667,0
29847,0
12727,0
61488,0
116126,0
120481,0
44602,0
1236,0
10066,0
114432,0
52896,0
20722,1
101332,1
33641,0
14658,0
36093,0
95869,1
133326,0
91921,0
100031,0
22479,0
122006,1
4888,0
22067,0
124049,0
130869,0
40574,0
115323,0
74540,1
51830,0
56717,0
48866,1
119458,1
95985,0
4782,0
131365,0
22698,0
120633,0
50155,0
20496,0
23191,0
16195,1
83921,0
102856,0
27168,0
14951,0
109987,1
62142,1
30877,0
137351,0
42654,1
97270,0
51930,1
65575,1
18946,1
45554,0
88108,0
78013,0
42353,0
69402,1
101467,0
106858,1
32838,0
24770,0
40233,1
73148,0
69027,0
40162,0
11792,0
115562,0
117530,0
115994,0
122336,0
99370,1
140538,0
6544,0
129474,0
40203,0
132598,0
9148,0
95604,1
6421,0
114369,0
104205,0
75663,0
138384,0
87904,0
30868,0
138142,1
125138,1
53780,0
125741,0
2376,1
122590,0
15004,1
76957,1
98829,0
37994,0
91249,0
40305,1
38877,0
90514,0
2934,0
27058,0
133215,1
112153,0
25805,0
53417,0
118344,0
46152,0
35911,0
113818,1
83808,1
131632,0
139015,0
91315,0
53869,0
78947,0
139645,0
11265,0
72238,0
18426,0
99000,0
113099,0
32123,0
32037,0
78795,0
9272,0
72815,0
131528,0
61355,0
78557,0
44974,0
3029,0
89427,1
85928,0
62874,1
78014,0
105009,0
99574,1
139999,1
48437,0
95709,0
51009,0
127340,1
21209,0
25401,0
69811,0
112035,0
61104,0
81438,1
48339,0
53779,0
107486,0
98951,0
117902,0
122486,0
29097,0
83375,1
34727,0
46780,0
97320,0
96582,0
52144,0
110237,0
130396,0
106462,0
37166,0
116970,0
136448,0
26553,0
95191,0
94967,0
121774,0
9413,0
57392,0
38430,1
132030,0
69925,0
121239,0
65831,1
34745,1
29788,0
55299,0
103091,0
45566,0
60401,0
89653,0
107578,0
19652,1
101751,0
65006,0
59480,0
104847,1
84532,0
106541,0
87746,0
78756,0
32081,1
69491,0
60129,0
66160,0
94361,0
101984,0
76805,1
137918,0
15044,0
49498,1
131047,0
31121,0
14371,0
93374,0
11363,1
108569,0
14757,1
123914,0
40631,0
47193,0
96309,1
121318,0
38318,0
90619,0
121485,0
53560,1
10245,0
49198,0
12887,1
76794,0
44937,0
70439,0
90902,0
29259,0
74713,0
23318,0
129514,0
109006,0
57624,0
114747,0
4545,0
107128,0
76635,0
77164,0
30847,0
86110,1
85518,0
65484,0
121591,0
136164,1
426,1
134008,0
119486,0
103942,0
38940,0
119502,0
71095,1
122876,1
137951,0
89084,0
121954,1
133656,0
78105,0
57209,0
90718,0
81283,0
49378,0
102172,0
55455,0
87642,0
5533,0
79038,0
78187,0
21525,0
29128,0
30168,1
3188,0
41927,0
52875,1
104199,0
13447,1
127133,0
48093,0
67546,0
47759,0
94114,0
47711,0
1886,0
1357,0
138017,0
119632,0
36462,0
63928,1
100606,1
130511,0
87616,1
77859,0
46923,0
73633,0
82837,0
126804,0
79915,0
82841,0
67077,0
25180,0
135416,0
73668,0
136564,0
32840,0
121459,0
50090,0
135734,0
89025,1
111113,0
85792,0
15056,1
32483,0
68662,0
40639,0
67523,0
72031,1
95187,0
120843,0
120004,0
73728,0
123565,0
27013,0
112777,1
16449,0
1232,0
106781,0
103071,0
123125,0
41115,0
101849,0
3334,0
124255,0
117303,0
30064,0
87963,0
8967,0
8349,0
844,0
29427,0
14642,0
47949,0
82341,0
21421,0
47476,1
95521,1
73512,0
92173,1
63802,0
100274,1
56966,0
94736,0
36825,0
99120,0
112163,0
41924,1
92962,0
41256,0
14423,0
20884,0
140599,0
77062,0
117701,1
94595,1
34624,0
103946,1
109477,0
113232,0
103341,0
49326,0
116573,0
114963,0
65732,0
85860,0
55652,1
7351,0
95599,0
14823,0
86360,1
863,1
119564,0
20019,0
97525,1
21517,0
94987,0
181,0
6643,0
86281,0
106360,0
66404,0
32591,1
23155,0
31671,0
90835,1
55708,0
70921,0
108993,0
136892,0
70270,0
103768,1
63748,0
137251,0
83538,0
18413,0
88541,1
98344,0
137536,0
132728,1
43762,0
74356,1
2294,1
43073,0
97619,0
96192,0
76667,1
42138,1
53426,1
140197,0
87927,0
100576,0
6767,1
90568,0
120765,0
64816,1
4929,0
115189,0
4973,0
52957,0
60935,1
61176,0
18252,1
78874,0
76398,0
69849,0
23956,0
63222,1
107692,0
133432,1
43793,0
128185,0
106380,0
24065,0
60137,0
124108,0
110020,0
50696,0
23767,1
53935,0
101311,0
132163,0
4168,0
112525,0
35751,0
26428,1
103699,0
35942,0
66444,0
86289,0
81479,0
68271,0
110390,0
90724,0
7184,0
4166,0
88336,0
129313,0
114041,0
125986,0
24072,0
75647,1
44103,0
51048,0
10229,1
100339,0
63568,0
129408,0
2552,0
104228,0
107368,1
77966,0
20353,0
49611,0
41456,0
28392,0
65541,0
22365,1
20975,1
112848,0
64738,0
85343,0
35175,1
107135,0
76188,0
103852,1
128950,1
101427,0
75013,0
111124,0
37829,1
62733,0
139685,0
102776,1
131899,0
26423,0
65411,0
30756,1
60478,1
53812,0
11032,0
113676,0
3160,0
78969,0
44057,0
125260,1
139794,0
128097,0
123441,0
61917,0
24625,0
108755,0
38216,0
90419,0
24134,1
78822,0
19093,0
110500,0
128128,0
126864,1
57905,0
3572,0
80342,0
131968,0
49459,0
13824,0
138162,1
11732,0
130272,0
15416,0
59975,1
129020,0
19515,0
111871,0
67896,1
115884,0
102733,0
59887,0
55014,0
91873,0
107580,0
50756,0
38596,1
32305,0
87884,0
71827,0
84244,1
113695,0
46304,0
41723,0
125729,0
45525,0
18394,0
44529,0
70421,0
54102,0
82355,0
82521,0
59915,1
61779,0
6538,0
124494,0
81607,0
47826,0
6104,0
2308,0
32727,0
39039,1
81858,0
104441,0
50039,0
10161,0
3082,1
9199,0
78040,1
34558,0
135254,0
83827,0
66649,0
9658,0
84423,0
36202,0
127478,0
51773,0
56702,0
107744,0
36532,0
134112,0
5049,1
112372,1
84430,0
28566,0
73851,0
86674,1
130244,0
133735,0
122464,0
94092,0
34096,0
38883,0
40359,0
25226,0
67331,0
53989,0
31438,1
54811,0
3150,0
128650,0
119399,0
126781,0
114024,0
30681,0
11674,0
59149,0
107100,0
80658,0
97291,0
1080,0
110798,0
25495,1
111942,0
41422,0
11923,1
10439,0
92052,0
22139,1
126306,1
9431,0
119580,0
106995,0
42735,0
95790,0
38421,0
15887,1
20124,0
57836,0
33692,0
97330,0
45726,0
105488,0
108543,0
35966,1
17069,0
23175,0
63227,0
136162,1
80913,0
22145,1
4704,0
97379,0
16152,0
129180,0
117111,0
57840,0
96148,0
74910,0
51511,0
69911,1
115,0
128448,0
62009,0
91413,1
36085,0
26995,1
24673,0
121399,0
123541,0
127299,0
20736,1
55039,0
28587,0
4550,0
117857,0
3567,0
11382,1
46140,0
92073,1
117243,0
39520,0
50151,0
45250,0
14294,0
102512,0
27954,0
119021,0
123359,0
44172,0
104400,0
138490,0
88405,0
111293,0
31163,0
11622,0
127321,0
69516,0
123889,1
84057,0
79956,0
64518,0
41726,1
78273,0
26504,0
96895,0
11224,1
70795,0
11717,1
73128,0
32755,1
39395,0
124150,0
105533,0
28589,0
6533,0
139885,0
49274,1
37701,0
128887,0
44691,0
62841,0
133898,0
114896,0
53500,0
90577,1
99813,0
95177,1
35165,0
20837,0
36496,0
9993,0
15182,0
83050,0
64245,1
119880,0
136268,1
81844,0
52175,0
97745,0
138684,0
80205,0
131829,1
61448,0
60679,0
17764,0
66624,0
112961,1
92928,0
72590,0
69654,0
114783,0
115945,0
7194,0
22665,1
11904,0
104453,0
18857,0
89129,0
137597,0
27704,0
66788,0
32075,0
22852,0
32993,0
8741,1
33506,0
43326,0
2360,0
101388,0
103439,0
98412,0
66505,0
83785,0
54835,0
30316,1
17195,0
56215,0
126107,0
22136,0
83333,0
103496,0
103223,0
57302,1
79891,0
135492,0
70859,0
96021,0
1716,0
19169,0
23225,1
6233,0
127847,0
109293,0
81035,0
112210,0
4103,0
71064,1
87300,0
130039,1
46774,0
41624,0
51598,1
82185,0
62861,1
88489,0
106065,0
2370,0
65929,0
23712,0
74882,0
80254,0
28586,0
125709,0
61150,0
130638,0
14753,0
79951,0
85351,1
44689,0
21192,0
127908,0
79220,0
1799,0
27978,0
132177,0
117457,0
65275,1
23814,0
109672,0
107715,0
124484,0
72974,1
106890,0
96607,1
65143,0
19020,0
121381,0
79664,0
41062,0
111868,0
14065,1
106647,0
123171,0
65451,0
40398,0
41194,1
27297,0
7716,0
12712,0
136860,0
140133,0
113937,0
56485,0
55434,0
81244,0
48703,0
134474,0
139502,1
14211,0
102418,1
55086,1
27985,0
94110,0
134552,1
92724,0
85413,0
140443,0
17802,0
50821,0
109057,0
103226,0
41525,0
9595,0
111519,0
58475,0
16849,0
25177,0
63104,0
55960,0
117814,0
33905,1
91611,0
84222,0
113788,0
38629,0
80733,0
126176,0
30285,0
30066,1
65058,0
115000,1
73221,0
18404,0
119209,0
43654,0
111279,0
7806,0
84984,0
121113,0
29748,0
101294,1
18238,1
19679,1
58716,0
87508,0
71620,0
92978,0
136588,0
8206,0
32429,0
30659,0
98733,0
130381,0
111553,0
136306,0
22484,1
104544,1
113534,0
78245,1
63599,0
109844,0
34555,0
23966,0
121809,0
95173,1
108593,0
38171,0
104459,0
16745,0
38046,0
127183,0
108213,0
138476,0
98734,0
11288,0
111546,0
136739,0
63866,0
86366,0
78787,0
115051,0
45561,0
83929,1
69113,0
94837,0
80237,0
50221,0
129649,0
35996,1
34344,0
104385,0
48527,0
123861,0
90110,0
104252,0
100630,0
92542,0
11132,1
17755,0
50835,0
116234,0
59949,0
48832,0
128481,0
1451,0
69997,1
102509,0
76590,0
6950,1
100541,0
65161,0
9157,0
125266,0
115102,0
118469,0
106362,0
17491,0
23415,1
98915,0
15171,1
102990,0
69863,0
69498,1
27388,0
47708,0
138548,0
84054,1
85059,1
111564,0
72068,0
123091,0
20171,0
45985,0
139327,0
3013,0
1312,0
79781,0
71815,0
2034,0
126598,1
57136,0
63962,0
110685,1
29281,0
34469,0
130162,0
125436,1
43699,0
129427,0
27080,0
121733,0
140462,1
78793,0
138977,0
7161,1
47505,0
30154,0
115530,0
130416,0
67638,0
117766,0
88758,1
91031,0
93122,0
36322,1
23127,0
49154,0
24254,0
56789,0
45449,0
105796,1
115149,0
93912,0
27128,0
57034,0
97355,0
104825,0
46230,0
120194,0
120625,1
6196,0
127727,0
113070,0
38345,1
20295,0
66842,0
81434,1
77313,0
18655,0
26157,0
30541,0
78870,0
131185,0
36436,0
106605,0
115633,0
89359,0
39417,0
49349,1
129979,0
133804,0
70022,1
86109,0
50610,0
44363,0
136823,1
100969,0
84502,1
92598,0
128131,0
49801,0
20928,0
20329,0
77743,0
83193,0
38309,0
41906,0
91387,0
46139,0
45717,0
97771,0
79766,1
83896,1
114547,0
44084,1
20944,0
39915,0
16942,0
89041,1
58738,0
48740,0
61926,0
49364,0
108090,0
69601,0
96136,0
66629,0
1200,0
134306,0
113969,1
50567,1
32690,0
21839,0
93247,0
77943,0
23368,0
12607,0
65488,0
47562,0
126740,1
114548,0
75596,0
109379,0
91496,0
139614,0
108664,0
25685,1
33817,0
87999,0
37411,0
131494,0
90795,0
85365,0
23061,0
43505,0
53811,0
47467,0
127527,0
112526,0
71834,0
56977,1
36297,0
64550,0
59429,0
116930,0
52744,0
123842,0
25381,0
69549,0
80141,0
2007,0
26182,1
49496,0
49505,0
74639,0
77716,0
85438,0
1277,0
33995,0
122913,0
5774,0
139582,0
109334,0
125438,1
715,0
84591,0
139549,0
20608,0
40171,1
17147,0
111231,1
35041,0
128248,0
108747,0
125141,0
139239,0
65377,1
21151,0
62701,0
133085,0
117006,0
96590,0
81610,0
130210,0
110797,0
56304,0
115855,0
99732,0
9553,0
111824,0
137477,0
17650,0
11989,1
49601,0
116080,1
29028,0
99747,0
20173,0
139390,0
92500,0
856,1
26810,0
42861,0
127093,1
79974,0
77754,1
50504,0
123377,0
4543,0
132044,1
99552,1
63965,0
137994,1
19084,0
49176,0
136926,0
116317,0
58561,0
70052,1
74011,0
15068,0
110804,0
43930,0
113014,1
48820,0
71761,0
9333,0
91559,0
25338,0
42896,0
125720,1
57568,0
73338,0
137735,0
103080,0
21696,0
75792,1
64232,0
92554,0
37889,0
6974,1
92876,1
77830,0
106497,1
121290,0
39540,0
111223,0
137575,0
30807,0
121253,0
41297,0
102869,0
32715,0
110616,0
99208,0
23208,1
119229,0
2720,0
27604,0
9277,0
47175,0
109741,0
92973,0
9551,0
109940,0
138728,1
124427,0
120734,0
86312,0
32770,0
31807,0
40941,0
41792,0
49276,0
74486,0
12992,0
123776,1
77354,0
70548,0
5643,0
72135,0
135834,0
46171,0
3074,0
101630,1
128134,0
120286,0
136393,0
102484,0
22120,1
59597,0
115726,0
99489,0
127603,1
92758,0
133300,0
15022,0
121566,0
44114,0
122912,0
16786,0
105273,0
5842,1
107654,0
34664,0
34658,1
101855,1
15035,1
62044,0
125598,0
30689,0
37802,1
136562,0
48328,0
45442,0
105394,0
107709,0
137925,0
38723,0
69796,0
59722,1
73981,1
12743,0
10172,0
40931,0
80761,0
64861,0
34384,0
89051,0
132492,0
17801,0
12473,0
125866,0
108625,0
70558,0
59793,1
63585,0
84958,0
38224,0
47155,0
135347,0
121461,1
98498,0
132738,0
81596,0
85800,0
37305,0
23775,0
112126,0
130230,1
86580,0
137970,0
19237,0
50370,0
47854,0
67783,0
12342,0
51631,1
60692,0
19952,0
120638,0
98220,0
126792,0
117324,0
126436,0
131995,0
27574,0
15744,0
30290,0
81222,0
5286,0
58681,0
19285,1
60487,0
30906,0
50205,0
135187,0
8751,0
69032,0
79039,0
78308,0
50365,0
133926,0
137441,0
60227,1
2591,0
51926,0
126160,0
103433,0
34324,0
69567,0
81444,0
89773,0
28171,0
127012,0
106983,0
117836,0
116583,0
34201,0
124232,0
56531,1
20570,0
67564,1
100426,0
22204,1
118066,0
31298,1
124092,1
83918,1
10101,0
5606,0
110745,0
78255,0
36803,0
31290,0
27933,1
112025,0
114398,0
82349,0
85847,0
28167,0
50484,0
28401,0
118822,0
49105,0
89379,0
67057,0
43015,0
39654,0
35696,0
76961,1
17616,0
11058,0
44501,1
105245,0
20133,0
121443,1
74718,0
34999,0
47144,0
18658,1
75880,0
41721,0
63860,0
93131,0
69671,0
27431,1
38655,0
107649,0
27236,0
133966,0
28433,0
36629,0
132552,0
62272,0
51845,0
21877,0
81756,0
122659,0
24096,1
19128,0
32629,1
15282,0
47390,0
112870,1
24132,0
102811,0
74361,0
118743,0
122517,0
19615,0
85172,1
104546,1
54338,1
134752,0
86320,0
108484,1
84879,0
58117,0
31155,0
37473,0
77104,0
743,0
102141,0
90952,0
77898,0
62921,1
7717,0
37348,1
26065,0
95007,0
27880,0
99361,0
88612,0
25943,0
62563,0
84973,1
10041,0
81511,0
93998,0
66953,0
47804,0
97596,0
11590,0
116015,1
96438,0
12263,0
96100,0
15811,0
88893,0
8087,0
120013,0
117930,0
103681,0
117632,0
72962,0
123480,0
394,1
82181,0
38863,0
39234,0
3176,0
38745,0
101648,0
55578,0
125322,1
90354,0
120607,1
101033,0
25578,0
34607,1
519,0
38377,0
62977,0
113455,0
102638,0
29246,0
47128,1
85820,0
18650,0
46122,0
64884,0
12143,1
25725,0
137999,0
80670,0
18570,0
117506,0
125872,0
84602,0
99612,1
85439,0
60379,1
54301,0
52620,0
133476,0
16051,0
114120,0
30928,0
60098,0
47336,0
108242,0
139220,0
6394,0
51963,1
28395,1
78583,0
69346,1
110690,1
99685,0
45070,1
92888,0
100329,0
114866,0
17274,1
97028,0
51740,0
8942,0
43641,1
110428,0
98385,0
124874,0
106999,0
21092,0
21334,1
88419,0
120046,1
135199,1
132372,1
11298,0
136883,0
121643,0
126375,0
45143,0
51857,0
6091,0
53610,0
75054,1
128873,1
1252,0
137366,0
60994,1
95702,0
70968,0
241,0
106131,0
29397,0
2214,0
89720,0
106873,0
99560,0
41287,0
98131,0
90958,0
2823,0
131516,1
64760,0
44453,0
75107,0
137851,0
127328,0
42456,0
53852,0
36413,0
114971,1
39973,0
97234,0
124210,0
66689,0
36353,0
54185,0
28052,0
140446,0
55409,0
98763,0
19159,1
122392,0
24778,0
37258,0
96211,0
40499,1
133600,1
107016,0
9332,0
109186,0
60143,0
47989,0
100484,0
39252,0
43656,0
382,0
85417,0
53150,0
45324,1
113831,0
114168,1
43665,0
115369,0
123650,0
49716,1
89895,0
119267,1
115554,0
85519,0
4811,0
102585,0
137774,0
55144,1
128539,1
6163,0
123428,0
136086,0
28289,0
125252,0
122039,0
74859,1
118881,0
20908,0
138082,1
25430,1
130865,0
22244,0
30362,0
29408,1
56699,0
8933,0
85132,0
66290,0
27265,0
139528,0
85721,1
96240,0
756,0
129629,1
77456,1
59301,0
71982,1
11741,0
13790,0
46029,0
120661,0
79611,0
35687,1
93945,1
63159,0
114604,0
59984,0
45196,0
92215,0
106945,0
86255,0
121312,0
2316,0
32198,0
88613,0
5661,0
34264,0
33952,0
65632,1
123210,0
22130,0
12656,0
53317,0
92323,0
66847,1
30591,0
87838,0
138850,0
108268,0
21509,0
31262,0
109485,1
137322,0
16047,0
51948,0
84754,1
12121,0
53548,0
53775,0
112868,0
126169,0
90790,0
44406,0
113713,0
115901,0
11909,1
85861,0
52778,0
107300,0
73042,0
98068,0
123199,0
120023,0
7377,0
91739,0
28199,0
17649,0
92988,0
90240,0
38644,0
27878,0
124152,0
4676,0
132312,0
62254,1
31350,0
125879,0
54817,0
65576,0
123194,0
82789,0
91741,0
42672,0
60845,0
45588,1
46885,0
33573,0
124844,0
31183,1
6279,1
80155,0
112642,0
103505,0
31151,0
38967,0
131938,0
5322,0
29699,0
80005,0
1027,0
58442,0
16309,1
13418,0
34164,0
96459,0
92225,0
93179,1
18064,1
132847,0
18465,0
130661,0
59948,1
32324,0
6346,0
40805,0
66060,0
108389,0
9237,0
67269,0
35492,0
73805,0
29918,1
96837,0
108145,0
36949,0
121617,0
72363,0
130825,0
65211,0
1495,0
24358,0
12732,0
92168,0
57609,0
65028,0
126409,0
84175,1
79270,0
18486,0
17246,0
5839,1
42707,0
124477,0
68352,0
44194,0
41076,1
99447,0
85070,0
116391,0
68334,1
51368,0
92391,0
107022,0
93274,0
3226,1
122437,0
54143,0
104945,0
90844,1
134086,0
6820,0
63930,0
61503,0
43084,0
87465,0
65561,0
93511,0
94259,1
46651,0
40396,0
21824,1
82786,0
46071,0
16525,0
46075,0
33871,1
140109,0
32819,1
64496,1
41523,0
139662,0
106353,0
74495,0
118146,0
1905,0
77435,0
25286,0
23808,0
140021,1
139046,1
126431,0
42556,0
110304,0
27122,0
65008,0
40205,0
73312,0
61912,1
137722,0
3928,1
100483,0
127689,0
13119,0
72448,0
68296,0
19420,0
134865,0
119506,0
120106,0
122509,0
122796,0
44248,0
69200,0
97540,0
3624,0
17525,0
20678,1
56012,1
140485,1
7270,1
84575,0
98311,0
28373,1
29692,0
115475,0
103311,1
106039,0
82438,0
39716,0
76331,0
44530,0
14141,1
30606,0
139575,0
83947,0
15141,0
74655,0
49588,0
67297,0
119988,0
105806,0
10961,0
70440,1
30771,0
132331,0
49540,0
135706,0
131507,0
82117,0
126329,0
4348,0
130228,0
88228,1
53164,1
58119,1
34904,0
29392,0
11918,0
54598,1
124135,0
20341,0
115981,0
91970,0
59369,0
108312,0
105884,0
44058,0
27468,0
1449,0
124686,1
12928,1
30910,0
5856,0
43417,0
84941,0
126893,0
90014,0
70362,0
73776,0
126894,1
24452,0
98400,0
52720,0
134093,1
126949,1
66178,1
101053,1
10826,0
41757,0
129734,0
10231,1
103746,0
30954,0
77999,0
130596,0
14214,0
45512,0
19931,0
126574,0
99849,1
134754,0
90802,0
33920,0
44920,0
26184,0
18261,0
111218,1
16679,0
8304,0
58283,0
29663,1
54253,0
71445,0
47057,0
758,0
101049,0
52122,0
105444,0
7238,0
138664,0
35903,0
46984,0
45901,0
85854,0
139258,0
125916,0
55853,0
8254,0
81592,0
47298,0
96596,0
34271,1
137186,0
29678,1
120899,1
18944,0
80768,0
111426,1
44561,1
47712,1
24655,0
119204,0
995,1
95887,0
95744,0
89020,0
41390,0
64415,0
70592,0
57856,1
17350,0
116000,0
115025,1
42187,0
133907,0
43572,0
80144,0
5559,0
136174,0
38197,0
27644,0
92369,1
15525,0
82757,1
46235,1
84765,1
139693,0
50291,0
138201,0
130970,0
63543,0
70993,1
138084,0
102963,0
134506,0
8301,0
92885,0
8633,0
76248,0
16503,0
134293,0
129272,0
28303,0
107610,0
61551,0
115122,0
80831,0
112422,0
11811,1
79859,0
16905,0
65891,1
96968,0
130504,0
67909,0
19980,0
111175,0
105084,0
44511,0
34912,0
127820,0
95315,0
31538,0
65128,0
74926,0
16612,0
48370,0
55757,0
121390,0
16090,0
131348,0
43776,0
55375,0
134857,1
106372,0
134733,1
98511,1
95243,0
31054,0
33932,0
50066,0
71850,0
77339,0
125189,0
39477,0
137919,0
59060,0
87931,1
69534,1
110029,0
30858,0
37579,0
90820,0
72692,0
4455,0
109805,0
89799,0
89123,0
114924,0
98942,0
108061,0
102493,0
64006,0
82989,0
130129,1
121869,0
74206,0
109040,0
101694,0
20843,0
37395,0
128983,0
45014,0
60365,0
41963,1
47530,0
2762,0
22782,0
69067,0
130194,1
91993,1
52276,0
85110,0
140612,0
2333,1
137631,0
89476,0
68934,0
678,0
61413,0
8068,0
110172,0
46675,1
90471,0
63680,0
3101,1
90399,1
87349,0
102317,0
8122,0
66246,0
49296,1
47571,0
78461,0
35271,0
15233,0
83541,0
99712,0
8764,1
132626,0
90068,1
15865,0
52159,0
38095,1
118313,0
14063,0
80249,0
130757,0
25890,0
73993,0
119802,0
35468,1
81968,1
89829,0
130695,0
82745,1
8307,0
77855,0
91667,0
90508,0
65424,0
57518,0
111957,0
57689,0
99645,0
12097,0
69377,0
123386,0
33627,0
90935,1
45248,1
114505,0
77098,0
129262,0
88224,0
27661,0
126772,0
2753,0
102255,1
66388,0
157,0
17155,0
23354,0
114372,0
23741,0
4435,1
26396,0
82172,0
114647,1
93517,1
123595,0
136605,1
120651,0
41983,0
97678,1
86673,0
23010,0
124061,1
114305,0
101780,0
60655,1
119198,0
14319,0
132700,0
104088,0
18367,0
62441,0
56320,0
112082,0
128888,1
46577,0
19951,0
34218,0
87275,0
65546,0
86122,0
56695,0
95630,0
73188,0
96534,1
62804,0
71093,0
8420,0
75632,0
102285,0
57926,0
36746,0
460,1
41672,1
13594,0
72120,0
55920,0
28095,0
105166,0
16840,0
79177,1
47824,1
138109,0
81625,0
42862,0
39512,1
52690,0
55452,0
98898,0
92097,0
139404,0
96427,1
114000,0
131272,1
102126,1
22930,0
132846,0
5517,0
109308,0
88076,1
8196,0
4188,0
71876,0
114830,0
83793,0
67247,0
44919,0
135212,0
40285,1
94914,0
80356,1
42275,0
131295,0
122423,1
58098,0
63437,0
38856,1
60936,0
79690,0
121460,0
78902,0
104613,1
75855,0
133833,0
129915,1
91553,0
69833,0
98866,0
104411,0
60373,0
102602,1
40085,0
56133,0
37117,0
127161,1
124934,1
86262,0
10421,0
4094,0
107637,0
54438,1
14906,1
3796,0
136037,0
26862,1
24797,0
79303,0
54440,0
63542,1
112021,1
15871,0
114984,0
114611,0
9469,0
69773,1
120140,0
64721,0
21347,0
97938,0
119135,0
91815,0
9038,1
92426,0
90117,0
106711,0
29757,0
74017,0
130431,0
110887,0
64222,0
113265,0
60539,0
52490,0
105849,0
49917,0
125093,1
24774,0
13336,0
74063,0
41851,0
14826,0
75493,1
55103,0
87120,0
93184,1
57211,0
54648,0
16275,0
102393,0
138963,1
55547,0
60941,1
17601,0
78553,0
42824,0
121596,0
133606,0
129951,0
701,1
94252,0
45477,1
111856,0
27685,0
88525,0
136653,0
34087,0
72246,1
70276,1
60271,0
30213,0
108302,0
47265,0
37533,1
79173,0
85665,0
32818,0
123851,0
79146,1
37531,0
89077,0
80623,0
43205,0
74642,0
8093,1
122596,0
8625,0
114752,0
79151,0
68105,1
77419,0
105349,0
29883,0
36049,0
30344,1
5330,0
48105,0
132240,0
85215,0
78968,0
32319,0
4571,1
34337,0
121716,0
96316,0
5841,0
45825,0
42140,0
110501,1
59384,0
120862,0
62723,0
106377,1
77255,0
26295,0
59077,0
137520,0
506,0
59650,0
126639,0
208,0
75504,0
127357,1
57585,0
66552,0
63450,0
122635,1
18840,0
125328,0
55482,0
28734,0
97387,1
83250,0
18082,0
24305,0
64616,0
18224,0
34707,1
124013,0
116840,0
71234,0
105222,0
20355,0
38672,0
131101,0
87297,0
32888,0
14636,0
115062,1
19710,0
104204,0
98274,1
63843,0
114675,0
59219,0
46307,0
119583,1
31911,0
138478,0
53853,0
33651,0
16945,0
37352,0
59889,0
28426,0
16678,0
69939,1
95990,0
133894,0
100051,0
78113,0
85893,0
127613,0
118810,0
67748,0
57721,0
51985,0
10846,0
12001,1
34080,1
94802,0
33971,0
96824,1
18786,0
89358,1
83628,0
84040,0
51240,0
43246,0
34236,0
86709,1
129270,0
132908,0
132099,1
8000,0
21457,0
77783,0
118882,0
69157,0
27989,0
101604,1
25601,0
30161,0
43148,0
8610,1
67814,0
129390,0
19257,1
107358,0
48145,0
86263,0
116178,0
23254,0
99928,0
62768,0
7530,0
28785,0
107132,0
99561,1
62688,0
69684,0
59271,0
63069,0
39436,0
85092,0
27541,0
132995,0
85894,0
59591,0
64891,1
31681,0
7205,1
42293,0
111024,0
51519,1
9353,0
115673,0
6707,1
74350,0
113374,1
134657,0
5556,0
135894,0
13737,0
74189,0
75449,0
61897,0
78029,0
26007,0
62282,0
65063,0
113179,0
79348,0
94130,0
34735,0
58076,0
46451,1
54675,0
35692,0
14339,1
31305,0
2221,0
123453,0
98567,0
1430,0
67961,0
108374,1
46575,1
92259,0
131469,0
43322,0
23695,0
117013,0
26229,0
53219,0
20164,1
63399,0
50536,0
41667,1
6813,0
105409,0
83688,0
2953,0
55512,1
26918,0
92862,0
3138,0
105183,0
5708,1
128488,0
23209,0
68178,0
39577,0
34722,0
56542,0
110183,0
61949,0
27432,1
22605,0
58219,0
20202,0
60045,0
96260,1
2389,0
79742,0
136031,0
9259,0
23980,1
126776,0
118843,0
101367,0
84975,0
92322,1
124328,1
89419,0
100183,0
8921,1
89396,0
37138,0
13357,0
71441,0
100636,0
67699,0
108185,0
124382,0
83055,0
47795,0
31546,1
31800,0
90984,0
77351,0
52113,0
76993,0
13352,0
128313,0
104992,0
95257,0
130571,0
48593,0
129849,1
87160,0
99922,0
134037,0
109562,0
128260,1
122883,0
37443,0
84248,0
94744,0
102267,0
56515,0
86736,0
86464,0
131564,0
18873,0
80701,0
131217,0
4813,1
102284,0
97626,0
40139,0
39027,0
62539,0
49857,0
111522,0
3075,0
85091,0
126919,0
6926,0
128756,0
67772,0
54620,0
107938,1
134597,0
41420,0
113153,1
15330,0
41424,0
99546,1
76386,0
89605,1
41853,0
99088,0
24822,0
60173,0
25928,0
80960,0
40165,0
46223,0
57318,0
75811,0
62041,0
2141,0
37428,0
61535,0
23480,1
88062,1
107888,1
92421,1
115150,0
53697,0
80403,0
54196,0
86755,0
10639,0
95542,0
98475,1
73442,0
63612,0
104574,0
54469,0
93753,0
31649,0
6933,0
64347,0
128231,0
84979,0
118006,1
73447,0
100739,0
134846,0
124815,0
66335,0
17379,0
47837,0
136288,0
26043,0
123673,0
95218,0
133077,0
111048,0
109423,0
22631,1
58270,0
53389,0
102402,0
56501,0
96556,0
89538,0
66402,0
21430,0
108023,0
12237,1
117149,0
93067,0
8783,0
22561,1
90209,0
107508,1
81769,0
27341,0
36521,0
118595,0
48192,0
129535,0
4541,0
89042,0
12898,1
15862,0
39152,1
81742,0
92654,1
27487,0
62864,0
69246,0
73843,0
21677,0
18906,0
69694,0
117240,0
23557,0
76007,0
106589,0
121165,1
57493,0
39083,0
51901,0
58368,0
129456,1
86045,0
7810,0
47019,0
5224,0
39323,1
27138,0
24138,1
44930,0
127764,0
12061,0
33934,0
95347,0
60814,0
37891,0
25947,1
58638,1
85856,0
64343,1
19211,1
55497,1
1195,0
79189,0
119859,0
53493,0
119728,1
108483,0
135291,0
131309,0
30368,1
5149,0
46196,0
47938,0
3730,0
24163,0
113114,0
2857,0
97255,0
36525,1
31916,0
77728,0
105567,1
98819,0
103996,1
123144,0
17324,1
109408,0
123696,0
140007,0
19624,0
125137,0
119746,0
30087,0
70771,0
72969,0
76395,0
40556,0
43671,0
89336,0
120884,0
116244,0
101195,0
101011,0
140217,0
10965,0
46156,0
57481,1
110250,0
22874,1
88943,0
43838,0
3032,0
30348,0
140519,0
37684,0
70390,0
102587,0
113057,0
125327,0
80974,0
92113,0
32684,0
7317,0
26005,0
26651,0
40657,0
112279,0
107133,0
64479,0
33549,0
23549,1
64288,0
45785,0
29511,0
108204,0
107263,1
38847,0
32811,0
94584,0
91469,1
81705,0
65771,0
60949,1
18155,0
83864,0
80408,0
63631,0
133670,0
44234,0
44572,0
127573,0
42695,0
139691,0
110076,0
8152,0
102764,0
139932,0
139254,0
34095,0
107051,0
84644,0
108195,0
7016,0
110750,0
102813,0
10387,0
137476,0
139664,1
31391,0
107082,1
39592,0
19514,0
65159,0
31063,0
40335,0
84544,0
107413,1
124242,0
70302,0
86300,0
347,1
63184,0
99933,0
122222,1
33214,0
83223,0
95776,0
70847,0
71398,0
88499,0
14202,0
42434,1
38719,1
87332,1
131200,0
49408,0
77764,0
62877,0
60999,1
36656,0
61511,0
114488,0
106938,0
116877,0
36357,0
66242,1
108548,0
80807,1
108386,0
52782,0
50437,0
32494,0
84609,0
97215,0
137372,0
45841,0
87435,0
139538,0
114387,0
15649,1
74628,0
49162,0
92372,0
88884,0
57097,0
21109,1
55318,0
43852,0
91974,0
101883,0
43929,0
21453,0
126477,1
140025,0
88801,1
10663,0
49481,0
93743,0
120764,0
106096,0
111226,0
61023,0
8900,0
127884,0
115743,0
8427,0
83177,0
38163,0
9296,0
100694,0
55180,1
40126,0
60432,0
97874,0
107576,0
1329,1
8608,0
83469,0
82959,0
38674,0
42774,0
25646,0
121652,0
16584,0
114188,1
76260,0
126530,0
15535,0
67731,0
116200,1
107622,0
113372,0
108594,1
136647,1
51390,0
24354,1
66358,0
22775,0
60288,0
123684,0
70614,0
43632,0
2061,0
39319,0
129050,1
111813,1
46671,0
101364,0
111072,0
134907,0
130519,0
88844,0
54261,0
81274,0
98705,0
73132,1
58685,0
90804,1
103236,0
66691,1
130980,0
54634,0
79349,0
39765,1
134524,0
124898,0
56349,0
90369,0
97393,0
103449,1
2516,0
84186,1
33255,0
108033,0
48903,0
41265,0
20462,1
89154,0
121501,0
60690,0
124911,0
4501,0
58327,1
106721,0
13214,1
73263,0
37075,0
6099,0
18818,0
111370,0
104975,0
100586,0
46855,0
96693,1
119066,1
65056,0
85307,1
106609,0
57686,0
14057,1
34334,0
104367,0
56559,0
83327,0
41004,0
102578,0
69830,0
55563,1
68136,0
20692,0
133042,0
17058,0
97990,0
133158,0
83965,0
94096,0
48428,0
39666,1
49202,0
109418,0
25474,0
22301,0
128363,0
34582,0
7222,0
92336,1
6885,0
117724,0
64152,0
110146,0
85418,0
61250,0
87317,0
25892,1
128271,1
135800,0
86472,0
73731,0
64272,0
65371,1
78319,0
28255,0
8527,1
123115,0
137769,0
26348,0
121766,0
25571,0
64946,0
14351,0
5338,1
82161,0
86307,0
17341,0
16085,0
33868,0
62665,0
13680,1
124514,0
101875,0
66206,0
111761,1
107984,0
7017,0
37197,0
124538,0
72550,0
339,0
36227,0
16952,0
71357,0
33062,0
31353,0
126822,0
51609,1
34216,0
48562,0
54712,0
60282,0
40457,0
84886,0
10125,0
72565,0
75677,1
91064,0
131657,0
46445,0
15431,0
13491,0
115849,0
69777,0
80789,1
7762,0
134446,0
86768,0
105260,0
16436,0
97822,0
14839,0
78548,0
100212,1
22803,0
63793,0
35004,0
93260,0
21083,0
57728,1
5610,0
27153,0
40492,0
6745,0
127983,1
10689,0
113777,1
31940,0
6723,0
79353,0
45878,1
21409,0
28570,0
103551,0
56992,0
25089,0
88427,0
43873,0
61759,1
62326,0
113345,0
48887,1
23621,0
59162,0
32392,1
63835,0
38225,0
84127,0
13285,0
25793,0
44582,1
84739,0
38785,0
140045,0
49687,0
73901,0
118678,0
64827,0
129952,0
21398,0
19725,0
83767,0
119676,0
63902,0
62521,0
13982,0
113530,0
128662,0
69154,0
33963,1
112973,0
24654,0
381,1
16554,0
16206,0
80,0
17539,0
31504,0
33536,0
26551,0
88175,0
129094,0
132588,0
28882,0
87848,0
17241,0
89330,0
128072,0
32521,0
112108,0
39351,0
85848,1
86209,0
66257,0
98084,0
77386,0
81689,0
13884,1
47510,0
949,1
48856,0
72304,0
56527,0
61215,0
53558,0
133461,0
96932,0
1800,0
100583,0
138882,0
55049,0
29457,0
24836,0
46415,0
7832,0
65068,0
40874,0
129767,0
12316,0
116250,0
125336,0
67442,0
80449,0
122867,0
91196,1
50196,0
11355,0
102223,0
110888,0
60803,0
127902,0
43421,1
6420,0
3568,0
140044,1
73109,0
120714,0
58058,0
76254,0
121908,0
127153,0
21752,0
21717,0
1201,0
107555,0
3376,0
57362,0
4230,0
60382,1
117305,0
73613,0
84439,0
105185,0
101084,0
42136,0
107196,1
65077,0
64260,0
122978,0
135298,0
133777,0
133742,0
14264,0
31529,1
51872,0
23446,0
16864,0
244,1
97359,0
25988,0
129341,0
6784,0
106604,0
85810,0
37306,1
42507,1
9818,0
21379,0
121866,1
116724,0
52564,0
103655,0
96833,0
48619,0
76305,0
55015,0
64576,1
24845,0
71112,0
8562,1
21020,0
114215,1
11550,0
52559,0
8460,1
61572,0
10,0
103065,0
31364,1
95280,0
119540,0
88718,0
78775,1
46722,0
47164,1
44272,0
118885,0
13702,1
76240,0
87378,0
118808,0
15512,0
76061,1
97066,0
67041,0
122712,0
46081,0
46236,1
104603,0
130999,0
37430,0
103541,0
19540,0
51749,0
98428,0
110310,1
106672,0
57279,1
76125,0
12192,0
100334,0
20170,0
117721,0
116783,0
76286,1
100189,0
114031,0
102001,0
61745,0
129739,0
47038,0
10404,0
53362,0
37920,0
3899,0
95488,0
120233,0
124505,0
28111,0
76011,0
4123,1
114659,0
87543,0
91905,0
36101,0
14712,1
56986,0
104449,0
56288,0
81218,0
127200,0
137017,0
136731,1
32986,0
33923,0
9924,0
40451,0
9050,0
20172,1
130343,1
91216,1
110580,1
127424,0
28950,1
139895,1
28186,1
87941,0
89105,1
2407,0
64957,0
56411,0
21526,0
70320,0
8945,0
18713,1
101129,0
5401,0
42543,0
7785,0
63978,0
40378,0
20918,0
35219,1
130703,0
137158,0
15187,0
93004,0
47304,0
68192,1
15513,0
101601,0
114761,1
88976,0
108212,0
5153,1
131733,0
64962,0
51911,0
78624,0
42503,0
19448,1
39908,0
61476,0
117741,0
13922,0
67213,1
78130,1
47964,1
135719,0
42546,0
33558,0
7511,0
84139,0
23719,1
125398,0
82528,0
31129,0
77606,0
43988,0
110397,0
8153,0
71255,1
56285,0
58778,0
17638,0
95908,0
118149,0
16690,0
104039,1
54174,0
43545,0
41688,0
68455,0
94278,0
52996,0
85942,1
14846,0
6477,0
78528,1
38156,1
39572,0
114591,0
9871,0
85474,0
69800,1
117594,0
63729,0
89630,0
88892,1
93017,0
30767,0
125727,0
115592,0
107141,1
124223,0
41685,0
5652,0
86509,0
103320,0
14553,1
102544,0
101119,1
94002,0
20050,0
22584,0
7830,0
132100,0
76137,0
22007,1
61092,0
136645,0
88388,1
115066,1
35334,0
30403,0
95733,0
30037,0
38807,0
35439,0
97537,0
63320,1
118353,0
56581,0
44899,0
22046,0
48613,0
79069,0
80962,0
133815,0
7064,0
106490,1
99222,0
138236,1
36720,1
102112,0
52740,0
117921,1
39968,1
120634,0
11876,0
52044,0
44738,0
91605,0
139461,0
92341,0
104096,0
133511,0
2530,0
98292,0
39411,0
110119,0
63147,1
51645,0
49242,0
47884,0
52269,0
88364,0
96702,0
23102,1
35181,0
85295,0
76908,0
25396,0
37160,0
22957,0
61947,0
85233,1
11517,0
18184,0
61371,0
33347,0
5080,0
67537,0
74723,0
65955,1
49306,1
17234,0
53641,0
110246,0
103252,0
103591,1
37486,0
10795,1
73937,0
100708,0
128907,0
79560,0
22018,0
67233,0
86365,0
47294,0
81351,0
52998,0
3553,0
137189,0
34056,0
81199,0
109212,0
56758,0
140080,0
86838,1
76299,0
118554,0
36742,0
43789,0
17783,0
39856,0
34008,0
98871,0
7287,0
96851,0
54119,0
2582,0
28088,0
4022,1
56242,0
17507,0
42517,0
115291,1
88556,0
60317,0
24469,0
12892,1
43782,0
95693,0
42395,0
11351,1
133793,0
15488,0
55970,0
92193,0
79424,0
89846,0
69198,0
25328,0
133459,0
18437,0
37152,0
131520,0
127747,0
126228,1
79429,0
130586,0
78538,0
81995,0
111091,1
100686,0
14018,0
124841,1
94020,0
127417,0
63830,1
66496,1
96870,0
131927,0
27485,0
25937,1
101355,0
23461,0
134389,1
30071,0
89785,0
42518,0
22715,0
14427,0
103773,0
32555,0
137748,0
121771,0
99100,0
8956,1
135129,0
134367,0
68218,0
21103,0
113182,0
125487,0
81191,0
119404,0
40148,0
100730,0
35033,0
65713,0
47739,1
56719,1
113829,0
92789,0
96045,0
128659,0
127680,0
100123,1
65052,0
100417,0
6065,0
105838,1
137442,0
43066,0
86055,0
79438,0
76664,0
49315,1
108378,0
52464,0
139497,1
125803,0
31855,1
133302,0
129379,0
36041,1
70643,0
32300,0
133110,0
14150,0
49376,0
35154,0
120134,0
17027,0
111677,0
103908,0
63015,0
109019,1
116083,0
79502,0
66548,0
80354,0
102256,0
124147,0
108209,0
113705,1
8183,0
69109,1
9765,0
33838,1
51286,0
131193,0
49997,0
88384,0
31767,1
120031,0
50807,0
74897,0
79550,0
105675,0
33830,0
89607,0
92757,0
16628,1
2483,0
97815,0
60798,0
124365,0
131750,1
113062,0
136227,0
138,1
109841,0
130913,1
110137,0
121507,1
12425,1
41039,0
6782,1
10894,0
60921,1
121266,0
107664,1
127115,0
99960,0
109394,0
128492,0
127295,0
64027,0
70079,1
128692,0
109354,0
113173,0
118306,0
29640,0
139814,1
70723,0
21705,0
82699,0
51013,0
45368,0
98728,0
54891,0
98469,0
110502,1
51078,1
107559,0
59502,0
127748,0
134215,0
129693,0
53112,0
108354,1
51883,0
18473,0
108922,0
50900,0
89172,0
69166,0
129134,0
76577,0
6845,1
5350,0
3126,0
93991,0
8724,0
91113,0
21106,1
114117,0
1440,0
86903,0
74707,0
93064,1
14569,0
1732,0
33842,0
70994,0
30995,0
83509,1
125914,0
88721,1
93364,0
98396,0
85730,0
97220,0
112275,1
39692,0
140698,0
20475,1
29978,1
137135,0
115694,0
85868,1
27639,1
81983,0
62310,0
64404,0
25771,0
119356,0
68682,0
50081,0
6929,0
34010,1
116658,0
97462,0
111968,0
57783,1
65184,0
101484,1
47764,0
107661,0
137314,0
75447,0
63137,0
48710,1
126223,0
124655,0
70382,0
99150,0
28057,0
131993,1
98405,1
115898,0
71237,0
58731,0
47869,0
138740,0
8771,0
5043,0
109211,1
97762,0
35814,0
138412,0
18783,1
15864,0
138166,1
93806,0
40792,0
109931,0
53562,0
21402,0
140560,0
51937,1
4820,1
50727,0
81845,0
46960,0
133870,1
14955,0
83141,0
31430,0
119013,0
37010,0
36999,0
104013,0
128683,0
90553,0
31363,0
82556,0
112484,0
130376,1
62369,0
53234,0
124204,0
5699,1
63408,0
80260,0
37823,0
111975,0
19937,0
22090,0
60249,0
58745,0
13593,0
70214,1
34601,1
10541,0
64809,0
129508,1
78272,0
3953,0
456,0
50202,0
44832,0
70842,1
112079,0
62914,0
130021,0
107274,0
128415,0
12410,0
139291,0
83802,0
107878,0
61275,0
89004,0
92488,1
990,0
34496,0
105210,0
7528,0
81486,1
19575,0
12339,0
89893,1
55484,1
71337,0
73167,1
126357,0
76911,0
107767,0
138581,0
124597,0
78561,0
68232,0
100683,0
30550,0
58540,0
29473,0
70852,0
75662,1
31709,0
22492,1
38259,1
86853,0
40641,0
112350,0
32534,0
64695,0
39346,0
100061,1
75266,0
92123,0
128808,0
119092,0
131711,1
86395,0
98765,0
58688,0
15422,0
10831,1
121012,1
23533,0
15722,1
125445,0
33059,0
49738,0
32992,0
65072,0
121961,0
140185,1
22674,1
41668,0
103385,1
1071,0
15905,0
126937,0
92946,0
44278,0
18587,0
98404,0
60291,0
15466,0
38865,0
82896,0
103983,0
10483,0
119109,0
135901,0
67959,0
40682,0
42756,0
39965,0
38389,0
69057,1
21094,0
66453,0
65334,0
25437,0
19175,0
127580,0
49157,0
54475,0
118096,0
80582,0
76982,0
74317,0
41434,0
103704,1
130279,0
98490,0
21378,0
78120,1
45950,1
71741,1
8523,0
6748,0
1862,0
117038,1
126426,0
3919,0
49575,0
38170,0
117572,0
101796,0
59936,0
140508,0
92776,0
3410,1
61243,0
29791,0
48483,0
126500,0
10804,0
101524,0
35462,0
80565,0
129969,1
34231,0
132879,0
113093,0
99195,1
960,0
37888,0
78517,0
62533,0
89140,1
24604,0
58021,0
84259,0
37622,0
99759,0
103979,0
58502,1
2623,0
113083,0
44849,0
64414,0
109380,0
94557,0
1348,1
41772,0
16161,0
67023,0
91474,0
78439,0
126157,0
65885,0
43207,0
10359,0
68582,0
13111,0
92279,1
40798,1
58264,0
109087,1
78475,1
107399,0
71509,1
76258,0
86700,0
81693,0
38277,0
110067,0
83757,0
107543,0
115035,0
133401,0
95520,0
45518,0
106035,0
122825,0
58709,0
24591,0
86479,0
71106,0
19282,0
987,0
44151,0
117920,0
42191,0
80959,0
132313,0
13443,0
129224,0
70318,0
57561,0
122649,0
83835,0
83429,1
98726,1
18667,0
138179,0
4358,0
99968,1
19144,0
14851,0
61412,0
111258,0
53969,0
121895,1
114953,1
100671,0
43513,0
30166,1
13020,1
117556,0
100526,0
81987,0
52137,0
808,0
41547,0
33374,0
64575,0
47398,1
97847,1
138899,0
19821,0
107055,1
133066,0
110144,0
56567,1
26209,1
89831,0
37938,0
59246,0
79518,0
77231,0
129660,0
49391,0
55444,0
57560,0
62467,1
70775,0
105839,1
69707,0
92992,0
84684,0
105543,0
80742,0
54766,0
4503,0
76902,0
131247,1
52395,1
15863,0
21678,0
29841,0
121795,0
114936,1
86152,0
31303,0
130712,0
123123,0
45733,0
36635,0
24916,0
66431,0
66577,0
71260,1
2032,0
132980,1
81601,0
84436,0
135346,1
97449,0
33005,0
128511,0
77552,0
40195,1
3240,0
48507,0
36591,0
123758,0
67374,0
109130,0
69234,0
65900,0
63,0
55096,0
77064,0
9784,0
94969,0
16236,0
57857,0
131463,0
23776,0
80069,1
122463,0
24524,1
106571,0
138205,0
4935,1
4590,0
10703,0
76343,0
8096,0
54233,0
47466,0
71923,0
56902,0
35889,0
50641,1
1828,0
96982,1
82052,0
66449,1
62297,0
81359,0
978,1
127036,0
17012,0
7517,0
93540,0
81326,1
38890,0
72295,0
128472,0
36796,1
131383,1
3575,0
9651,0
74685,0
84724,0
71004,1
52415,0
20521,1
83911,1
41119,0
31884,0
82845,0
9114,0
39450,0
11479,0
94814,1
116152,0
62181,0
33832,1
138053,0
58231,0
134700,1
115436,0
101069,0
108498,0
14190,0
29409,0
77363,0
89589,0
111541,0
716,0
70866,0
75252,0
35353,0
75333,0
77663,0
35559,0
27289,1
35808,0
125395,0
84395,0
140498,0
100283,1
43703,0
74314,0
33090,0
58033,0
120272,0
14666,0
7133,1
30539,1
133198,1
98627,0
126896,1
137557,0
66383,0
92482,0
104549,0
65620,0
96069,0
130442,0
88377,0
2798,0
34196,0
40690,0
117544,0
86826,0
122819,0
17531,0
52665,0
127205,0
77705,1
99800,0
137968,0
65725,1
131970,0
125588,0
61165,0
63465,0
50539,0
51622,0
11887,0
46294,0
68966,0
81662,0
44118,0
27822,0
67428,0
125026,0
108912,0
6644,1
21152,0
27100,0
15353,0
87969,0
52034,0
26343,0
98729,1
84567,0
85714,0
20293,0
68968,0
110820,0
53070,0
111409,0
20886,0
62827,0
1683,1
87995,0
39213,0
20819,1
24776,0
60438,0
124741,1
24385,0
99422,0
99544,0
87629,0
67223,0
76228,0
10620,0
6365,0
54915,0
13676,0
77551,0
104214,0
30909,0
44858,0
50856,0
7997,0
25949,0
87636,0
66536,0
114358,0
97951,0
62608,0
105247,0
120406,0
80127,0
80008,0
96329,1
41227,0
138204,0
14262,0
125554,0
126148,0
27211,0
22416,1
36369,0
52739,0
48450,0
90076,0
33866,0
131752,0
108008,0
135458,0
40769,0
89760,0
123059,1
15440,1
135643,0
46398,0
13283,0
79657,0
134938,0
63235,1
12074,0
132715,0
84871,0
87101,0
75746,0
109884,0
48401,1
59158,0
63694,1
84328,0
76736,0
53914,0
49373,1
130474,0
20794,0
31327,0
54173,0
116054,0
9841,0
14322,0
72048,0
100076,0
74294,0
8136,1
115769,0
11607,0
62014,0
107629,0
116741,0
36397,0
131471,0
110914,0
122768,1
44105,0
23965,1
40822,0
74268,0
131973,0
66861,0
123786,0
43349,0
118558,0
138866,0
42095,0
18921,0
79244,0
127048,0
58341,0
48900,1
115569,0
90370,0
74996,0
122892,0
138262,0
28787,0
40986,0
53854,0
126981,0
60624,0
81443,0
50564,0
40208,0
13873,0
22027,0
124234,1
78000,1
96326,0
19783,0
140360,1
116973,0
37423,0
96494,0
127101,0
97578,0
18421,0
122733,0
71229,0
23245,1
72260,0
71579,0
128713,0
124472,0
87826,1
16996,0
98852,0
3571,0
20543,0
106840,0
124923,0
31525,0
3738,0
132363,0
114666,0
29859,1
108142,0
76026,1
14492,0
32569,0
25470,1
113323,0
45038,0
22469,1
26268,1
86105,0
28507,0
83266,0
107922,1
42594,1
133718,1
106845,0
10315,0
138377,0
37071,0
126233,1
77434,0
15725,1
100709,0
126385,0
118483,0
123981,0
93454,0
86498,0
60948,0
57542,0
103210,0
96850,1
122916,0
109128,0
74309,0
102614,0
109773,0
50750,0
139124,1
1702,0
99965,0
139774,1
33128,0
39862,0
104974,0
1108,1
35789,0
137387,0
26529,0
62552,0
100176,1
132977,0
119182,0
93796,0
106545,0
28027,0
7181,1
110483,0
35587,0
42139,0
2579,0
11437,0
32969,0
134122,1
117996,0
48119,0
91188,1
97594,0
40312,0
94298,0
23587,0
38488,0
115159,0
138639,0
13451,0
29552,0
40427,0
4428,0
119542,0
56095,1
87619,0
81466,1
129531,0
91198,0
24141,0
56483,0
108396,0
44287,0
86837,0
12884,0
118741,0
45029,0
28539,0
11172,0
105896,1
39865,0
6015,1
78865,0
134707,1
116616,0
121203,0
20424,0
4950,1
17137,1
27634,0
18453,0
46979,0
106226,1
41681,1
28301,1
10752,0
121875,0
105590,0
123606,0
94111,1
35373,0
36161,1
61043,0
134554,0
128976,0
135226,0
50069,0
139231,0
111389,0
29612,0
27325,1
104474,0
122544,0
24181,0
79428,1
99458,0
41019,1
81179,0
30270,0
8923,1
61641,0
13299,0
70329,0
50622,1
113745,0
126354,0
88101,0
30083,0
81687,0
12912,0
82502,0
2190,0
10723,0
38252,0
35249,0
28174,0
35392,1
2339,0
28735,0
50191,1
74845,1
18776,0
122086,0
63530,0
93735,0
115539,0
39696,0
85953,0
49054,0
124130,0
84065,0
93112,1
106806,1
2816,0
95230,0
17987,0
66820,1
120887,0
74125,0
29969,0
65070,1
79159,0
105760,0
79026,0
109022,0
135351,0
33570,0
123984,0
95935,0
121874,1
83675,0
13176,0
71733,0
131359,0
66061,0
109830,0
47221,0
37504,0
51852,0
42816,0
117296,0
140110,0
23453,0
137963,0
25768,0
6863,0
38332,0
45869,0
110454,0
27242,1
120292,0
39819,0
45797,1
136687,0
66441,0
78274,0
13467,1
87510,0
4610,0
26944,0
54181,1
59849,0
108210,0
98374,0
25866,0
135067,0
132754,1
11222,0
103046,0
90850,0
124400,0
127509,0
107328,0
18829,1
53740,0
33736,1
109584,1
80569,0
65968,0
55906,0
22486,0
134866,0
99434,0
129731,0
75216,0
49947,1
32122,0
96388,1
40909,0
90991,1
130693,0
5825,0
129493,0
125081,0
65696,0
136890,0
688,1
63099,0
116347,0
11249,0
85539,0
76288,0
36201,1
137272,0
28030,0
99890,0
102798,0
91963,1
73085,0
108806,0
76907,1
62437,0
88016,0
71787,1
16262,0
15013,0
41849,0
107472,0
127195,0
42544,0
23247,0
66288,1
31222,1
107163,0
79928,0
55054,1
87771,0
16775,0
45458,0
1891,1
35001,0
31395,0
96961,0
88309,0
78850,0
115520,0
66346,0
40474,0
81772,0
117640,0
24209,0
66067,0
95646,0
102887,0
7065,1
127840,0
59227,0
103738,0
15259,1
111766,0
20294,0
83615,0
52524,0
136791,0
90093,0
22732,0
22324,0
58602,0
128036,0
74970,0
58702,0
114816,0
93571,0
78597,0
55585,0
118052,0
130821,0
54706,0
58547,0
101352,0
12240,0
107323,0
95010,1
118825,0
8146,1
137117,0
105701,1
81295,1
107419,0
1773,0
122184,0
104508,0
25077,0
35662,0
106075,0
78310,0
12653,0
14966,0
94666,1
121352,0
86719,0
75116,0
2451,0
30198,0
136613,0
122094,0
136910,0
136353,0
135328,1
128293,0
115566,0
100698,0
32302,0
63983,0
76919,0
32244,0
64746,0
45340,0
7827,0
41515,0
128632,0
97985,0
130443,0
119780,0
60495,0
37240,0
38630,0
8639,0
72600,0
30572,0
137676,0
53208,1
95565,0
50512,0
99345,0
19452,0
68519,0
122360,0
132713,0
20547,0
136756,1
86175,0
65964,0
98843,0
128728,0
136117,0
94236,0
80697,0
91544,0
47833,0
17929,0
67285,0
29156,0
110054,0
63157,0
81583,0
71583,0
52018,1
60984,1
91825,0
33564,0
57855,0
117287,0
85066,0
80231,0
105613,0
123230,0
43738,0
94233,0
132547,0
70472,0
94225,0
22794,0
29711,0
100936,0
1271,0
109133,0
31505,0
96147,0
86129,0
69642,1
79054,0
138915,1
27657,1
135738,0
103427,0
80662,0
138610,1
37559,1
64828,1
114904,0
24375,1
24891,0
1500,0
68526,0
48816,0
78490,0
139844,0
36099,0
124246,0
94445,0
33133,0
104042,0
22173,1
71400,0
134927,0
107122,0
54273,0
94851,0
112067,1
68480,1
43449,0
50505,0
88637,0
74332,0
82135,0
83369,0
29137,0
118114,0
138783,0
91402,0
22955,0
81031,0
124699,0
42437,0
55289,0
79739,0
52535,1
65134,0
118347,0
68929,1
140130,1
53821,0
89686,0
7566,0
22774,0
32601,0
109054,1
37545,1
94544,1
44872,0
26716,0
57270,0
137939,0
10446,0
59469,0
89739,0
75828,1
57757,0
40430,0
86870,0
87311,0
44800,1
86499,1
41952,0
31870,0
8015,0
115427,1
29550,1
105776,0
99485,0
22919,1
82821,1
132147,0
1226,0
55117,0
46423,0
95497,0
72842,0
101934,0
63720,0
66607,0
84407,0
117648,0
87335,1
137605,0
94774,0
102817,0
59544,1
77773,0
68559,0
83885,0
69841,0
12647,0
98081,0
44972,0
107859,0
7405,0
135304,0
940,0
139594,0
117144,0
100801,0
52091,0
70272,0
125918,0
64060,0
137588,0
36060,1
51542,0
130005,0
130338,0
132730,0
55727,0
55703,0
120652,0
4081,1
19586,0
134768,1
26258,0
87952,0
42641,0
96367,0
83082,0
47436,0
42199,0
63712,0
73773,0
122872,0
85804,0
8960,0
105308,0
88460,0
5284,0
39986,1
16212,0
76763,0
108443,0
135744,0
81889,0
134954,0
92275,1
101248,0
29591,0
9223,1
2462,0
79209,0
68342,0
88344,1
53936,0
44711,0
20369,0
95226,0
98614,0
129886,0
137478,0
120270,0
89583,0
53001,1
80653,0
18752,1
24832,0
13553,0
96203,0
132254,0
34606,0
32448,0
53339,0
40512,0
32025,1
133959,0
131654,0
30674,0
95580,0
30645,0
99254,0
93682,1
98025,0
77696,0
80019,0
115484,0
131620,0
138146,0
54204,0
86688,0
107985,0
12809,0
133026,0
59584,1
61781,0
78001,0
114508,0
135198,0
22885,0
85618,0
125027,1
86042,0
87724,0
88989,1
113473,0
83516,0
38803,0
123627,1
22381,0
106512,0
115775,0
24970,0
51672,0
132179,0
126568,0
19215,0
43128,0
17452,1
133727,0
27150,0
97743,1
31131,0
88540,0
133931,0
127199,0
14996,1
1948,0
70782,0
83522,0
22695,0
139522,0
2713,0
101769,0
45980,0
70665,0
76403,0
62915,0
92143,0
114871,0
46284,0
5683,1
68377,0
114458,0
19299,0
111514,1
117165,1
5508,0
96463,0
127008,0
50102,0
94589,1
65811,0
73659,0
100054,1
113150,0
18819,0
55391,0
108705,0
125621,0
83997,0
88300,1
127671,0
93213,0
120190,0
114799,0
120968,0
132591,1
88593,0
29312,0
111401,0
77725,1
76364,0
95767,0
88982,1
33042,0
71275,0
106037,1
1028,0
64335,0
81863,0
77193,0
24983,0
135397,0
122533,0
53280,0
78453,0
12369,0
33648,1
134720,0
51221,0
17859,0
97797,0
50970,0
103708,0
31341,0
107094,1
126614,1
19338,0
135925,0
10787,0
114516,0
31623,0
122774,0
104375,1
118455,0
80923,0
133308,0
80550,0
93108,0
39977,0
65879,0
127087,0
107191,1
70930,0
95308,0
68195,0
46115,0
75944,0
103866,0
87496,1
62125,0
18458,0
103824,0
84626,1
18521,0
73885,0
75546,1
93515,1
78789,0
131438,0
75485,0
28841,0
36158,0
12430,0
125472,0
91185,0
33813,1
83750,0
54483,1
82344,0
84762,0
64525,0
104063,0
50886,0
24564,1
138956,0
3936,0
50939,0
76503,0
111964,1
116066,0
77225,0
34899,0
91908,0
86752,0
61115,0
16907,0
116328,1
66728,0
136270,0
77958,1
108601,0
70662,1
62775,1
116645,1
63700,0
5709,0
4531,0
33063,0
64029,0
51729,0
129845,1
140493,0
40686,0
46587,0
113084,0
55660,0
38096,0
31514,0
93110,1
136880,0
75448,1
26228,0
8773,0
121673,0
51359,0
75059,0
77494,0
47191,0
90854,0
66541,0
73182,0
64979,0
102593,0
40346,0
119985,0
24953,0
74787,0
112924,0
82224,0
39677,1
74810,0
69238,1
64463,1
136336,0
119123,1
117676,0
95950,0
55349,0
45416,0
23736,0
125524,0
96460,0
57254,0
131230,0
35085,0
57889,0
9280,1
92467,0
88039,0
126506,0
38068,0
117129,0
64386,0
97935,0
56852,0
107630,0
3268,1
61379,0
109114,0
139303,0
41826,1
70473,0
59956,1
137490,0
77492,0
87363,0
110511,0
85030,0
138950,0
93338,1
35885,0
100328,0
40158,1
74226,0
21971,0
119455,0
27842,1
115956,1
79458,1
98883,0
8799,0
99834,0
139440,1
136593,0
116040,0
66693,0
8334,1
105043,1
135781,0
17264,0
21230,0
45373,1
57267,0
73971,0
94843,0
38214,0
83550,1
20620,0
92877,0
39517,0
17598,0
93020,0
109865,0
79547,1
133530,0
122623,0
32798,1
68241,0
114437,1
55201,0
19330,0
112017,0
53528,0
82260,0
125320,0
24806,1
98323,0
67740,0
47673,0
5937,0
82242,1
108763,0
8180,0
8789,0
98334,1
71199,0
115193,0
67852,0
67842,0
11833,0
23500,0
44127,0
61873,0
15355,0
77666,1
100323,0
64581,0
97926,0
81308,0
49676,1
111854,1
15025,0
18795,0
102549,0
50096,1
121477,0
137265,1
62632,0
38254,0
94956,0
29360,0
1343,0
41675,0
80228,1
96337,1
97073,0
93812,1
111833,0
75957,0
1186,1
66701,0
101215,0
56042,0
107564,1
12899,1
137147,0
77047,1
85616,1
69539,0
2968,0
9743,1
99307,0
28580,0
34718,0
117188,0
21974,0
133007,0
46731,0
37091,0
36589,0
135335,0
17490,0
110352,0
104711,0
138312,0
16746,0
99943,0
71451,0
124872,0
133075,1
131503,0
76269,0
111229,0
87005,0
36245,0
63987,0
36508,0
71810,0
54459,1
47522,1
12412,0
104343,0
42534,0
10384,0
48783,0
100243,0
21564,0
52947,0
14068,0
7908,1
121417,0
110329,0
24092,0
10616,0
126125,0
10695,0
41162,0
93818,0
11126,0
6332,0
51345,0
110905,0
119944,0
128435,1
35854,0
51738,0
49736,0
23038,0
114348,0
89740,0
53163,0
34293,1
50730,0
54432,0
38098,1
99482,0
124626,0
130729,1
100396,0
73344,1
5069,1
105924,1
23004,0
4338,0
12830,0
130216,0
36690,0
40331,0
46086,0
34146,0
114786,1
96368,0
50217,0
136076,0
83819,0
70910,0
6532,0
4901,1
136795,0
40259,0
17370,0
84909,0
43443,0
134712,1
82488,1
126468,0
125794,0
101931,0
132775,0
65963,0
48165,0
110926,1
70050,0
84691,0
7674,0
39036,0
114570,1
122376,0
108020,0
9668,1
96109,0
73857,0
115870,0
135753,0
2609,0
57511,0
92061,0
19970,0
44592,0
53722,0
131009,0
136229,0
71014,0
60622,0
31900,0
36409,1
81071,0
105859,1
80252,0
36150,0
100954,0
10905,0
23375,0
52052,0
68541,0
71044,0
48293,0
82177,0
97507,0
62135,0
30709,0
121291,0
15159,0
79722,0
102886,0
34626,0
99626,0
48094,0
22240,0
42560,0
17829,0
11954,0
38501,0
75060,0
130722,1
108966,0
70906,0
107516,0
38984,0
35876,0
110,0
108269,0
46546,0
125954,1
33908,0
115586,0
56502,1
75345,0
20399,0
124719,0
84784,0
110175,0
45380,1
25162,0
114105,1
13288,0
99945,1
131916,0
19227,0
34136,0
38640,0
28839,1
22263,0
80921,0
50562,0
38008,0
105369,0
73372,0
135784,0
67112,0
28556,0
13694,0
39441,0
93788,1
71666,0
58190,0
42079,0
48640,0
4764,0
89409,0
48772,0
103986,0
97868,0
114412,0
18560,0
129055,1
130425,0
114252,0
17481,0
98879,0
66426,1
102819,0
118668,0
136109,0
5607,1
117871,0
46448,0
38075,0
130921,1
969,0
48986,0
89638,0
140234,0
74768,0
781,0
132171,0
73997,0
120071,0
15505,0
7138,1
11041,0
79357,0
73946,0
123709,0
129572,0
14320,0
108841,0
34310,0
17962,0
24529,1
22678,0
66517,0
75490,0
140533,0
3167,0
100276,0
14428,0
48414,0
33631,0
127334,0
128636,0
80718,0
75747,0
22435,0
87319,0
7649,1
73628,0
3215,0
108861,0
26155,0
65778,0
2878,0
934,0
132141,0
39936,0
97611,0
45684,0
20174,0
60681,0
31887,0
35963,0
56037,0
100089,1
111908,0
82269,1
44385,0
123672,0
41161,1
48566,0
126989,0
3103,0
62015,1
76788,0
32621,0
75918,0
59226,0
111803,0
114644,0
93123,0
133943,0
1334,0
25971,0
73006,0
35765,0
125121,1
17524,0
45242,0
83423,0
47631,0
95344,0
90925,0
124533,0
8140,0
119517,0
134856,0
106884,0
117739,0
40069,0
28479,0
108406,0
65078,0
71175,0
6094,1
139592,0
55961,1
20481,0
74414,0
34614,0
117152,0
108863,0
54011,0
6300,1
35754,0
70480,0
113283,0
130148,1
118172,0
103565,0
133782,0
120210,1
53552,0
96149,0
61320,0
18115,0
95236,0
30414,0
106879,0
71455,1
130112,0
91580,0
83919,0
127023,1
10474,0
15254,0
40128,0
102706,0
64155,0
101937,0
112806,0
34833,0
82485,1
13274,0
16773,0
52578,0
31200,0
77199,0
137365,0
5950,1
43590,0
94599,1
130288,0
77689,0
61665,0
28801,1
21289,0
94705,0
108937,0
13012,0
88386,0
132236,0
98649,0
72285,0
80760,0
94970,1
120303,0
78744,0
26358,0
78271,0
117469,0
75950,0
88516,0
57962,0
38612,0
58002,0
91272,0
58765,0
29319,1
15371,0
129299,0
14289,0
6900,0
63462,0
102147,0
69615,0
128571,0
50662,0
138962,0
65526,0
17828,0
7264,0
80947,1
99164,0
81854,0
23242,1
42539,0
115128,0
96867,0
67785,0
98682,0
94896,0
13939,0
71504,0
64025,0
63340,1
39581,0
85877,0
27552,0
97655,0
102302,0
52874,0
128913,1
9349,0
42179,1
71766,0
140264,0
16326,0
91814,0
65485,0
114857,0
35220,0
8995,0
91845,0
71092,0
76032,1
77617,0
59354,1
22343,0
116360,0
19912,0
26542,0
59563,0
128790,0
82298,0
132282,1
28847,1
118232,0
49452,0
117145,0
24107,0
60084,0
30833,0
138816,0
106326,1
62139,0
123176,0
39807,0
93999,0
130619,1
65267,0
131525,0
106225,0
92807,0
72194,1
30355,1
88927,0
63414,0
110810,0
45184,0
13404,0
9180,0
52864,1
109359,0
7353,1
16327,0
129901,0
128634,0
75376,1
59566,0
138274,1
123825,0
24918,0
32162,0
52177,1
61839,0
110731,0
112299,0
66045,0
86876,0
38019,0
124389,0
60823,0
61103,0
112656,0
90688,0
14540,0
111996,1
65878,0
138788,0
88402,0
115932,0
40439,0
101608,0
15438,0
96791,0
124485,0
104754,1
63997,1
68865,0
87256,0
65633,0
17026,0
11192,0
129639,0
101065,0
116414,0
59378,0
81923,0
73296,0
3580,1
32417,0
8222,1
65740,0
118670,0
118842,1
3463,1
60782,0
99300,1
86766,0
9789,0
88167,0
100924,0
86183,0
21203,0
47815,0
103781,1
16892,0
56712,0
8413,0
116721,1
68583,0
49137,0
4895,0
3783,0
16817,0
95466,0
46894,0
46426,1
1122,0
121039,0
69901,0
51581,0
103793,0
14231,0
14270,0
53186,0
57651,0
86239,1
92241,0
37291,0
16055,0
32608,1
116207,0
128048,0
76942,0
43715,0
50668,0
97224,0
38826,0
78709,0
138408,0
78260,0
117493,0
28037,0
28195,1
43478,0
19579,0
55867,1
68941,0
79823,0
134786,0
98459,0
71917,0
3616,0
107875,0
103319,0
118777,0
80131,0
92870,0
45838,1
112551,0
24053,0
44440,0
331,0
71041,0
15603,0
46605,0
47045,0
119028,0
48621,0
11751,0
89576,0
41217,0
39511,0
124854,0
84048,0
21087,0
72010,0
71096,0
110895,1
121057,0
134084,0
87418,1
126899,0
66893,0
63554,0
65260,1
1570,0
30828,0
81940,0
92823,0
93420,0
118425,0
36553,0
9419,0
30920,0
113812,0
77939,1
10706,0
29188,0
17953,0
51069,1
125020,0
138804,0
102457,1
115110,1
39109,0
68739,0
11530,0
25395,0
60202,0
95470,1
89974,1
134328,1
6772,0
21546,0
139576,0
22307,0
71767,0
137126,0
38508,0
55445,0
97302,0
51171,0
37899,0
69401,0
56579,0
112083,0
3643,1
130356,0
1731,0
46552,0
125033,0
38772,0
46901,0
100338,0
123540,0
47541,0
135246,0
130665,1
34769,0
72804,0
129962,1
54822,0
30517,1
8779,0
6026,0
88208,0
97920,0
127312,0
30366,0
138777,0
119159,1
8595,0
126805,0
36216,0
81664,0
14317,0
39101,0
47113,0
3619,0
61877,1
29514,0
40442,0
89176,0
77452,0
84442,0
67098,0
103237,0
87781,0
75010,0
107142,1
23019,0
52434,0
53277,0
78707,0
131850,0
9978,0
88261,0
109044,0
14777,0
47066,0
1207,0
130252,1
95479,0
56859,0
111032,0
130375,0
50969,0
29402,0
130215,0
139883,0
32219,0
99810,0
43178,0
14303,0
39340,1
69582,0
114905,0
29686,0
35863,0
78256,0
4422,0
120961,0
72163,0
18899,1
53039,0
61934,0
122029,0
4055,0
74096,0
117249,0
20868,1
15063,0
18441,0
24540,0
72648,0
19629,0
21739,1
3892,0
36240,0
29995,0
26032,0
41855,1
132698,0
86050,0
15367,0
777,0
14155,1
27511,0
131599,0
8834,1
69185,0
37911,0
10151,0
45331,0
81017,0
138439,0
5465,1
62051,0
110548,0
2050,0
115481,0
123930,0
139868,0
36028,1
41530,0
72712,0
138591,0
66296,1
97048,0
19521,0
23544,0
3859,0
38181,1
63030,0
12522,1
47118,0
108075,0
38690,0
135603,0
79809,1
98631,0
36912,0
113490,0
107361,0
35653,0
100545,0
74688,0
67259,0
6478,0
82650,1
131774,0
99284,0
105985,0
69138,0
58239,1
99912,1
125246,0
103598,0
22024,0
96748,0
132426,1
49796,0
13224,0
129258,0
23797,1
27411,0
10720,0
102835,0
78661,1
32994,0
28056,0
71012,0
82225,0
96532,0
119781,0
43973,0
91239,0
102625,0
64929,0
134265,0
6572,1
28258,0
92625,1
33655,0
140578,0
30282,0
35690,1
52572,0
66261,0
39399,1
128647,0
111843,0
79620,0
67186,0
67279,0
125514,1
113334,0
77277,0
107353,0
44323,0
55215,0
23954,0
110471,0
99068,0
56844,1
129467,0
81137,0
68180,0
9652,0
79167,0
85219,0
5647,0
139384,0
59771,1
138727,0
63532,0
121997,1
95699,1
54579,0
40172,0
73294,0
105630,0
74254,0
19173,0
51033,0
112064,0
26212,0
25187,0
49703,1
46194,0
135358,0
23639,0
56919,0
80040,0
108344,0
112214,0
48785,1
60791,0
530,0
113709,0
63549,0
9586,1
38089,0
113228,0
12597,0
85124,0
33084,0
600,0
16665,0
57133,0
94732,0
43977,0
77729,0
121035,0
95241,1
107086,0
45530,0
129804,0
91150,0
92315,0
85704,1
8821,0
99520,0
56639,0
28399,0
116763,0
81380,0
95353,0
90040,0
8583,0
1843,0
116335,1
99323,0
64677,1
16083,0
1361,1
58634,0
74311,0
15406,0
34588,0
33847,0
110783,0
37626,0
131890,0
110595,1
25811,0
49626,0
48964,0
125768,0
10516,0
90995,0
93766,0
70733,0
31050,0
53629,0
41407,1
37563,0
112317,0
51375,0
102237,0
32520,0
92517,0
23664,1
78827,0
96499,0
93564,1
11760,0
103378,0
121097,0
138389,0
106837,1
103384,0
57077,0
120326,0
11409,1
64449,0
100983,1
49323,1
130512,0
122072,0
56893,0
17197,1
79737,0
70387,0
50967,0
33240,0
32491,0
29814,0
52217,1
116988,1
55202,0
140004,0
104139,1
77757,1
72507,0
108149,0
109739,1
65115,1
138161,0
7573,0
60913,0
52279,0
97311,0
104695,0
77633,1
53661,0
20093,1
76456,0
136146,0
93025,1
67917,1
101954,1
74934,0
123753,0
9453,0
79870,0
67746,0
21097,0
86918,0
102250,0
26418,0
129416,0
47231,0
74237,0
9424,1
79588,0
85596,0
73692,0
101799,0
20407,1
79116,0
98617,0
44720,1
113351,0
124835,0
15423,0
72610,0
69187,0
50888,0
97921,1
135920,0
69640,0
99233,0
64523,0
126109,1
112447,1
53819,0
73340,0
54829,0
66314,0
29837,1
33413,1
126684,0
55972,1
38659,0
76808,0
21355,0
22384,1
56337,0
52558,1
107851,1
57228,1
113082,0
52455,0
79230,0
31847,1
24185,0
91860,0
111029,0
22900,0
20218,1
32907,0
72271,0
16112,1
50310,1
38296,0
43964,0
108401,0
11000,0
15776,1
135653,0
7298,1
24122,0
23063,0
51438,0
103031,0
85750,0
109221,0
91017,0
122123,1
66821,0
22490,0
37832,0
137602,0
11451,0
35847,0
70699,0
131475,0
110570,0
129399,0
6721,0
75404,0
16488,0
69144,0
95504,0
116047,0
73645,0
140211,0
69000,0
28168,1
76425,0
38385,0
27773,1
41497,1
86813,0
27813,0
128877,0
34091,1
59880,0
88591,0
101309,0
105374,0
38549,0
59319,0
50153,0
40982,0
90273,1
131097,0
128915,0
56409,0
54229,0
11264,0
61402,0
38836,0
96033,0
6338,0
50829,1
94585,0
6972,0
30289,0
7124,1
86668,0
56378,0
53436,0
101740,0
60157,0
27838,0
12008,0
109525,1
33083,0
84446,1
10930,0
116176,0
119376,0
86500,0
89326,0
126060,0
55801,0
38061,0
76853,0
130692,0
9399,0
87051,0
43564,0
122557,0
129481,0
49167,0
96416,0
37389,0
72570,0
14870,0
126807,0
124707,1
46721,0
96097,0
35598,0
24703,0
132220,0
19043,0
64821,0
24223,1
105850,0
117563,0
58272,0
125263,0
61684,0
69644,0
39814,1
44108,0
105359,0
47432,0
35243,0
25075,0
107973,0
51988,0
53966,0
130885,0
66983,0
5484,0
5264,0
72650,0
574,0
120696,0
33833,0
107655,0
109103,0
15343,0
42595,0
27865,0
127477,0
83677,1
63520,0
48521,0
132027,0
29009,0
65125,0
104679,0
72736,0
49350,0
52919,0
59607,1
31996,0
134419,0
59978,0
39315,1
16469,0
137209,0
38057,0
140023,0
41430,0
7390,0
7096,0
135808,0
6680,0
63003,0
57071,0
56726,0
34093,0
669,0
92134,0
24304,1
82213,0
81630,1
132391,0
29999,0
123530,0
15749,0
33609,0
126688,0
136633,0
78839,0
72705,0
44153,1
127189,1
39668,0
82444,0
133062,0
110897,1
81118,1
12592,0
22177,0
85919,0
3354,0
26146,0
65320,0
127829,0
59801,0
78071,0
21388,0
53040,0
16512,0
128484,0
15770,0
92032,1
111909,0
79637,1
102535,0
15645,0
82083,0
114657,0
120170,1
132052,0
103172,0
11997,1
48641,0
55808,1
14465,0
32785,0
15168,1
8257,0
75810,0
124706,0
47024,1
116790,0
4237,0
19018,0
81127,0
62690,0
99166,0
104049,0
112326,0
26197,0
94541,1
99762,0
97732,0
50779,0
32093,0
91205,0
5439,1
18945,0
97824,0
30564,0
118586,0
95379,0
135548,0
78976,0
56627,0
136858,1
111725,0
68754,0
129286,1
49418,0
70745,0
90415,0
123110,0
39304,0
101225,0
21894,1
10436,0
56826,0
28124,0
80352,0
75272,0
16258,0
139745,0
109748,0
10216,0
22743,0
43614,0
140363,0
24589,1
86901,0
32632,0
76753,0
77215,0
18535,0
64787,0
98196,1
136590,0
79889,0
20381,0
44480,0
47533,0
78209,1
32653,0
49366,0
99055,0
135170,0
51853,0
99278,1
85638,0
55324,0
4747,0
122471,0
15195,0
62449,0
38689,0
122746,1
46043,0
95393,0
124245,0
128496,0
43078,1
95625,0
66937,0
32404,0
24578,0
104644,1
136697,0
101728,0
43915,0
131658,0
17093,0
65010,0
9105,0
113306,0
9823,0
94660,0
135791,0
59328,0
31402,1
56696,0
78763,0
100056,1
6662,1
83051,0
40980,0
85206,0
43401,0
86658,0
33870,0
134633,0
137463,1
69949,0
71339,0
82825,0
137841,1
109544,0
3036,0
65656,1
71283,0
130457,0
103465,0
133569,0
35645,0
59114,0
24722,0
115585,0
44668,1
46667,0
112433,1
71077,0
129970,0
35832,0
48804,0
78772,1
119711,0
97521,0
106304,0
138363,0
64768,1
34486,0
138557,0
3845,0
65311,1
2340,0
13121,0
43149,0
33773,0
104523,0
15317,1
51071,0
135283,0
74370,0
2048,0
28132,0
5416,0
94784,1
136266,0
19800,0
123085,0
2807,0
43157,0
71726,0
67373,0
60362,0
119823,1
11360,0
126943,0
78650,0
111267,0
117777,1
112638,0
23752,0
39820,0
13045,0
100400,0
92353,0
129024,0
54756,0
8383,1
24784,0
122660,0
110578,0
362,0
110077,0
134225,0
34898,0
123770,1
66233,0
79004,0
86771,0
53908,0
102144,0
93932,0
37186,0
127010,0
93791,1
96584,0
99971,0
7112,0
137853,1
55590,0
79216,0
99822,0
66709,0
113343,0
40596,1
127413,0
3207,0
74103,0
118430,0
85766,0
19322,0
106501,0
76779,0
115783,0
62225,0
121886,0
49528,0
59408,1
59580,1
65191,0
108696,0
64991,0
86022,1
40353,1
105854,0
43343,1
42741,0
78863,0
62707,0
36921,1
35094,0
126275,0
131791,1
126430,0
101019,0
13920,0
71042,0
96473,0
65486,0
63600,0
17708,0
98807,0
137396,1
129875,0
29404,0
23983,0
111981,1
44767,0
99754,0
104843,0
16639,1
72632,0
2033,0
83456,1
84638,0
67304,0
89860,0
69713,0
112529,0
77519,0
124447,0
89697,0
41758,0
32742,0
38936,0
101146,0
95233,0
684,0
86942,1
90306,0
101663,0
122915,0
26165,0
13234,1
89282,0
23577,0
86553,0
111572,0
76793,0
33778,0
49708,0
124140,0
18788,0
97866,0
70090,1
82389,0
50104,0
59521,0
97952,0
63890,0
15828,0
30728,0
61357,0
62094,0
44401,1
62696,0
131324,0
115399,0
130269,0
68714,0
56929,0
102428,0
30955,0
80872,1
41859,1
77049,0
116551,0
57200,1
33746,1
44673,1
57163,0
67860,0
21891,0
99878,0
77093,0
58042,1
111631,0
36326,1
64934,1
68375,1
61326,0
60829,0
90779,0
39184,0
98062,0
114456,0
113364,0
134139,0
21390,0
110318,1
127344,1
15687,0
17813,0
54389,0
38825,0
127843,0
65325,1
65989,0
24103,0
103171,0
406,0
73681,0
137149,0
47274,0
24180,1
104859,0
31592,0
24333,0
41355,0
82378,0
5142,0
89062,0
88730,0
66135,0
108177,0
5690,0
95152,0
59592,0
36715,0
90510,1
92250,0
7055,0
139634,1
50941,1
90424,0
116920,1
28304,0
89366,0
131679,0
18283,1
9779,0
78283,0
51820,0
33984,0
121966,1
83625,0
105562,0
139332,0
113889,0
126284,1
121025,0
82454,0
82400,1
8071,1
17852,0
48038,0
15709,0
39561,0
112390,0
93653,1
113644,0
76983,0
67080,0
91398,0
31888,1
7923,1
22721,1
5054,0
84381,0
30225,0
110592,1
3426,0
44758,1
23738,0
57341,0
119974,0
15473,0
125681,0
15499,1
76101,0
92923,0
1819,0
133225,0
100893,0
22033,0
27677,0
91046,0
114118,0
85485,0
26746,1
73135,1
13308,0
134949,0
80303,0
114709,0
92179,1
16126,0
124240,1
135424,0
137837,0
12737,0
12507,0
125208,0
120221,0
134592,0
28945,0
55754,0
37353,0
127166,0
25310,0
63073,0
36731,1
77204,0
126978,0
41931,1
86002,1
90968,0
68486,1
125157,0
9521,1
87303,0
90260,0
120916,0
22458,0
21490,0
101556,0
92447,0
66478,1
55665,0
41241,1
9019,1
25290,1
135276,0
101800,0
115162,0
44413,0
62291,0
39365,0
85078,0
60804,1
8435,0
9287,1
96422,1
81481,0
621,1
120371,0
94449,0
77933,1
85404,0
21029,0
52068,0
60425,1
89113,0
39524,0
82191,0
46773,0
131479,0
104442,0
26291,0
23331,0
118800,0
140028,1
114860,0
86669,1
21670,0
135420,0
38623,1
137125,0
79128,0
117831,0
105574,0
57013,0
128589,0
70333,0
106912,0
35905,0
139820,0
16821,0
121319,1
80181,0
77822,0
19449,0
73423,0
7696,0
31927,0
85,0
11723,0
132215,0
31615,0
131227,1
36819,0
99615,0
88902,0
95961,0
49946,0
62114,0
85337,0
12948,0
56284,0
14792,1
6115,0
72059,0
46135,0
28519,0
110343,1
28109,1
94673,0
6377,0
85924,0
27843,0
76187,0
14037,1
3658,1
119545,0
112312,0
65404,0
60934,0
85049,0
13378,0
57375,0
20733,0
99517,0
5956,0
128317,0
2928,0
122149,1
110212,0
43496,0
93399,0
89767,0
9638,0
51940,0
16835,1
37435,0
23234,0
17560,0
124985,1
65055,0
45870,0
99679,0
140606,0
86219,0
99605,1
4146,1
83867,1
29345,0
107495,0
2225,0
96922,0
61496,0
128854,0
54806,0
8955,1
80661,0
809,0
59002,1
130342,1
131070,0
20676,0
79911,0
35199,0
85823,0
80890,0
13166,0
99209,0
55594,0
6843,1
107672,0
79651,0
8689,0
57637,0
124996,0
71819,1
23912,0
17824,0
45909,1
83053,0
91223,0
77296,0
115212,0
65595,0
17359,0
46059,0
58621,0
17747,1
31292,0
87595,0
65810,0
49145,1
5364,0
75200,0
19571,1
67487,1
90816,0
64068,0
79060,0
57022,0
35599,0
129054,0
119258,0
46771,0
90303,0
66696,0
132364,0
85658,0
23536,0
74619,0
30100,0
134417,0
1289,0
4243,0
113802,0
103518,0
110773,0
113382,0
99637,0
11786,0
14750,0
82931,1
90141,0
124343,0
1718,0
81085,1
42452,0
121823,1
89894,0
30122,0
127988,0
104153,0
28899,0
72373,1
100220,0
129181,0
50157,0
83609,0
24812,0
117118,0
13705,0
96004,1
18880,0
12363,0
110919,0
137518,0
16307,1
36549,0
30392,0
13766,1
36372,0
39167,0
115076,0
5978,0
87205,0
37212,0
29096,0
101068,0
19015,0
25143,0
112392,0
131332,0
139541,0
68723,0
10799,0
126367,0
104114,0
1042,1
140230,1
62256,0
50616,0
122162,0
102584,0
27370,0
139074,0
2996,0
94551,0
66122,1
62479,0
58682,0
140202,0
108505,0
63977,0
57719,0
42204,0
92485,0
122536,0
43382,0
91531,0
84284,0
131141,1
122840,0
88644,0
10904,1
104415,0
38792,0
121686,0
17399,0
92079,1
22418,0
82284,0
127589,0
21240,1
62996,0
80097,0
92286,0
59881,0
26787,0
61239,0
131347,0
66775,0
65020,0
20540,0
130725,0
102026,0
76292,0
73440,0
85615,0
134561,1
13626,0
100206,1
59838,0
8939,0
133900,1
136166,0
17914,0
100638,1
16501,0
135749,0
124308,1
16007,1
53855,0
56594,0
9016,0
4970,0
121027,0
129363,1
29681,0
127771,0
13517,0
86612,0
84257,0
134160,0
97524,0
34592,0
107614,0
109520,0
4466,0
114349,0
86154,0
42448,0
69579,1
125547,0
1046,0
4438,0
60640,1
54242,0
67441,0
136015,0
52180,0
41221,0
52310,0
126057,0
102108,0
49625,0
58461,0
15358,0
138925,0
135526,0
58133,0
94295,0
82231,0
79584,0
97974,1
103522,1
21021,0
88728,0
31755,0
116177,0
98281,1
14148,0
50704,0
35806,0
47148,0
80503,1
83240,1
67968,0
116555,0
130854,0
128686,0
40429,1
121558,1
96472,0
33053,0
121141,0
114492,0
30791,0
114556,0
134941,0
16001,0
77008,1
42169,0
75757,0
53046,0
6615,0
77162,0
32464,0
43120,1
51741,0
12060,0
136993,1
27040,0
47850,0
19431,0
7095,0
6484,1
55588,1
14545,0
128246,0
73292,1
101369,0
51008,0
132522,1
12649,0
50105,0
107736,1
58512,0
45529,0
133559,1
9400,0
73018,0
128027,0
60612,1
95725,0
42221,0
108451,1
36145,0
87155,0
92240,0
132296,0
32310,0
131201,1
102924,0
84990,0
41532,0
70830,0
74727,0
92194,0
26887,0
50859,0
126932,0
121083,0
99751,0
100922,0
113035,0
131091,0
49380,0
19926,0
260,0
10762,0
83107,0
83525,0
126883,0
69267,0
12529,0
130128,0
57705,0
43917,0
17860,0
88137,0
117873,0
12831,0
96636,0
13837,0
102044,0
36330,0
58722,0
41591,1
39638,0
87167,0
84689,0
113522,0
22137,0
130683,1
52479,0
122159,0
85445,0
123444,0
30688,1
12436,0
86149,1
120275,0
21115,1
118085,0
58601,0
95560,0
2045,1
55726,1
5228,0
40728,1
4519,1
3163,0
80606,0
12499,0
119748,0
59040,1
35038,0
41861,0
25868,0
11413,0
43525,0
8599,1
32357,1
140159,0
68579,0
39706,0
75617,0
116119,0
83012,0
58689,0
82835,0
111785,0
101876,0
56950,0
136640,0
32474,1
111270,0
5128,0
130952,1
56894,0
96228,0
113966,0
74010,0
125822,0
113856,0
138649,0
127310,0
121441,0
13842,0
36089,1
14523,1
5066,0
98466,0
77083,0
7823,0
2035,1
94753,0
62730,0
53591,0
14571,0
128105,1
86910,0
38027,1
137849,1
111499,0
60827,0
53027,1
66141,0
31275,1
109829,0
28398,0
95446,0
96826,1
132736,1
68156,1
65127,0
70818,0
98222,0
130506,0
107506,0
33595,0
5291,1
77032,0
6524,1
121347,0
78915,0
55088,0
8508,0
92285,1
4372,1
28213,1
121224,0
39112,0
95443,0
75690,0
124789,0
24287,0
19574,0
113870,1
79912,1
44718,0
27901,0
109060,0
384,0
127982,1
25514,0
37513,0
113029,0
119581,0
119041,0
123451,0
105714,0
39584,0
129554,0
53289,0
76443,0
32609,0
123803,0
30856,0
69623,0
2511,0
136459,0
22407,0
102698,0
70135,0
46621,0
72990,0
134562,0
35521,0
54962,0
114013,0
29515,0
86430,0
42960,0
65130,0
41879,0
138176,0
114246,0
30522,1
140495,0
81801,0
55305,0
53065,1
43392,0
28330,0
133801,1
26811,0
140402,0
40594,0
5267,0
52484,1
130238,0
85314,0
119055,1
55243,0
13445,0
14274,1
50176,0
45547,1
119151,0
57930,0
72051,0
7975,0
129375,0
12541,0
114174,1
118589,0
44683,0
8619,0
122225,0
16756,0
91702,0
70641,0
25950,0
70684,0
27732,1
20700,0
111963,0
111128,0
113090,0
127330,0
106111,0
132424,0
108795,0
64807,0
3192,0
126821,0
99,0
97510,0
48980,0
93759,0
79649,0
92220,0
139626,0
1462,1
121287,1
97845,1
114045,0
61247,0
117591,0
88284,0
22597,1
100201,1
9781,0
45034,0
31482,0
44855,0
133381,0
1748,0
59484,0
106453,1
138605,0
28921,0
117745,0
120812,1
74492,0
69283,0
46937,0
30874,0
1680,0
906,0
21361,0
140319,0
74061,0
133628,1
125593,0
3573,1
102976,0
36929,0
66930,0
122995,0
49916,0
3186,0
85441,0
99191,0
84424,0
86456,1
45451,0
34481,0
36489,1
42082,0
139206,0
65312,0
72328,0
140597,0
126927,0
47914,1
32213,0
140535,0
31542,0
135237,0
78116,1
66384,0
59411,0
134730,0
106932,0
23978,0
47460,0
92344,0
12525,0
76285,0
65624,0
88752,0
53840,0
16929,0
43982,0
54585,0
111953,0
110512,0
79272,0
51382,0
47195,0
109265,0
96653,1
98658,1
101226,0
69955,0
62283,0
16669,0
44658,0
70654,0
23189,0
71607,0
24522,0
14088,0
60335,0
42616,1
13780,0
49021,1
116975,1
19749,0
127935,0
17102,0
25366,0
37421,0
62674,1
47567,0
50443,0
85733,0
47682,0
88319,0
33134,0
92749,0
68198,0
106306,0
97014,1
81667,1
10195,0
60075,0
70696,0
70640,0
32614,0
46553,0
123454,0
128143,0
81975,0
122812,0
4787,0
86623,0
108775,0
133071,0
74857,1
60403,1
118078,1
120933,0
120825,0
26113,0
125439,0
94209,1
41682,0
37595,1
128438,0
90063,0
54286,0
28564,0
58703,0
125523,1
138629,0
21014,0
52394,0
78637,1
106375,0
119343,0
38474,0
93445,0
83578,0
38122,1
78913,0
118947,1
33891,0
49654,0
92816,0
140275,0
2118,0
73282,1
10211,0
119797,1
37617,0
76931,0
47346,0
29123,0
16668,0
139717,0
19953,0
59167,1
9382,0
129757,0
113409,0
24120,0
92343,0
51000,0
65524,0
140393,1
86776,0
29983,0
105309,0
38951,0
3338,0
13973,0
27731,1
125132,0
119347,1
60444,0
93318,0
121899,0
113488,0
125443,0
34278,0
49573,0
67450,0
73809,0
95205,0
74474,0
41886,0
73679,0
10669,0
112076,0
96436,0
105066,0
45061,0
137273,1
4157,1
42177,1
88479,0
125387,0
112753,0
103580,0
98117,1
111104,0
128052,1
82508,1
93926,0
115384,0
121975,0
121964,0
8977,0
125255,1
132495,0
99648,1
97206,0
107501,0
138656,0
52742,0
135622,0
81115,0
14521,0
13394,0
80771,0
132482,1
34941,1
11040,0
15550,0
63282,0
3947,0
110838,0
105775,0
139847,0
14611,0
42566,0
9955,0
14247,1
140226,0
31270,0
46165,0
87751,0
136974,0
111609,0
113296,0
130400,1
43945,0
30431,0
139503,0
120382,0
104726,1
929,0
20985,0
69438,0
107165,1
69207,0
23904,0
45396,0
31172,0
116329,1
40384,0
50141,0
130590,0
103364,0
83112,0
104342,0
105570,0
61566,0
54476,0
15021,0
130611,1
62119,0
46569,0
136827,0
118439,0
14614,1
138541,0
51685,0
134316,1
115132,0
62531,0
89186,0
104846,0
6567,0
117498,0
62342,0
69614,1
34263,0
107737,0
94976,0
21036,0
110630,0
9134,0
5830,1
114697,1
80792,0
42657,0
97257,0
125563,0
103253,0
11445,0
116422,0
36217,0
31226,0
90518,1
6401,0
69554,0
65722,0
70303,1
119369,0
22646,0
2806,1
53062,0
66010,0
133111,0
109490,0
15121,0
80801,0
129640,0
111755,0
81780,1
121742,0
82173,1
112757,0
94813,0
67129,0
28369,0
118982,1
77094,0
7620,0
70772,0
57370,0
95111,1
89649,0
90194,0
133625,0
39665,0
139606,1
108859,0
70717,0
87763,0
110705,0
2629,0
134153,0
52773,0
2818,0
12818,0
64644,0
55421,0
80047,0
72957,0
113065,0
96308,0
8882,0
42458,0
83282,0
80186,0
69457,1
1491,0
139736,0
38889,0
80171,1
79436,0
60273,0
72750,0
24867,0
116140,0
134642,0
8590,1
54231,0
70875,1
89728,0
79225,0
90610,1
89640,1
121867,0
80306,0
112073,1
97802,0
91819,0
70887,0
35550,0
26054,0
136539,0
697,1
13764,0
13490,0
64904,0
130232,1
9313,0
134596,0
103725,0
32147,0
35059,0
98036,0
125599,0
8651,0
12390,0
132041,0
134146,0
32495,0
78814,0
61194,0
131808,0
103977,0
44552,0
70113,1
39741,0
84026,0
47603,0
5979,0
66042,1
103342,1
77488,0
85235,0
116803,1
1861,0
5273,1
3172,0
48800,1
109589,1
5936,1
60283,0
96023,0
140615,0
96255,0
61306,0
80109,0
8981,0
61101,1
133805,1
105705,0
15145,1
41954,0
41808,0
56457,0
79317,0
69461,0
34906,0
125381,0
99610,0
212,0
131179,0
398,0
27919,0
72521,0
121965,0
43019,0
41930,0
137350,1
130159,1
41878,0
128355,0
100236,0
80558,0
107333,0
91452,0
116306,0
3906,0
27973,1
3327,0
133923,1
134355,1
128233,0
132239,1
62453,0
18726,0
110112,0
71309,1
89884,0
15359,0
77030,0
139802,0
65483,0
112377,0
62077,0
121200,0
74390,0
5127,0
117618,0
99844,0
89243,0
54960,0
83930,0
14189,0
64882,0
40471,1
30723,0
116111,0
82030,1
134425,1
21478,0
23465,0
15539,0
137829,0
107890,0
123973,1
20255,0
27557,0
20577,0
918,1
85453,0
99623,0
10034,1
1925,1
34394,0
104444,0
96808,0
24331,1
26994,0
103231,0
112285,0
140515,0
87807,0
58305,0
91982,1
11135,0
39515,0
5905,1
135197,0
107505,0
33650,0
39504,0
77951,0
128729,0
8878,0
116187,0
53399,0
55019,1
41718,1
87126,0
45279,0
30444,1
109690,0
93816,0
76409,1
10585,0
18677,0
120854,0
93585,1
7779,0
70817,0
18629,0
20627,0
29967,0
111013,1
66393,0
129259,0
57845,0
132820,0
100927,0
67552,0
101418,0
29938,1
115047,0
71089,0
84537,0
79344,0
118746,0
30195,0
109575,0
32480,0
85943,0
88214,0
21952,0
69061,0
89890,0
124190,1
4753,0
92669,1
85304,0
39021,0
3976,0
99163,1
65735,0
19638,0
137523,0
10928,0
21880,0
111067,0
91782,0
9068,0
79590,1
62832,0
6250,1
127756,1
126534,0
70637,0
119427,0
6485,0
16186,0
89325,1
137345,0
86890,0
30062,0
85112,0
27047,0
55932,0
99706,0
67919,0
79179,0
96552,1
110125,0
47697,1
5976,1
120116,0
138741,0
47482,1
87293,0
95857,0
105416,1
69785,0
60496,0
8849,0
16597,0
134398,0
79466,0
8375,0
96654,0
94077,0
61700,0
118323,0
23154,0
73915,0
56252,0
94540,1
54141,0
103865,0
80374,0
108640,0
19761,0
37257,0
43235,0
10078,0
122236,0
8637,0
31159,1
130863,0
27075,0
20102,0
58841,0
8039,0
62489,0
46700,0
127177,0
337,1
74895,0
110966,1
108682,0
134740,1
58856,0
119850,0
113055,1
38217,0
42250,0
32353,0
13650,0
137701,0
72558,1
104105,0
110601,0
44239,0
127630,0
29650,0
104466,1
9368,0
89978,0
139568,0
21040,0
64503,0
49996,0
117749,0
27057,0
84253,0
40352,1
49758,1
120302,0
117496,0
88724,0
5901,0
85521,0
108317,1
116986,0
38736,0
72604,1
63834,0
121182,0
30779,0
94432,0
119231,0
34905,0
26720,0
10508,1
88800,0
27747,0
86230,0
90700,0
54684,0
120372,0
10778,1
67409,0
83955,0
136761,0
112549,0
47158,0
121296,1
19377,1
52047,1
77265,0
20411,0
92217,1
135357,0
35451,0
131833,0
139547,0
63853,1
119505,0
92955,0
60183,0
54277,0
68812,0
36714,1
24233,0
133374,0
92732,0
53579,1
2400,1
137398,0
42225,1
64147,0
41938,0
137120,1
36994,0
58732,0
44494,1
27037,0
88259,0
45643,0
31539,1
22217,0
117056,0
80016,0
67530,1
133334,0
21755,0
49087,1
129040,1
79474,0
14156,0
12142,0
43844,0
136990,0
123340,0
42906,0
15378,0
111760,0
80082,0
73961,0
136951,0
137657,1
18223,0
124384,0
68554,0
61714,0
83602,0
107723,0
105277,0
107753,0
54313,0
73339,0
44921,0
88112,0
73510,0
98918,0
52449,0
54408,1
102146,0
22161,0
84348,0
81944,0
4792,0
16763,1
45008,0
104857,0
32988,0
128990,0
20561,0
116964,0
97439,0
138240,0
36991,0
36328,1
116853,0
49853,0
46698,0
21775,0
104583,0
75843,0
34971,0
48744,0
125417,0
61118,0
92719,0
53049,1
59942,0
724,0
9466,0
54466,0
105241,0
65532,0
112252,0
56311,0
73557,0
69446,0
77768,0
135764,0
118055,1
47456,0
43810,0
44801,0
12911,0
38011,0
71674,0
101,1
68470,0
68001,0
131578,1
109743,0
105813,1
134991,1
17696,0
116698,0
6557,1
4095,0
104100,0
137451,1
13611,0
60564,0
3044,1
20980,1
136327,0
133453,0
78454,0
28025,0
71302,0
94174,0
46215,0
98747,0
115334,0
139865,0
111338,0
98443,0
98382,0
109629,0
67281,1
106173,0
740,1
48204,0
47972,0
96991,0
84275,0
132157,0
21030,1
93685,1
26700,0
98721,0
31467,0
83799,0
33457,0
6874,0
11626,0
10375,0
83010,0
17485,0
49709,1
34452,1
73687,0
110275,0
82736,0
66720,0
28596,0
54234,0
8860,0
36954,0
8892,0
98290,0
114098,0
120472,0
108610,0
35003,0
52288,1
7937,1
116051,0
79276,0
104144,1
54361,0
35867,0
117272,0
78852,0
5169,0
102771,0
59744,0
12842,0
46762,0
66576,0
119067,0
107796,0
123726,0
100488,0
23514,1
59759,0
59202,0
14158,0
75026,1
65225,0
67639,0
32607,0
108639,0
6306,0
7361,0
5387,0
61136,0
14768,0
128805,0
122803,0
48486,0
33466,1
41945,0
84735,0
136121,0
134428,0
3312,0
91602,0
11021,1
5772,1
128797,0
62384,0
92618,0
52236,0
27053,0
125949,0
6682,0
109617,0
108079,1
23615,0
59230,1
135167,0
77565,0
76748,1
81684,0
21350,0
133447,0
68784,0
1033,0
34539,1
75709,0
115295,1
126105,0
11495,1
36484,0
136981,0
4755,0
34887,0
139972,0
68329,0
30347,0
96465,0
112007,0
91962,1
92977,0
43482,1
12084,1
93265,0
43269,0
34123,0
109757,0
117335,0
81509,1
87244,0
29439,0
42474,0
14302,0
43635,0
33922,1
81088,0
16542,0
11516,0
50502,0
104333,0
70281,1
52794,1
49478,0
15050,0
81712,0
34132,0
130975,1
30210,0
58198,0
24537,0
67376,0
92915,1
120251,0
4326,1
43619,0
17734,0
124029,0
120711,0
8381,1
114529,0
56403,0
62960,0
110412,0
116854,0
44094,0
127599,0
74994,0
59921,0
111000,0
115170,0
34129,0
69961,0
13652,0
99443,0
47561,0
55863,0
47184,1
61480,1
138969,0
133171,0
53835,1
101055,0
135518,0
88790,0
29013,0
8491,0
73941,0
90027,1
94264,0
130450,0
139281,0
115152,0
23543,0
5931,1
1863,0
84833,0
16399,0
78304,0
78132,0
72468,0
131536,0
102102,0
48502,0
79638,1
7865,0
112183,0
122343,0
72011,0
57376,0
49160,1
57018,1
116315,0
25692,0
28952,0
126166,0
97813,0
17449,0
116480,0
14310,0
126220,0
22689,0
131027,0
132226,0
14461,0
58882,0
79452,0
113519,1
40953,1
136560,0
119661,1
28869,0
88133,0
18913,0
100523,0
96996,0
123656,0
127537,0
18290,0
65448,0
16155,0
121709,0
77868,0
3945,0
38722,0
89547,0
77433,0
137206,0
120182,0
92233,1
94392,0
65427,0
6597,0
45858,0
61350,0
12600,0
50225,0
128640,0
83057,0
40101,0
30426,0
59864,0
36335,0
110499,0
111322,0
137081,0
77917,0
104020,0
127391,0
98472,0
30160,1
82601,1
71113,1
124790,0
916,0
76076,0
78945,0
92296,0
33135,1
91385,0
52404,1
47532,0
49975,0
21415,1
113092,1
11140,0
37536,0
91293,0
118583,1
9457,0
57892,0
108811,0
45068,0
109810,0
40243,0
129402,0
67295,1
58747,0
6531,0
123211,0
71840,0
77634,0
97023,0
74843,0
15379,1
11004,1
23880,0
83616,0
88926,0
13636,0
71838,1
127735,1
49235,1
111812,0
46490,0
112685,0
80450,0
804,1
25804,0
108101,0
92466,1
62454,0
126378,0
106928,1
31868,0
40564,0
89629,1
106485,1
21699,1
81764,0
47389,1
130485,1
2596,0
37951,1
52955,0
778,0
84437,0
79930,0
118605,0
81590,0
97315,1
132641,0
33933,0
106930,0
38654,0
118308,0
105312,0
35136,0
116095,0
105564,0
79187,0
87717,1
117348,0
126778,1
90036,1
54087,1
124491,0
33734,0
137498,0
94998,0
117268,0
74893,1
75848,0
37660,0
8910,0
96954,0
78635,0
16222,0
13478,0
11695,0
80093,0
116578,0
92130,1
101557,0
138820,0
111015,1
119183,0
104562,0
65681,0
106666,0
42972,0
26900,1
62159,0
108938,0
105205,0
60928,0
116515,0
122275,0
16324,0
123206,0
13387,1
51249,0
96344,0
131580,0
95028,0
58904,0
57455,0
23931,0
73674,0
45231,0
82353,0
101041,0
70190,0
92665,0
111430,1
103013,0
16123,0
40640,0
19181,0
17446,0
6335,0
35146,0
5276,0
57867,0
27240,0
114945,0
85050,0
25534,0
32086,0
120744,0
135692,0
71287,0
119172,0
1078,0
79626,0
24717,1
30820,0
116568,0
90639,0
83994,0
122091,1
70493,0
87450,0
7068,0
80321,0
73691,0
106002,0
116435,1
32253,1
81758,0
87631,1
102700,0
109195,0
133135,0
67976,0
110954,0
88748,0
130766,0
1210,0
59664,0
1765,0
121219,0
62394,0
11069,0
46408,0
137219,0
14926,0
61012,0
11014,0
43318,0
64305,0
130028,0
15132,0
35370,0
5274,0
75550,0
97045,0
129957,0
30741,0
37482,0
95170,1
2569,1
31984,0
18161,0
82929,0
31105,0
6054,0
28355,0
90445,1
34557,0
26658,0
128857,0
114888,0
37985,0
28298,0
125071,0
51044,1
120809,1
40516,0
92695,1
41372,0
119773,1
75825,0
13580,0
34237,0
115136,0
136183,0
9797,0
12007,0
77230,0
49870,0
29578,0
19736,0
9110,1
85426,0
56920,0
48041,0
1561,0
47404,0
108452,0
98767,0
30382,0
9973,0
15126,0
103815,1
130498,0
23346,1
2924,0
116319,0
84947,0
101734,0
136755,1
98764,0
116297,1
89165,0
124478,0
7066,1
99188,0
123497,0
38080,0
9334,0
31604,1
66156,0
114267,1
5331,0
29778,0
39834,1
40432,0
126999,0
95399,0
28680,0
43828,0
122814,0
10190,0
928,0
104117,0
50280,0
83069,0
108919,0
62541,1
33967,0
39284,0
129400,0
63632,0
122434,0
82451,0
72439,0
122909,0
29963,0
110642,0
24571,0
67944,1
10237,0
70012,0
100491,0
128556,0
83970,0
10901,0
85758,0
106176,0
3041,0
115143,1
100403,0
16420,0
86614,1
113152,0
100321,0
71809,0
129499,1
137301,0
95813,0
10423,0
121096,0
123313,1
16978,0
32021,0
95041,0
55666,0
66890,1
108999,0
17618,0
106188,1
140619,0
84093,0
36744,1
107948,0
89867,1
25021,0
52926,0
136747,0
69896,0
23784,0
1163,0
40968,1
101092,0
90223,0
6921,0
39800,0
94651,1
106795,1
136492,0
43855,0
133040,0
70580,0
121528,0
127120,0
131236,0
18315,0
18249,0
41118,1
134945,0
18584,0
38490,1
104146,0
17612,0
18489,1
118735,0
95610,0
10583,0
75636,1
66425,0
28150,1
134250,0
37830,0
9473,0
136729,0
68058,1
72132,0
115055,0
10581,0
115300,0
117755,0
114361,0
133015,0
79162,1
122765,0
36688,1
106808,0
13326,1
54545,0
95381,0
135828,1
42317,0
119255,1
114918,0
32328,1
76887,0
49766,0
134323,0
41458,0
140427,0
138733,0
7455,0
92549,1
16377,0
111667,0
75429,1
136389,0
55721,0
72506,0
128616,0
126654,1
50031,0
132230,0
33151,1
82420,0
41988,1
95117,0
87283,0
22529,0
41272,1
76450,0
75143,0
100975,0
106892,0
39397,0
78534,1
64874,0
124895,0
87822,0
97128,0
85152,0
72510,0
64256,1
86711,1
122405,0
56781,0
111606,1
106212,0
81343,0
14864,0
5507,1
16993,0
38504,0
134850,0
36242,0
85922,0
104104,0
129912,0
87370,0
121765,0
27319,0
16868,0
23146,0
88202,0
89962,0
79190,0
57298,0
58812,0
96799,0
30273,0
63109,1
21651,0
137933,0
71785,0
125871,0
124598,0
752,0
27226,0
38487,0
66988,0
124674,0
79194,0
74645,0
10540,0
134380,0
19221,0
106533,0
45141,0
9282,0
21881,1
64045,1
109015,0
75924,0
131415,0
140243,0
137629,1
16285,0
84086,0
33136,0
80307,0
360,0
104353,0
106378,0
8373,0
103857,0
117642,0
3022,0
25711,0
138288,0
30543,1
136984,0
83656,0
48904,0
60013,1
83907,0
952,0
65772,0
139596,0
15542,1
118319,0
60046,0
43166,0
50072,0
8432,1
89080,0
51112,0
55066,0
129066,0
79523,0
59537,0
119497,0
48549,0
21848,1
28482,0
86995,0
86704,0
126172,0
44484,1
74971,0
16505,0
23153,0
123180,0
96056,0
100320,0
126597,0
108021,0
70596,0
40933,0
90944,0
85161,0
65120,1
80525,1
94532,0
19566,1
120683,0
103567,0
52459,0
50992,0
121514,0
132661,0
29151,1
13087,0
38190,0
7478,1
2134,0
88131,1
70871,0
23629,0
119397,0
76337,0
80655,0
21338,0
34590,0
53299,0
90465,0
93607,0
110482,0
35728,0
136559,1
89090,0
121945,0
65726,0
33825,0
5751,1
22910,0
24941,1
33469,0
120627,0
116373,0
18074,0
87193,0
75654,1
55313,0
8248,0
46393,0
88074,0
137861,0
128089,0
107216,0
69351,0
115651,0
101791,1
93558,0
12173,0
56219,1
31695,1
95495,0
55905,0
103917,0
90680,0
67912,0
122603,0
74129,0
45707,0
65589,0
132660,1
41322,1
83247,0
79347,0
25235,0
836,1
76056,0
107144,1
1591,0
51817,0
50684,0
6700,0
116805,0
104422,0
117407,0
88294,0
114204,0
1725,0
28039,0
23144,0
85144,0
18273,0
39911,0
118176,0
36012,0
109396,0
76972,0
69439,0
30935,1
45628,0
89429,0
81243,0
99146,1
38078,0
27466,0
46034,0
55769,0
55129,0
70995,0
27694,1
17455,0
23663,0
83530,0
7564,0
25144,0
53701,0
40856,1
125205,0
40824,0
22661,0
47015,0
11233,0
138546,0
129989,1
2651,0
18633,0
131818,0
96506,0
35118,0
44403,0
61978,0
81385,0
119825,0
49778,0
6642,0
70100,1
98431,0
7289,1
126651,0
105949,0
66357,0
10764,1
52179,1
127274,0
123762,0
85306,0
13482,0
5462,0
107159,0
100529,0
55234,0
66931,0
12325,0
92939,1
136651,0
49178,0
128667,0
118577,0
138348,0
24873,0
115731,0
64198,0
47590,0
70184,0
127129,1
130241,1
91864,1
105464,1
112983,0
134432,1
32810,1
82737,0
47281,0
1065,1
109849,0
27307,0
19141,0
39737,0
47425,0
59119,0
61955,0
373,0
51823,0
128043,0
78219,0
33623,1
108359,1
64515,0
8316,0
97385,1
95713,0
74470,1
62034,0
66339,0
43147,1
49012,0
97303,1
114481,1
38088,1
53687,1
24769,0
88447,0
83702,0
67173,1
11920,0
115163,0
7920,0
89627,0
40637,0
109176,0
130822,0
8671,0
28916,0
124087,0
54689,0
93776,0
24728,0
107194,0
43222,1
91783,0
98026,0
131956,0
110084,0
7300,0
131033,1
132551,0
38882,0
109883,0
4927,1
5110,0
115071,0
82381,0
33344,1
2435,0
74255,0
136491,0
94972,0
126076,1
45453,0
34270,1
33187,0
5021,0
86007,0
61022,0
63094,0
113553,0
80485,1
20853,1
73639,0
71769,0
55162,0
94286,0
21936,1
134569,1
131235,0
136580,1
10479,0
52556,1
115332,0
17162,0
40410,0
77681,0
60211,0
121884,0
140687,0
14784,1
40880,0
93636,0
43213,0
25368,0
39969,0
65308,1
139076,0
136824,0
4612,0
73927,0
130078,1
98832,1
96775,0
96765,0
67718,1
126100,0
22587,1
9936,1
123863,0
78580,1
125945,0
106652,0
84271,0
124725,0
48263,0
123855,0
8009,0
115382,0
104327,0
51670,0
81884,0
46981,0
91121,0
48223,0
43029,0
102072,0
97558,0
85582,1
60525,0
59043,0
104855,0
24590,0
61870,0
122113,1
134702,0
128859,0
1705,1
79284,0
51010,0
81379,1
67632,0
64994,0
31348,0
52330,0
1753,0
80739,0
59841,0
117208,0
60319,0
95820,0
14295,1
45135,0
62120,0
66155,1
118140,0
39855,0
13367,0
100370,0
10158,0
39736,0
119375,0
61120,0
118298,0
58101,0
56139,0
119328,0
51884,0
114507,0
128268,0
87722,0
126641,0
64116,0
49834,1
37434,1
92171,1
131627,0
19697,0
79356,0
118428,0
5393,1
30605,0
111257,1
107546,0
21782,0
72666,0
20822,0
59977,1
101744,0
104172,0
55092,0
39131,0
72770,0
130594,0
134311,0
54814,1
6490,0
116376,0
132884,0
13408,1
57030,0
9359,0
92705,1
67184,0
116869,0
16769,0
6125,1
467,0
34037,0
11354,0
49867,0
32378,0
102697,0
132921,0
79940,0
119593,0
35473,0
64829,0
38835,1
34731,0
10844,1
6334,0
2606,0
7151,0
18415,0
2825,0
23431,0
136962,0
138619,0
29917,0
54535,1
137276,0
93378,0
129436,0
71215,0
107689,0
130622,0
8176,0
78741,1
109487,1
15275,0
110967,0
107699,0
37903,0
64352,0
93360,0
34785,0
57648,0
127416,0
52005,0
64577,0
112832,0
126269,0
34581,0
67120,0
113398,0
127533,0
93765,1
62050,0
2880,0
28749,1
78269,0
33095,1
126355,0
46528,0
99938,0
51809,0
62675,0
100804,0
29170,0
70140,0
69306,0
132478,1
54875,0
93870,0
73654,0
26596,0
129194,0
41708,0
52520,0
17243,1
29026,0
113760,0
3657,0
97428,1
42369,0
40771,0
31454,0
101204,0
33956,0
60404,0
24345,0
36784,0
99836,0
24330,0
101154,0
117049,0
88374,0
70176,0
129872,0
25374,0
66038,0
30388,0
43938,0
21805,1
90216,0
54776,0
83709,1
25723,0
63142,0
130706,0
26492,0
103937,1
137214,0
75130,0
47450,0
133990,0
26968,0
70837,0
77809,0
77547,0
49229,0
88772,0
33643,0
131781,0
131948,0
52255,0
119426,0
121959,0
112178,0
11670,0
88271,0
36624,0
6128,0
133038,0
21581,0
77130,1
130015,0
49666,1
93075,0
76608,0
120335,0
68326,1
55394,0
125094,0
112774,0
127429,0
5840,0
136099,1
79315,0
5209,0
35356,0
76385,1
121763,0
102273,0
81726,1
566,0
123170,0
84828,1
4872,1
11397,0
66613,0
132295,1
34984,0
73002,0
76671,0
134125,1
59428,0
139103,0
1665,1
136102,0
127485,0
85979,0
68975,0
50061,0
39702,0
109686,0
116802,0
106119,0
71416,0
102226,0
114486,0
40757,0
79545,0
6796,0
95224,1
58654,0
73531,0
27671,0
39099,0
99726,0
61513,1
28912,0
96600,0
14491,0
22321,0
65531,0
115977,0
73479,1
47664,0
26367,0
25040,0
11787,0
54403,0
112537,0
104262,0
50184,0
29842,0
47933,0
107868,0
111684,0
49113,0
79084,0
111920,0
118865,0
58640,0
123202,0
82019,1
80961,0
51092,0
27782,0
60295,0
108986,0
120461,1
19489,0
75146,0
20895,1
67332,0
40177,0
98060,0
110770,1
87836,0
125171,1
112417,0
97488,0
95893,0
109043,0
24135,0
44580,0
113763,0
120909,0
91070,0
33427,0
119758,1
66003,1
31754,1
122599,0
91955,0
115471,0
105515,0
129187,0
59800,0
83385,0
19504,1
20364,0
32187,0
21736,0
63886,1
103842,0
9522,1
65895,0
139613,0
136301,0
125199,1
130623,0
2255,0
94452,0
51289,0
3588,0
132116,0
81567,0
23184,0
25353,1
122504,0
8873,0
129858,0
83640,1
61593,0
112812,0
5426,1
12993,0
111473,0
55381,0
76437,0
31299,0
4863,0
45189,1
55596,0
69820,0
52931,0
91336,0
46481,0
57073,0
26701,0
19906,0
80256,0
99570,0
58586,0
128802,0
29907,0
8659,0
129415,0
90174,0
96790,0
88750,0
22531,0
5638,0
18679,0
28575,0
22277,0
121506,1
46002,0
53052,0
122089,0
83892,0
76354,1
45301,1
99835,0
40776,0
14944,0
2562,0
27368,0
22672,1
34192,1
126025,1
21946,0
64664,0
62371,0
11722,0
56003,0
24843,0
68836,0
88777,0
43522,0
108522,0
32478,0
89150,1
66157,0
27910,0
7882,0
132135,0
74974,0
39280,0
75534,0
140376,0
57230,0
49316,0
69414,0
127401,0
91395,0
80719,0
67298,1
59847,0
68272,0
100262,0
120100,0
72303,0
95595,0
95774,0
112980,0
103934,1
78828,0
18339,0
16294,1
97623,0
78329,1
14767,1
35935,1
5733,0
87326,0
70117,0
10147,0
68611,0
14960,0
1012,1
50915,1
74622,0
53516,0
140544,0
93353,0
52000,0
100736,0
55840,1
135189,0
72458,0
22417,0
103453,0
130154,0
104564,0
4043,0
134528,0
61597,0
41175,0
47120,0
138030,0
129097,0
14862,0
135010,1
23829,1
39341,0
115022,0
63513,0
114425,0
96058,0
70235,0
67461,0
90160,0
17976,1
46533,1
109138,0
22513,0
108366,1
50288,0
19224,0
106161,0
36682,0
3031,0
38340,0
83583,0
91912,0
17558,0
93203,0
63203,0
1393,1
138289,0
66262,0
202,0
9870,0
50949,0
107822,0
127311,0
23370,0
67723,0
116918,0
3681,0
135384,0
120455,1
122763,0
223,0
135477,1
110993,0
17823,0
2398,0
5912,0
111731,0
1721,0
117470,0
34273,1
79049,0
59401,0
51159,0
27025,0
99036,0
119321,0
119796,1
105254,0
10402,0
69334,0
67937,0
21460,0
45958,0
100272,0
63162,0
26201,0
30260,0
41909,0
45220,0
51397,0
78294,0
31087,0
120059,0
115780,0
43203,1
95406,0
16149,0
237,0
80957,0
136776,0
83761,0
121297,0
74248,0
10489,0
110292,0
2169,0
113012,0
102380,0
101485,0
26558,1
118792,0
38902,1
36142,0
95688,0
32072,1
130893,1
93427,0
80495,0
58832,1
109496,0
36861,0
140630,1
53388,0
56093,0
9319,0
56960,1
57547,0
66741,0
25865,1
11080,1
4384,0
72534,0
127104,0
49473,0
88568,0
53217,0
103998,0
33862,0
14588,0
91692,0
89120,0
94564,0
104162,0
53491,0
121633,1
56666,0
46473,0
82924,0
106947,0
50140,1
71114,1
98707,0
125369,1
20532,0
13684,0
2037,0
18530,0
34747,0
139852,0
20119,0
3844,0
130365,0
23641,0
131181,0
101312,0
404,0
1853,0
103790,1
2700,0
102465,0
32096,0
128142,0
54013,1
42300,0
129736,0
120637,1
98139,0
111501,0
2276,0
31387,0
109505,0
119558,0
109612,0
60739,0
100140,0
76330,1
110808,0
16319,0
117279,0
67115,0
71225,0
36880,0
94743,0
8897,0
39916,0
128037,0
139793,0
29434,0
97856,1
123850,0
126761,0
38944,0
41056,0
83126,1
7992,0
88435,0
129012,0
23329,0
57113,1
44685,0
98995,1
111861,0
31469,1
25016,1
137022,1
132228,0
113615,0
31977,0
124046,0
87219,0
96683,0
131573,0
46633,0
4218,0
119736,0
104704,0
77796,0
27177,0
4637,1
38978,0
1672,0
42993,0
102740,0
63704,0
16365,0
4316,0
132853,0
134498,0
118999,0
108178,0
24601,0
93588,0
105383,1
34962,0
28695,1
119611,0
18971,0
13258,0
61492,0
39546,0
178,0
62918,0
1468,0
125810,1
132154,1
123439,0
3626,0
43043,0
81613,0
131314,0
2312,1
109326,0
25314,0
56164,0
58837,0
13345,1
106118,0
49700,0
8412,0
85584,0
10922,0
13056,0
134783,0
123548,0
19748,1
62365,0
74463,0
139027,0
133715,0
75263,0
29132,1
97025,0
138896,0
94664,0
1049,1
118510,0
126042,0
71963,0
100768,0
74037,0
31620,0
41438,0
86708,1
51691,1
106240,0
7114,0
134883,0
66945,1
10802,1
86846,0
36569,0
43129,0
1884,0
17697,0
1157,0
6870,0
69454,0
14866,0
18152,1
40506,0
94839,1
3684,0
34177,0
47524,0
38799,0
81784,0
77043,0
91209,0
2458,0
78840,0
6451,1
49076,0
48691,0
46462,0
101078,0
132916,0
108057,0
24742,0
93246,0
7707,0
115662,0
41333,0
86240,0
52642,0
11763,0
23785,0
137274,1
91956,0
73209,0
656,0
112110,0
101900,0
120242,1
34221,0
59105,1
99596,0
109539,1
112936,0
51563,1
18577,0
46752,0
135928,0
110815,0
59237,0
3378,0
136763,1
82531,0
2095,0
47429,0
104799,0
90243,0
93764,1
73889,1
4177,0
31182,1
126594,0
89216,0
100228,0
80942,0
104445,0
87942,0
11972,0
123100,0
120164,0
27658,0
108538,1
83664,0
7811,0
125051,1
67165,1
61723,0
1881,1
40778,0
132499,0
49682,0
31833,0
9423,0
29507,0
66364,0
51493,0
13347,0
129091,0
96557,0
109181,0
49864,0
33546,1
113961,0
135230,0
133492,0
21416,0
46699,0
6948,0
76117,0
11879,0
25548,1
80292,0
54149,0
42876,1
43429,0
6488,0
111517,0
72244,0
15834,0
66926,0
59553,0
104071,1
136691,1
97944,1
75318,0
131738,0
231,0
41093,0
34780,0
137752,0
56916,1
13225,0
59350,1
48345,0
127051,0
118775,1
30035,0
80104,0
49790,0
86069,0
58836,0
3395,0
8389,0
46377,0
40213,0
89628,0
98213,0
86512,1
3539,0
23120,0
128107,0
6495,0
38924,0
48526,0
36011,0
101035,0
28382,0
104851,1
90976,0
34700,1
130711,0
77495,1
111405,0
47508,0
134782,0
135536,1
76003,0
15435,0
64683,0
9481,1
24556,0
21914,0
54386,0
60258,0
118845,1
69818,0
41862,0
67206,0
43335,1
91892,1
133607,0
139671,1
76479,0
96068,0
74745,0
98645,0
101753,0
44947,0
14431,0
134406,0
6805,0
39857,0
115963,0
91156,1
76930,0
112051,1
35029,0
66412,0
120863,0
55280,0
5244,1
88480,0
98391,0
20291,0
44625,0
93114,0
84286,0
91355,1
30577,0
65119,1
112367,0
131496,0
124535,0
63270,1
111062,0
14709,0
43979,0
113604,0
82834,0
80006,0
39147,0
51015,0
9738,1
100662,0
91512,0
1246,0
11758,1
53732,1
93686,0
74211,0
32216,0
99840,0
7884,0
91755,0
48911,0
49288,0
132942,0
133059,0
7118,0
97213,0
57126,0
64938,0
91699,0
90634,0
34751,1
128890,0
91895,0
68586,0
75265,0
92839,0
65613,0
60408,0
53884,0
117615,0
16777,0
122195,0
112530,1
101058,0
108643,0
60871,0
128604,1
5927,0
111858,0
91097,0
85964,0
87108,0
60835,0
113791,0
127505,0
20538,0
140149,0
59884,0
54705,0
110870,0
41403,1
87254,0
23167,0
58224,0
128371,0
81487,0
114941,0
20897,1
31682,1
96176,0
140152,0
103702,0
140419,0
119940,0
108629,0
73047,0
6541,1
119153,0
101202,0
82068,1
36867,0
111292,0
50972,1
90050,1
15494,0
29807,0
71738,0
53856,0
77981,1
54104,0
7881,0
75764,0
63548,0
94448,1
19640,0
8847,1
125456,0
71530,0
112071,0
103374,0
102270,0
70170,0
95703,0
25767,0
5717,0
85319,1
10503,0
96399,0
108771,1
107001,0
34416,0
114894,0
132989,0
84067,1
131241,0
34312,0
135266,0
108035,0
93403,0
78941,0
32931,1
135878,0
41116,0
119072,0
40647,0
113651,1
130785,0
68819,1
18600,0
68409,0
13807,0
97860,0
88392,0
62645,0
134011,0
60592,0
136752,0
94636,0
68674,0
36225,0
50306,0
70729,0
24546,0
107994,0
59196,0
1640,0
23940,0
1104,0
40923,0
140647,1
108534,0
4395,0
92141,1
29706,0
20217,0
126358,0
10045,1
107363,0
27209,0
102848,0
96919,0
95048,0
48780,0
109970,1
131056,0
50700,0
80614,0
101023,0
76797,0
85023,0
105880,0
125836,0
76477,0
20663,0
124378,0
13687,1
138840,0
26797,0
130743,0
53229,0
13585,0
34742,0
34197,0
132988,0
43542,0
24515,0
91171,1
60888,0
83517,0
64494,0
27911,1
29348,0
59078,0
76528,1
39753,0
109397,0
111197,0
18586,0
122203,0
15844,1
122456,1
122834,1
22991,0
28228,1
15881,0
120629,0
85735,0
129361,0
129504,0
46278,0
115338,0
16046,0
135407,0
30860,1
77463,0
125535,0
84434,0
120447,0
63526,1
7693,0
46488,0
139056,0
91136,1
112552,1
7144,0
29214,1
97776,0
14109,0
42599,0
134378,0
37633,0
107941,0
39006,0
68646,0
121750,0
120800,0
29819,0
68268,0
109955,0
30523,0
25032,0
34081,0
95268,1
38568,0
97673,0
135476,0
83923,0
6256,0
94677,0
81441,0
114248,0
81232,0
5752,0
137261,0
95011,0
81162,0
19455,0
82775,0
10769,1
25618,0
45062,0
58408,0
9284,1
35235,0
131049,0
98798,0
137103,0
139029,0
138298,0
5670,1
61041,1
75148,0
106780,0
1851,0
116498,1
63832,1
81882,0
88238,0
117080,0
119774,0
32398,1
71421,0
80765,1
46507,0
81686,0
120422,0
29202,0
132285,0
131457,0
4552,0
115145,0
37676,0
16102,1
81473,0
128949,0
67389,0
47643,0
26840,0
107599,0
75648,0
44836,1
38009,0
9378,0
10932,0
115373,1
117150,0
92895,1
102619,0
49984,1
114370,0
40928,1
88917,0
54917,0
103111,0
53402,0
97687,1
11718,0
50399,0
131839,0
120248,0
44702,1
69307,0
11764,0
134278,0
126192,0
11728,0
95200,1
18662,0
136087,0
51718,0
52826,0
114016,1
28460,0
68654,0
63673,0
66106,0
49906,0
29972,0
15614,0
5771,0
93772,0
122668,0
74034,0
22865,0
50553,0
101188,0
50461,0
8133,0
104000,0
11412,0
110441,0
73106,1
98059,0
73850,0
128,0
27664,0
18228,0
78833,0
132990,0
41144,0
35005,0
71349,1
70584,0
40749,0
72279,0
37232,0
39947,1
71162,0
39070,0
57038,0
78145,0
90131,0
64584,0
133029,0
6431,0
82596,1
67800,0
17523,0
127990,0
41622,0
72537,0
27452,1
139876,0
37781,0
118000,0
20000,0
73976,0
35975,0
115485,0
140317,0
22364,0
122695,0
109494,0
134401,0
59545,1
18048,0
79822,0
41841,0
49744,0
95248,0
136623,0
118011,0
46078,0
65754,0
113559,0
63381,0
37553,0
51983,1
17480,0
81619,0
103132,0
52603,1
35301,0
46323,0
30480,1
624,0
10025,0
135908,0
1959,0
51630,1
59323,0
35097,1
100748,0
60982,0
35623,0
45270,0
139342,0
55061,0
52284,0
61563,0
130453,0
19186,0
15364,1
6934,1
49344,0
127481,0
126659,0
30255,0
9855,0
83307,0
17060,0
43927,0
83715,0
43472,0
79331,0
138673,0
74176,0
112818,0
33654,0
31906,0
53532,1
90519,0
6710,0
95892,0
69586,0
25500,0
120067,1
105798,0
127329,1
40668,1
95947,0
125703,0
70800,0
58075,0
16034,0
76183,0
55861,0
61930,0
17396,0
49660,0
44263,0
95346,1
99789,0
83880,0
128622,1
60052,0
9286,0
46237,0
49739,0
81090,0
77549,0
99235,0
42538,0
13454,0
134012,0
46695,1
8172,0
28992,0
98023,1
8350,0
104883,0
38714,0
106392,0
100148,1
44288,0
65504,0
132601,0
49720,0
22769,0
136085,0
13601,1
6684,0
10422,0
96708,1
2773,0
27820,0
91663,0
121641,0
11349,0
120984,0
86067,1
58471,0
96908,0
123189,0
8241,0
92489,0
57792,0
39053,0
88155,0
39281,0
76148,0
24736,0
107787,0
38740,0
109685,0
47096,0
42257,0
107569,0
17513,0
3817,0
12079,0
139284,0
111665,1
22882,1
125031,0
43662,0
4060,1
102730,0
68275,1
76631,0
37876,0
98015,0
44678,0
66146,0
89242,0
99501,0
70146,1
16778,0
86544,0
39611,0
102100,0
80191,0
74937,0
33405,0
118778,0
97259,0
122646,0
36251,0
104823,0
111634,0
4772,0
99123,0
72791,0
80803,0
137110,0
124078,0
21175,0
8822,1
21654,0
17880,0
65237,0
90745,0
99774,0
66626,0
138272,1
1682,1
136767,0
56161,0
29685,0
1238,0
136026,0
123835,0
33739,0
131444,0
76132,0
75732,1
116248,0
65030,0
84324,0
20643,0
5966,0
63405,0
77643,0
58390,1
73799,1
113729,1
2648,0
13201,0
23213,1
31881,0
69459,0
108458,0
25791,0
5202,0
18323,0
36174,0
38527,0
30942,0
19961,1
60911,0
59856,1
113102,0
32498,0
130188,0
129016,0
33930,0
128445,1
13268,0
57092,0
41054,1
109253,0
113002,0
27662,0
51308,0
92002,0
38165,0
42351,0
138116,1
14833,1
139275,1
98648,0
61331,0
59900,0
46557,1
15412,0
30043,0
102927,0
13027,0
70251,0
139532,0
7261,0
126775,0
133147,0
86985,0
42226,0
59213,0
46395,1
124181,0
6428,0
133327,1
23606,0
110962,0
138212,0
7737,0
140653,1
101500,0
35461,0
64643,0
71899,0
2079,0
36931,0
121539,0
107514,0
34867,0
82163,1
96703,0
7735,0
136995,0
87714,0
27287,0
111441,0
50223,0
60571,0
45289,0
120289,0
38878,1
93778,1
23091,0
134825,0
60057,0
91853,0
140386,0
37169,0
95354,1
130992,1
83344,0
115428,0
70608,0
65942,1
19935,0
64113,0
109915,0
50018,0
82750,0
22029,0
127641,1
133145,0
32584,1
118770,0
116737,0
16549,0
47520,0
135171,0
22938,0
131147,1
16618,0
3018,0
88512,0
113285,0
31794,0
135176,0
13624,0
139117,1
113794,0
9099,1
113876,0
113715,0
138751,0
34427,0
20432,0
63220,0
108186,0
117132,0
111580,0
20135,1
139415,0
65873,0
107905,0
224,0
28411,0
106899,0
115939,0
58915,0
126180,0
31745,0
115914,0
125482,1
103822,0
76147,1
118954,0
51711,1
26017,0
65131,0
105852,0
129513,1
24669,0
19023,0
111779,0
29798,0
4530,1
58448,0
91110,0
15897,0
121685,1
26354,0
55956,0
88231,0
119615,0
50864,0
41995,1
140252,0
105945,0
107482,0
57766,1
131814,0
30381,0
118981,0
61969,0
6259,0
14981,0
77333,0
120282,0
75903,0
134447,0
86327,0
98325,0
100378,0
32634,0
139105,0
110324,0
5656,0
46373,0
10657,0
111529,0
132807,0
28490,0
86764,0
118293,0
16115,1
54800,0
45057,1
101522,0
133585,0
48514,1
118526,0
49298,0
104662,0
17250,0
116327,0
36785,1
83102,0
87433,0
89303,0
15404,1
89039,0
78636,1
114022,0
64850,1
139138,0
24902,1
131048,0
132643,1
27327,1
44147,0
88672,0
129590,0
24204,0
31811,0
40843,0
71553,0
14860,1
83034,0
98055,0
78723,0
112733,1
116898,0
113609,0
50648,0
42031,0
50938,1
104371,0
20807,1
90777,1
48092,0
35585,0
29719,0
90489,0
30679,0
22574,0
139484,0
67092,1
106523,0
111937,0
66523,0
17380,0
57716,1
10110,0
34964,0
74247,0
49077,0
135353,1
23039,0
105788,0
93944,0
22923,0
15064,0
121762,0
3716,0
53569,0
138625,1
21727,0
93165,0
99798,0
97739,0
1023,0
139687,0
79528,0
26436,0
516,1
24513,0
2873,0
38020,0
59207,0
29149,0
101600,0
114841,0
66191,0
117898,0
111474,0
55433,0
125459,1
46956,0
51137,0
40607,0
56764,0
127016,1
130099,0
25486,1
134985,0
75973,0
56160,0
55344,0
136007,0
126818,0
66436,1
47886,0
25879,1
121183,0
42842,0
125342,0
24687,0
135168,0
747,0
65017,0
64516,0
104238,0
3602,0
23844,0
111663,0
85479,0
5944,0
49520,0
31664,1
108096,0
128356,0
21141,0
104522,0
91085,0
101292,0
139445,0
126620,1
63079,0
60430,0
93276,0
59585,1
45121,0
60420,0
32487,1
103067,1
86131,1
29423,0
38581,0
121999,0
12371,0
29611,1
119086,0
22182,0
89377,1
27837,0
86234,1
25022,0
140643,0
124758,1
85463,0
44015,0
13109,0
137093,0
73763,0
136375,0
98235,1
47478,0
57165,0
61463,0
83940,0
68742,0
47877,0
11897,0
90803,1
2800,0
8500,0
57215,0
3295,0
46419,0
29727,1
103145,0
63224,0
28377,0
126985,0
127353,1
114331,0
65876,0
22696,0
94695,0
105112,0
135185,0
95119,0
42320,1
96279,0
95005,0
41,0
140285,1
42772,0
105819,0
43402,0
77928,0
86016,0
107560,1
130095,0
57934,1
46295,0
23999,0
138995,0
93784,1
15966,0
90393,0
28096,0
20076,0
135666,0
112134,0
106263,0
33283,1
52565,0
68852,1
115109,0
121827,0
77464,0
11605,0
74912,0
127931,0
111664,0
3008,0
85996,0
73641,0
103419,0
52730,0
64104,0
21385,0
63926,0
69484,1
115670,0
107053,0
31229,1
34266,0
124774,0
26732,1
109409,0
70570,0
6012,0
8932,0
103575,1
76427,0
122077,0
81755,1
119349,0
75149,0
100286,0
17059,0
112563,0
89754,0
28895,0
114722,0
134851,0
69018,1
64508,0
33765,0
6549,0
52612,0
47835,0
139648,0
18666,0
99311,0
46961,0
89792,0
41732,1
41223,0
111752,1
83585,0
3473,0
91626,1
27110,0
73379,0
6252,0
109511,0
129524,0
92567,0
46316,1
122690,0
100281,0
68428,0
107285,0
4994,1
15452,0
7781,0
122951,0
40921,0
31401,0
46902,0
44067,1
130110,1
103601,0
3552,0
57851,1
39929,0
71429,1
110336,0
58907,0
118148,1
108201,0
119602,0
49010,1
47731,0
2362,1
137221,0
49532,0
97433,0
123529,1
41905,0
122221,0
7895,0
39400,0
56282,0
39040,0
113098,0
4748,1
2270,0
48675,1
85640,0
73608,0
33113,0
6157,0
136567,1
87074,0
37591,0
105717,0
6930,0
85415,0
112293,1
92289,0
91410,0
101887,0
47102,0
62247,1
102718,0
56544,0
86692,0
37471,0
14580,0
78898,0
4044,0
95431,0
107185,0
129478,1
34655,0
33599,0
54304,0
34067,0
137538,0
51341,0
45932,0
115761,0
5600,0
104571,0
26070,0
43829,0
83647,0
116256,0
59100,0
102439,0
63007,0
24662,0
135777,0
11223,1
68155,1
42224,0
20466,0
10141,0
36323,0
123482,0
30147,1
130870,0
78168,0
127780,1
118689,1
112146,0
96864,0
86379,0
132057,0
98919,0
94529,0
66352,0
8898,1
58889,1
132232,0
26970,0
98551,0
42447,1
6096,0
16168,0
122724,0
66614,0
107992,0
123162,0
19352,0
6766,1
10756,0
82801,0
55242,0
39844,0
98529,0
59570,0
58769,1
134400,0
125271,0
115375,0
116346,1
84092,0
37023,0
102116,0
133893,0
63726,0
94624,0
36898,0
61265,0
112968,0
96226,0
58209,0
89341,1
53073,0
133131,0
44254,0
121247,1
57707,0
110070,1
15048,0
57435,0
75519,0
127227,0
54842,1
42386,0
2114,0
14537,0
112984,1
101258,0
47906,0
44644,0
32789,0
17224,0
76744,0
92634,1
90526,0
34882,1
55425,0
108095,0
6045,0
111831,0
109751,1
89712,0
132134,1
123448,0
82100,0
75938,0
100245,0
52719,0
67162,0
52390,0
83678,0
73403,1
99182,1
51825,0
124617,0
74931,1
9572,0
1854,0
128077,0
54284,0
31838,0
54830,0
10014,0
34210,0
65163,0
10969,0
45219,0
47415,0
76585,0
103786,0
138489,1
115843,0
61802,0
35102,0
95436,0
26147,0
84410,0
117960,0
104599,0
94040,0
51267,1
63154,0
130598,0
123496,0
8982,1
27474,0
92089,0
49616,0
33445,0
6605,0
21760,0
121937,0
49545,0
33685,1
33017,0
29755,0
46396,1
140112,0
128548,1
41939,0
62550,0
30795,0
110764,0
75565,1
135709,0
101708,0
1153,0
46150,1
84,0
113648,0
11900,0
111567,0
87265,1
132926,0
76079,0
140076,0
107962,1
6189,0
114264,0
104141,0
82082,0
33580,1
139011,0
90103,0
98856,0
9751,0
115043,0
25889,0
38789,1
53699,0
3563,0
18012,1
139110,0
42858,0
18892,0
122955,0
82803,0
138393,0
75470,1
73747,0
27134,1
26577,0
132308,1
104887,0
43975,0
120364,0
104649,0
68920,0
11711,0
77327,0
88719,0
71585,0
69519,0
109286,0
124577,0
40519,0
104098,0
34602,0
36992,0
33689,0
65646,0
120789,0
66153,0
47960,0
76705,0
65533,0
37694,0
87289,0
102750,0
50912,0
34792,1
119712,0
63623,0
11062,0
14756,0
20075,0
89905,1
4946,0
130928,0
103382,0
29301,0
86449,0
30127,1
49679,0
113037,0
65601,0
28010,0
30441,0
38305,0
82926,0
21596,0
100809,0
125190,0
132103,1
139711,1
64603,0
106062,1
94175,0
120966,0
42961,0
134519,0
120980,0
50328,0
24261,0
104484,0
138662,1
51895,0
7012,0
11204,0
18838,0
21535,0
78940,1
98296,0
98268,0
125985,0
140195,1
79052,0
13975,0
25444,0
63670,1
32735,0
84167,0
16654,0
64002,0
114377,0
112509,1
46753,0
123538,0
98530,0
125474,0
56447,0
8795,0
7174,0
30445,0
22663,0
13874,0
67266,0
70053,0
46616,0
66009,0
73190,0
110059,0
3380,0
103988,0
131350,1
56439,0
79383,1
12860,0
26210,0
18209,0
12176,0
94411,0
31477,0
104580,0
54984,0
99358,0
128553,0
5103,0
99739,0
37774,0
128585,0
99484,0
44617,0
105278,0
139104,0
115414,1
139654,0
84347,0
110527,0
72110,0
5205,1
19418,0
37638,0
78984,0
127522,1
137911,0
7679,0
776,0
96724,0
98201,0
91160,1
123031,0
109410,0
66733,0
99954,0
5678,0
45435,0
40905,0
13499,0
7768,0
82403,0
136558,0
117839,1
54519,0
12761,0
125687,0
65108,0
111216,0
27160,0
8680,1
133311,0
83889,0
96456,0
60105,0
127231,0
97479,0
132577,0
22375,0
66095,0
138580,0
66032,0
100193,1
86301,0
139166,0
101048,0
41615,0
113140,1
70819,0
16906,0
111398,0
90389,1
60958,0
61254,1
8739,0
87828,0
39617,1
18767,1
127743,0
21458,1
73219,1
46495,0
125671,0
114594,0
116464,0
45611,0
90028,0
15281,0
38907,0
101860,0
108976,0
13251,0
128169,0
106742,1
89389,0
108404,0
42734,1
37214,0
120977,0
33422,0
54460,0
62056,0
19067,1
6329,0
13306,0
111837,0
76473,0
105679,0
8458,0
14143,0
30566,0
108832,0
125393,0
72403,0
22363,0
87253,0
139116,1
60896,0
14429,0
92880,0
52218,1
73116,0
44159,0
58114,0
1770,1
139155,0
92349,0
18602,0
131449,0
53870,0
129521,0
133246,0
88430,0
84543,0
23652,1
47509,0
6883,0
139968,0
83443,0
91142,0
115622,1
109009,1
74581,0
136443,0
71048,0
27806,0
17293,0
130256,0
121293,1
108104,0
93664,0
101685,0
57217,0
117879,0
120508,0
596,0
63904,0
89650,0
26865,0
125296,0
2679,0
130349,0
18864,0
122828,0
41820,0
82248,0
5748,0
59365,0
8647,0
3654,1
86780,1
69127,0
114386,0
102058,0
10951,0
58637,0
75281,1
7534,0
138868,0
84433,0
79819,0
77453,0
92773,0
119280,0
13310,0
60684,0
103370,0
79075,1
104616,0
57746,1
7187,0
125366,0
95319,0
128951,0
81562,0
17136,0
18510,0
7941,0
16871,1
83065,0
4018,1
67773,0
135085,0
114509,1
121835,0
140213,0
87728,0
4709,0
22497,0
65257,0
137674,0
119211,1
41281,1
6756,1
139718,0
34388,1
65461,0
101677,1
83591,1
14229,0
85876,0
135635,1
103599,1
134771,0
10226,0
1734,0
45999,0
30232,1
26150,0
137535,0
103310,0
57860,0
41328,0
43243,0
79016,1
27476,0
140636,0
90261,0
19094,0
87868,0
68495,0
71293,0
12391,0
72546,0
134237,0
10248,0
58729,0
88639,0
44192,0
25870,1
27118,1
13963,1
3454,0
117307,0
118252,0
63996,0
72635,0
74374,0
123436,0
53238,0
88379,1
10063,0
77699,0
63463,0
123662,1
19051,1
72618,0
91820,0
71746,1
68826,0
23054,0
125376,0
72754,0
72742,0
83399,0
55896,1
54847,1
4551,0
71379,0
15280,0
116829,1
87782,0
81793,0
15484,0
17306,0
121777,0
98711,1
60235,1
121863,0
71590,0
64740,0
124391,1
83378,0
35548,0
39891,0
94316,0
118033,0
56387,0
24917,1
75103,0
51258,1
18267,1
65277,0
4506,0
58029,0
117534,1
93091,0
29142,0
52777,0
63008,0
30532,1
97648,1
105321,0
25392,0
89857,0
43744,0
9519,0
105325,0
74681,0
51908,1
50378,0
136790,0
60744,0
63080,0
123800,1
48877,0
112346,1
89813,0
104277,0
78065,0
100305,0
29766,0
128444,0
52239,0
15148,1
68295,0
15464,0
138112,1
92359,0
114980,0
53290,0
43398,0
73007,0
84251,0
101073,0
34175,0
11108,1
46662,0
118157,0
76693,0
39930,0
122963,1
51879,0
6119,0
11529,0
128353,0
51274,0
4835,0
21663,0
63021,0
21180,1
92224,0
78208,1
46811,0
99131,0
84247,0
136679,0
77487,1
81539,0
29120,0
12145,0
49695,0
79468,0
38899,0
79782,0
82916,0
82425,0
82235,0
76892,0
55750,0
136816,0
39828,0
7922,0
114157,0
37842,0
3336,0
118340,0
53646,1
134061,0
140516,0
101940,0
91867,0
139679,0
69184,0
61195,0
94991,0
103716,0
111583,0
99197,0
95578,1
10009,1
52123,0
38585,0
29111,1
94809,0
28179,0
69341,0
108997,0
82990,0
22191,0
99688,0
139523,0
22241,0
81412,0
48753,1
3331,0
23183,1
120098,0
129899,0
32856,1
82568,1
29077,0
120785,0
32165,1
131430,1
6419,0
73306,0
50723,0
124919,0
5730,0
20029,0
5798,0
25812,0
78687,1
13558,0
33873,0
37953,1
76122,0
110013,0
72939,0
115944,0
33508,0
39818,0
99536,0
50008,0
123037,0
46303,0
128300,0
111715,0
108800,0
86881,0
16439,0
10281,0
70650,1
70429,0
66430,1
54376,0
38407,1
24136,0
2133,0
118686,0
1641,0
136381,0
121736,0
47067,0
81134,1
140321,0
21590,0
135061,0
115202,0
74979,0
86981,0
7640,0
52697,0
60632,0
106031,1
66807,0
124002,0
15347,0
41231,0
31189,0
5490,0
48134,0
9985,1
100695,0
58970,0
82292,0
110984,0
41565,0
125699,0
65553,0
29696,1
81423,0
48386,0
80194,0
6981,0
36844,1
123487,0
67781,0
109157,0
22787,0
97457,0
3766,1
17251,0
32468,0
85542,0
2384,0
20706,1
65853,0
134832,0
106677,0
40073,0
115757,0
48307,0
47018,0
111597,0
62856,0
53185,0
67857,0
12947,0
123666,0
34597,1
21164,0
17193,1
61316,0
120082,0
91219,0
109316,0
121582,1
78293,0
82723,0
99368,1
83195,0
125948,0
49490,0
34596,0
21137,0
113290,1
6734,0
102665,1
72109,0
50136,0
37695,0
46138,0
10854,0
53233,0
20334,0
75730,0
28543,0
3209,0
117088,0
127953,0
21693,0
110222,0
135700,0
2331,0
94142,1
9549,0
102734,0
79165,0
55068,0
139881,0
74881,0
103363,0
114390,0
60569,1
119536,0
38938,0
42218,0
98971,0
6111,0
31090,0
107525,0
41370,0
57694,0
136158,1
88535,0
33057,0
5574,0
85157,0
101606,0
41630,0
107632,0
104689,0
101687,0
57398,0
46500,0
85858,0
35567,0
125498,0
6272,0
11179,0
45722,0
94382,0
90983,0
7911,0
60516,0
36842,0
140430,0
115460,0
126567,0
26608,0
39629,0
134159,0
47163,0
31411,0
18780,1
61796,0
101472,1
22570,0
64044,0
74626,0
106303,0
262,0
111713,0
53928,0
43158,1
106022,0
53291,1
49567,0
95485,0
13855,1
38611,0
101243,0
130721,0
110445,1
42877,0
75536,1
29637,0
108810,1
36195,1
79418,0
5881,1
72965,0
13330,0
130900,0
13789,1
52537,1
88146,1
69974,0
18329,0
96362,0
54002,0
78066,0
317,0
89970,0
109475,0
73695,0
16583,0
100868,0
57952,0
106108,0
35387,0
137298,0
89168,0
131867,0
81264,0
48940,0
68546,0
30537,0
106553,0
25212,0
53537,0
49846,0
88280,0
58852,1
59564,0
65016,1
117824,0
35441,0
18478,0
49602,0
21875,0
91724,0
9374,0
56261,0
116374,0
47458,0
72253,0
17961,0
19666,0
7899,1
115729,1
134379,0
20168,0
90270,1
49439,0
91639,0
2654,1
17779,1
24748,0
84876,0
86637,0
68633,0
17130,0
16822,0
78497,1
25024,0
136062,0
75790,1
39586,0
115961,1
6856,0
79301,0
80343,0
34470,1
99221,0
47810,0
135979,0
134637,1
65559,0
113660,0
33022,0
2094,0
17009,0
14350,1
19793,0
36065,1
134667,1
61307,1
98520,0
22824,1
90213,0
64163,0
31894,1
66217,0
65329,0
34730,1
49147,0
91604,0
28653,0
109833,1
49305,0
42979,0
75267,0
85594,0
116541,1
121198,0
74457,0
53506,0
106831,0
117140,0
138123,0
11358,0
32148,0
4618,1
111004,1
49116,0
56258,0
90296,0
94565,0
27096,0
18929,0
4214,0
96491,0
115329,0
79563,0
96716,0
77732,0
53037,0
25065,1
32445,0
128333,0
120590,0
102831,0
38450,0
76200,1
40241,0
62789,0
63274,1
71974,0
87067,0
48840,1
437,0
76583,0
26196,0
74065,0
10349,0
43313,0
66266,0
2049,0
97329,0
28551,0
50421,0
117102,1
74674,0
73528,0
14747,0
103544,1
93456,0
13360,0
85961,0
91392,0
137532,1
93412,1
71084,0
124282,1
124170,0
48645,0
130405,0
133418,0
28656,0
89790,0
33294,0
59282,0
115173,0
139304,0
66546,0
43891,0
59885,0
49833,0
50394,1
84798,0
121085,0
132404,0
4485,0
128635,0
18433,0
114865,0
102583,1
3201,0
67802,1
3964,0
69118,0
87657,0
100711,1
50210,0
64171,0
1008,0
99027,0
45325,1
136221,0
6683,0
118435,0
127281,0
78302,0
62829,0
51961,0
43114,1
55083,0
20266,0
55310,0
47689,1
66927,1
73046,1
117596,1
13057,1
19786,0
54989,0
87748,0
91868,0
108329,0
98171,0
59724,0
123505,0
6743,0
140117,1
41148,0
73000,0
28816,0
83730,0
36111,0
21614,0
80458,0
71611,0
136437,1
16297,1
86683,0
3960,0
8770,0
122350,1
52268,1
134775,0
103487,1
131321,0
68362,0
133167,1
121462,0
111093,1
81707,0
32377,0
137295,0
14486,0
613,0
69104,1
11431,1
118327,0
10472,0
23060,0
119424,0
112311,0
74202,0
111241,0
4137,1
48649,0
45409,0
26618,1
63174,0
110235,0
41796,1
126509,0
117414,0
108497,0
48007,0
70689,1
29519,1
93663,0
98432,1
104026,1
118199,0
32512,0
131540,1
138487,0
106232,0
120548,0
12840,0
109554,1
24628,0
123139,1
128933,1
122363,0
33671,0
35849,0
132659,0
12093,0
24198,0
13742,0
53814,1
15833,0
106815,1
138450,0
18377,0
125041,0
91894,0
110370,1
133174,0
69602,1
62260,0
53845,0
32866,0
112212,0
68533,0
56576,0
102486,0
126010,0
70177,0
116693,0
111926,0
60865,0
78027,0
137781,0
15924,1
105863,0
89591,0
26768,1
14457,0
32728,0
114065,0
122070,0
72694,0
71299,0
15123,1
8441,0
139762,0
97891,0
111556,0
23780,0
89543,0
74158,0
135173,0
70656,0
18933,0
113580,0
6274,1
39241,0
140069,0
58656,1
125401,0
70669,0
115161,1
39156,0
11092,1
69250,0
66963,0
24956,0
103771,0
19956,1
140385,0
94684,0
26309,0
69151,0
29691,0
14307,0
59813,0
7684,0
20404,0
104788,0
48556,0
41182,0
27947,0
115251,1
14879,0
2618,0
85471,1
120947,0
109564,0
92051,0
133402,0
42948,1
57807,0
140484,0
57849,1
89778,0
41452,1
77961,0
108947,0
107783,0
90151,0
89188,0
130509,1
42497,0
120558,0
52943,0
39218,1
61187,0
40604,0
112385,0
103284,0
66641,0
111653,0
132219,0
43291,0
42141,0
5091,0
105634,0
29124,0
121338,0
12374,0
57148,0
84846,1
36763,0
81495,0
18071,0
88196,0
104690,0
89535,0
82791,0
64,0
53085,0
103749,1
122256,1
114366,0
83350,0
44064,0
13182,1
18314,0
65829,1
79047,0
10287,0
104951,1
72902,0
96514,1
6229,0
9760,0
45977,0
90691,0
41876,0
110917,1
43800,0
75445,0
3832,0
1276,0
61970,0
130599,0
7049,0
8926,0
63678,0
54071,0
62910,1
66459,0
130909,0
95027,1
74418,0
36347,1
31909,0
123405,0
101159,0
76653,0
109237,0
102712,0
123192,0
85075,0
53104,0
47576,0
64451,0
120459,0
118712,1
135288,0
6574,0
107631,0
35317,0
35065,1
82408,0
22913,1
128841,0
102163,1
28851,0
40415,0
53911,0
102517,1
64580,1
99239,1
7560,0
24443,1
50194,0
80261,0
10636,0
81559,0
127309,1
25424,0
91899,1
84031,1
40365,1
45854,0
122860,0
42631,0
2989,0
123141,0
54626,0
85002,0
99858,0
36350,0
42629,0
5431,0
7239,0
137027,0
95208,0
43085,0
78726,0
115474,0
124369,1
12234,0
15166,1
86271,1
102787,0
7148,0
57056,0
138914,0
80527,0
51502,0
129043,0
17134,0
78645,0
10877,0
34824,0
103198,0
89349,0
74903,1
54351,0
24459,0
18230,0
53556,0
70307,0
96924,1
96960,1
90717,0
84997,0
61088,0
105579,0
124712,0
80024,0
52235,0
9968,0
81577,0
16839,0
110523,0
135394,0
95401,0
87920,0
74747,0
88032,0
128673,0
18624,0
22350,1
22101,1
55410,0
115773,0
62589,0
124299,0
37354,0
32384,0
40670,0
88972,0
34472,0
29545,0
52602,0
59825,0
42178,0
78290,0
1224,0
104869,0
44778,0
76213,0
99003,0
10553,0
34699,0
84187,0
69455,0
67890,0
24958,0
104987,0
25481,0
89010,0
50895,0
51904,1
120853,0
103632,0
42109,1
68433,0
77824,0
47577,1
37944,0
10939,0
116759,0
40091,0
72670,1
119039,0
130677,0
26098,0
82602,0
38522,0
106762,0
111106,0
107608,0
67598,0
51026,0
1187,1
50814,0
4406,0
104863,0
135127,0
127567,0
25610,0
126346,0
63727,0
15325,0
36365,0
45638,0
5083,0
120672,0
1794,0
7553,0
7914,0
43070,0
64091,0
103344,0
120435,0
70233,0
63991,0
113793,0
71490,1
56377,0
14293,1
78462,0
124981,0
137959,0
107315,0
67758,1
91548,0
136807,0
55187,0
121715,0
2545,0
137845,0
114643,0
107913,0
115740,1
89917,0
81677,0
11059,0
48996,1
103959,1
84228,0
118081,0
74128,0
83090,0
54749,0
106587,0
134422,0
57253,0
43350,0
392,0
45155,0
3702,0
107633,0
78342,0
114687,1
102815,0
16231,0
44497,1
95380,0
54973,0
54998,0
112403,1
64887,0
56867,1
61774,1
85178,1
65476,0
51617,1
74563,0
111724,0
29968,0
126319,0
119641,1
101515,1
97992,0
108435,0
46097,0
7456,0
59054,1
98602,0
93169,0
29812,0
40649,0
72538,0
47442,0
24960,0
138423,0
51386,0
54742,1
98310,1
83345,0
9218,0
1152,1
36257,0
100888,0
135988,0
64587,0
17021,0
127294,0
97435,0
19611,1
131122,1
47586,0
81897,0
134137,0
68461,1
113379,0
97287,0
30449,0
2396,0
55845,0
95509,0
54461,0
31895,0
16994,1
63138,0
7157,0
69142,0
70977,0
105076,0
97610,0
56241,0
3365,0
110211,0
17313,1
125854,0
48829,0
87909,1
50022,0
52398,1
62803,0
54453,0
130864,0
135851,1
126332,0
95154,0
82928,0
89301,0
68139,0
100909,0
85171,0
119012,1
70986,0
17773,1
108924,0
112449,0
92253,0
67840,0
101267,0
79099,0
55677,0
113338,1
47659,0
90627,0
87149,0
10068,1
73461,0
55186,0
2954,0
91849,0
90813,0
124879,0
52698,1
101715,0
131688,0
16428,0
129230,0
68196,0
17051,0
119472,0
58827,0
36662,0
135131,0
111253,0
87497,0
129815,0
29278,0
19225,0
9316,0
85926,0
115129,0
9185,0
139990,0
77557,0
93143,0
6827,0
131937,0
46205,1
125430,0
108068,0
33804,0
36561,0
116164,0
61649,1
43959,0
50175,0
107817,0
72312,0
125303,0
100951,0
48637,0
12385,0
107381,0
51146,0
7586,0
95322,0
54268,0
38881,1
63378,0
54849,0
41129,0
61629,1
4467,0
91118,0
121621,0
137201,0
124556,0
51486,0
41090,0
75556,0
16649,0
36376,0
111277,0
92009,1
84282,0
51994,0
5010,0
128694,0
120798,0
40774,0
108328,0
15900,0
79453,1
44929,0
84890,0
136165,0
71,0
28697,0
40828,0
13105,1
89155,0
125769,0
26152,0
93003,0
103397,0
59877,0
88511,0
87892,1
29300,0
43871,0
52921,0
99961,0
97139,0
91660,1
85906,0
103268,0
21819,0
23804,0
17664,0
20426,0
32839,1
49080,1
132672,0
135971,0
47738,0
1214,0
19597,0
20438,0
35127,1
54652,0
138948,0
40561,0
15607,0
139529,1
113135,1
37849,1
118856,0
119401,0
12168,0
13653,0
100168,0
26619,0
25521,0
44021,0
130115,0
55744,1
54423,0
120783,0
54595,0
23141,0
40088,0
85671,1
69835,1
26715,0
97148,0
28893,1
8076,0
80613,0
74977,1
125835,0
105993,0
33367,0
86306,0
88180,0
119437,0
55693,0
113506,0
129309,1
113461,0
134696,0
33633,0
133082,0
22931,0
52772,0
2419,0
25455,0
112065,0
67209,0
5018,0
113293,0
87429,0
10543,0
67012,1
9608,0
31272,0
88181,0
1575,0
139363,1
71262,0
69572,1
68013,0
60772,0
92565,0
55888,1
123421,0
64105,0
131978,0
92278,0
124847,0
13756,1
60414,1
140517,0
74938,0
93323,0
34815,0
96447,0
125281,1
75305,0
104435,0
10832,0
47656,0
4979,1
99797,1
65520,0
100971,0
120665,0
62204,0
93483,1
69753,0
108983,0
24246,1
44300,1
38308,0
128180,0
47043,0
4364,0
5119,1
6317,0
93542,0
61925,0
21002,0
27690,0
133268,1
6025,0
21232,0
85526,0
138203,1
2090,1
10906,0
37793,0
92872,0
16764,0
131225,0
56454,0
113485,1
92326,0
103701,0
102498,0
75309,0
112617,0
106399,0
50030,0
101528,0
114919,0
113849,0
12464,1
83560,0
111488,0
24508,0
42407,0
80646,1
121317,1
95953,1
35800,0
22345,0
104119,1
131976,0
31057,0
118826,0
81773,0
43845,0
29953,1
128922,0
6561,0
118744,0
125204,0
28813,0
126997,0
43935,0
35860,0
43400,0
139227,0
81403,0
44493,0
17113,0
94326,0
44349,0
53894,0
128359,1
22564,1
43364,0
18741,0
52858,0
36499,0
49836,0
86769,0
123495,0
137702,0
34249,0
89432,0
107356,0
42765,0
76065,0
28125,0
95325,0
39404,0
31883,0
116926,0
114900,0
25247,1
51,0
104713,1
82615,0
78742,0
107068,1
77246,0
11459,0
78429,0
79105,0
43137,0
116160,0
42337,0
35495,0
60219,0
18169,1
49593,0
130057,1
12294,0
138507,0
61643,0
25088,1
83607,0
34353,0
127306,0
117068,0
10958,0
138132,0
100565,0
56835,1
92635,0
19010,0
16021,0
59094,0
131159,0
128573,0
79744,0
28990,0
116933,0
96825,1
69493,0
43145,1
74145,0
100798,0
45328,0
123046,0
138193,1
84804,0
121502,0
79416,0
90671,0
25760,0
121228,0
91125,0
30383,1
107640,0
33180,0
26804,1
9981,0
52561,0
101199,1
99177,1
45585,0
20744,0
78544,1
63271,1
75302,0
7463,1
87341,0
133912,0
107120,1
14184,0
83321,0
38094,0
100445,0
96920,0
123869,0
116608,1
2887,0
80088,0
117793,0
102127,0
13165,1
136735,1
94378,1
89965,0
14783,0
105458,0
40951,1
37511,0
127257,1
135305,0
33439,0
64040,0
132289,0
124283,0
46344,0
40692,0
106219,1
128490,1
28642,0
111346,0
116595,1
108563,0
82882,0
55857,0
2303,0
112740,1
95823,0
83067,0
115147,1
82107,0
44122,1
6920,0
103042,0
93436,0
133507,0
131373,0
130180,0
106059,0
71756,0
126052,0
125707,0
62491,0
127180,0
95168,1
124285,0
18859,0
15314,0
93286,1
92055,0
59243,0
77350,1
21718,1
71274,0
122616,0
136631,0
135876,0
4656,0
96589,0
31118,0
3484,0
71801,0
35121,0
84462,0
7584,1
89581,0
30042,0
38838,0
19085,0
6215,0
29350,0
120287,0
127017,1
122923,0
137636,0
123766,0
76597,0
87663,0
66062,0
92090,1
84883,0
108648,0
113121,0
64462,0
25386,0
47796,1
57866,0
116219,0
67845,0
68573,0
134802,0
85158,0
135017,0
36534,1
100098,0
113955,1
30435,0
63681,1
55605,0
21204,0
35381,1
23640,0
71883,0
31751,0
113183,0
66093,1
95478,0
60064,0
89047,0
3628,0
23204,0
33798,1
53479,0
114585,0
79293,0
87251,0
89391,0
35943,0
48216,0
51864,0
67196,1
81291,0
70811,0
37857,0
132729,0
126957,0
108565,1
118857,0
7648,0
51770,0
18627,0
80157,0
7265,0
122038,1
117308,0
19632,1
115429,0
107669,0
9485,0
82611,1
89509,0
94762,0
73280,0
86919,0
6596,1
93288,1
68441,0
74464,0
100460,0
55496,0
14450,0
82558,1
22125,1
6357,1
128342,0
1769,0
32565,0
20689,0
32197,0
140678,0
25787,0
50582,0
53335,0
90572,0
98685,0
98773,0
127745,0
1465,0
137321,0
124148,0
96645,1
42716,0
140663,0
39121,0
98190,0
28416,0
86680,0
92675,0
65083,0
58629,0
79012,0
32201,1
118094,0
122889,0
128919,1
23360,0
48161,0
8534,0
20366,0
74481,0
62762,0
39989,0
64689,0
6746,0
61071,1
17323,0
6469,0
113365,0
4749,0
8232,1
19298,0
107914,0
24222,0
54111,0
101982,0
137220,0
110975,0
9957,0
86352,1
107319,1
6973,0
70380,0
52643,0
17565,0
87613,1
6297,0
468,0
122492,0
76355,0
134236,0
81456,0
135623,0
52382,0
109503,0
91856,0
47538,0
126621,0
115887,0
125201,0
117785,0
117517,0
104319,1
79109,0
118086,0
130330,0
18668,0
40283,0
52554,0
105429,0
53117,0
83104,1
45025,0
4733,0
97012,0
54175,0
66625,1
84188,0
113279,0
43585,0
99616,0
66103,1
2812,0
139334,0
63076,1
94631,0
22326,0
126497,0
7134,1
76426,0
106871,1
63756,0
40055,0
14103,1
51484,1
95945,0
37182,0
75352,0
60166,0
120114,0
61089,0
12938,0
97002,0
74522,0
83485,0
84928,0
81934,0
3248,0
26718,0
134989,0
58974,0
103616,1
102883,0
64709,0
8855,0
127284,0
37265,0
35372,0
115363,0
97366,0
136670,0
12869,0
48801,0
86948,0
19669,0
110575,0
52769,0
122556,0
134739,0
31005,0
94924,0
44571,0
131077,1
11733,0
8556,0
75799,0
99206,0
109580,0
7303,0
97942,0
62472,0
92158,1
23255,0
70797,0
124757,0
70534,0
69865,0
90338,0
34888,0
18015,1
117004,0
66772,0
81254,0
108462,0
10118,0
46736,1
48974,0
17429,0
86835,1
37784,0
114954,0
94284,0
79732,0
58922,0
5874,1
120417,0
65954,0
80099,0
9898,0
95269,0
103950,0
136992,0
15777,1
17769,0
72741,0
112324,0
120130,0
93217,0
59062,1
111360,0
89566,0
100824,0
46919,1
122194,0
136433,0
123653,0
54970,0
36572,0
55938,0
92671,0
100267,0
81970,0
121445,0
78895,0
21281,0
15147,1
112233,0
41829,0
89569,1
92362,0
70633,0
131879,1
34946,0
121064,0
72800,1
29291,1
81907,0
28147,1
116397,0
7015,0
104688,0
50594,0
71914,0
65875,0
15545,0
28221,0
81703,0
30475,1
27087,0
12279,0
43831,1
132852,1
63614,0
49171,0
104177,1
23596,1
23547,1
81413,1
36615,0
83945,0
119706,0
69679,0
67180,0
78333,0
139323,0
118993,1
49599,1
65970,0
102629,0
52748,0
80922,0
76264,1
112860,1
51342,0
11336,1
10469,0
23046,0
110970,1
89380,1
84512,0
26513,0
119613,0
69156,0
9115,0
97417,0
67676,1
68483,0
78099,0
3723,0
54139,1
62465,0
85544,0
104062,1
36527,0
12110,0
136630,0
68364,0
58927,0
91478,1
102834,0
18446,0
45788,0
129662,0
93291,0
25480,1
93615,0
74550,0
58481,1
40727,0
86053,0
95019,0
51599,1
26435,1
107600,0
22542,0
95629,0
72936,0
55550,0
133783,0
16991,1
129391,1
80415,1
40449,1
59688,0
72786,1
41067,0
107751,0
34296,0
114182,0
114154,0
18982,0
15205,0
112902,0
93732,0
40269,0
140694,0
91595,0
80619,0
30203,0
67818,0
113977,0
108768,0
129327,0
57402,0
30699,1
27984,0
54292,0
14439,0
43575,0
25389,0
80881,0
103381,0
47132,0
4604,0
14791,0
68514,0
11577,0
75245,0
101958,0
46969,0
133919,0
38769,1
78315,0
51546,0
62504,0
73437,0
51047,1
128102,1
99995,0
80731,0
138789,0
95845,1
37223,1
81690,1
79193,1
76963,0
89207,0
101730,0
44209,0
53292,0
74629,0
101560,1
30821,0
103207,0
113410,0
122594,0
88095,0
54614,1
92166,0
6493,0
135318,1
2808,0
100858,0
99683,0
49488,0
68998,0
36179,0
109381,1
125844,0
73700,0
22530,0
118841,0
111095,0
37289,0
45444,0
31818,0
104032,0
128387,0
117685,0
40485,1
35374,0
70346,0
4052,0
1646,0
91690,0
103570,0
8987,1
102200,1
94606,1
20889,0
82383,0
133915,1
24671,1
44506,0
29902,0
122817,0
5173,0
139257,0
45258,0
81809,0
81529,0
63596,1
71133,0
3332,0
46567,0
103035,0
123617,0
131072,0
44524,0
118958,1
23025,0
26507,0
75406,0
11169,0
24936,0
73061,0
130769,0
81171,0
104551,0
107778,0
130872,0
108356,0
48125,0
47556,0
90323,0
28602,0
102999,0
129466,0
121552,0
43404,0
96933,0
92248,0
134426,0
12028,0
119600,0
22793,0
42331,0
66377,0
2013,0
93389,1
131986,0
115857,1
121491,1
95457,0
136262,0
98326,0
12108,0
114378,1
28212,0
30332,1
54993,1
31824,0
39329,0
106034,0
50760,0
128780,0
11949,0
128437,0
113426,0
21270,0
4264,0
137609,0
67158,0
113311,0
18435,1
121050,1
111906,0
94701,0
42897,1
72835,0
28448,0
27730,0
123267,0
27674,1
8393,0
129070,0
74571,0
88393,0
8322,0
7868,0
32203,1
25709,1
91854,1
33208,0
21174,1
25800,0
81824,0
26560,0
127997,0
20615,1
18000,0
8296,1
2478,0
127861,0
18990,0
71157,0
53414,0
26826,0
108420,0
57261,0
74896,0
96332,0
81331,0
12561,0
65148,0
137580,1
126341,0
124826,0
68881,0
34851,0
95108,0
845,0
13104,0
77213,0
125385,1
46125,0
27722,1
130074,1
116638,0
88857,0
106888,0
2263,0
48460,1
134614,0
18307,1
122081,1
65947,0
129420,0
118760,1
65578,0
112900,0
121452,0
94603,0
106745,0
131318,1
85490,0
139773,0
14499,1
92892,0
58975,1
13682,0
111980,0
107527,0
25383,0
84496,0
121553,0
20514,0
93692,0
84940,0
50287,0
15596,0
114914,0
132148,0
131374,0
2354,0
29584,0
52901,0
99939,0
128392,0
123601,1
26776,0
50407,0
60642,1
88295,0
91848,0
19858,1
92366,1
24448,0
98283,0
97605,0
17297,0
99402,0
53416,0
32941,0
36918,1
6153,1
3394,0
41159,1
46920,0
22855,0
12450,0
60932,0
99469,1
28075,0
34534,0
86615,0
32692,0
130724,0
8017,1
120378,0
135632,0
121521,0
139406,0
71991,0
89727,0
61794,0
65988,0
110991,0
82873,0
46181,0
11083,0
113371,0
122582,0
105356,1
68670,0
58763,0
117115,0
40390,0
128469,0
87526,0
36990,0
18194,0
137359,0
108788,0
39797,0
70095,0
14606,0
76780,0
97418,0
98716,0
69678,0
30485,0
21787,0
36899,0
137487,0
15249,0
14617,0
103627,0
32019,1
67284,0
40800,0
38509,0
11421,0
25543,0
34171,0
20879,1
122307,0
57996,0
20720,0
105792,0
125449,0
132592,0
42973,1
64960,1
101886,1
114527,1
75881,0
24945,0
72028,0
12380,0
79524,0
10208,0
60016,0
9706,0
9460,0
91266,0
33921,0
127731,1
118416,0
28156,0
110300,0
102106,0
51254,1
44132,0
63957,0
86540,0
12792,0
108130,0
26224,0
57504,0
35871,0
39615,0
99703,1
46508,0
136958,0
131176,0
40859,1
98040,1
80626,0
64434,0
101881,0
103752,0
99576,0
108392,0
77423,0
67357,0
47514,0
35593,0
19626,0
21603,0
81036,0
46381,0
114750,0
114732,0
20667,0
71167,0
102018,1
123527,0
60750,0
45067,0
105503,1
114525,0
139535,1
84752,0
53132,0
97256,0
26747,1
25211,1
4735,0
24514,0
42946,0
7600,0
12215,0
137178,0
115247,0
132187,0
9245,0
109911,0
12893,0
53992,0
123148,0
5271,0
49971,0
88394,1
5170,0
124253,0
45916,0
9227,0
140450,0
111848,1
82285,0
90962,0
86189,0
51293,0
7404,0
84948,1
131851,0
2702,0
20939,0
56706,0
80899,0
57590,0
43907,0
25826,0
24649,1
116489,0
36628,0
61945,1
31730,1
124192,0
75480,0
62148,0
124399,0
66031,0
81873,0
41325,0
95579,0
73962,0
62603,0
86685,0
110107,1
104907,1
76971,0
41600,0
122470,0
19958,0
57780,1
55169,0
39375,0
12937,0
124375,1
64612,1
107509,0
35947,0
30142,1
113921,1
44422,0
126767,0
2152,0
135261,0
41621,0
63286,0
85129,0
87460,0
128581,1
984,1
1990,1
121174,0
34942,0
19683,0
27927,1
4300,0
61240,0
76602,0
82637,0
21599,0
121907,1
128798,0
48350,1
85512,0
60004,0
90703,0
16635,0
2183,1
59697,0
15262,0
12686,0
35079,1
35436,0
104095,0
87178,0
46276,0
33353,0
92593,0
56366,1
57516,0
42346,0
32639,0
90168,0
87620,0
66745,0
50132,0
72571,0
91990,0
110103,0
87520,0
21532,0
44502,0
558,0
43224,0
44042,1
50483,0
32624,0
136228,0
130263,0
24510,0
41230,0
44268,0
83716,0
95806,0
70163,0
9197,0
126537,0
47862,0
99292,1
59071,1
102514,0
51801,0
84044,0
91409,0
64720,1
74561,0
95561,0
49474,0
55472,0
32379,0
32800,0
74106,0
58885,0
119282,0
80255,0
90609,0
48115,0
99656,0
128002,0
135208,0
25838,0
52141,1
137003,0
15036,0
85076,0
112855,0
108880,0
101809,0
97740,1
17564,0
15664,0
27239,1
114555,1
63181,0
63273,0
6510,1
94376,0
15778,1
115016,1
53825,0
97810,0
115519,1
2302,0
86983,0
105976,0
567,0
40996,0
82923,0
26156,0
65305,0
30876,0
7467,0
82022,0
17916,1
11838,0
99242,0
55608,0
3386,0
79439,0
36363,0
81749,0
81643,0
10386,0
89708,0
102143,0
63648,0
115506,0
57907,0
111239,1
50123,1
103469,0
71665,0
83245,0
134104,0
12917,1
75187,0
54838,0
14590,0
12400,0
8594,1
137033,0
40850,0
48864,0
132270,0
80193,0
83836,0
136684,0
8820,0
31988,0
139673,0
119448,0
42053,0
57917,0
15958,0
72384,0
122182,0
11474,1
133975,0
54264,1
18145,0
52125,0
28198,0
22921,0
122237,0
121589,0
54099,0
76319,1
30378,0
62922,1
35810,0
56845,0
122476,0
86537,0
82807,0
41082,0
93463,0
132081,0
69817,0
46945,1
115604,0
119511,1
121423,0
11916,0
66684,0
115578,0
50677,1
116890,1
5642,0
123040,0
53929,1
128385,0
61324,0
103442,0
97217,0
187,0
135149,0
23883,0
108139,0
88316,0
52095,0
125408,0
137935,1
133431,0
57007,0
41416,0
80636,0
100964,0
9355,0
5405,0
42367,1
107118,0
62460,0
35225,0
95647,0
88288,0
33475,0
124962,0
100135,0
96289,0
5047,0
10153,1
86438,0
37047,0
73719,0
116057,0
1668,0
41631,1
4851,0
79867,0
128580,0
111834,0
80174,0
99598,0
78642,0
54052,0
33269,0
88733,1
127848,0
10531,1
3820,0
43355,0
57760,1
70853,0
97425,1
42875,0
45709,1
29027,0
95274,0
32120,0
46069,1
16691,0
50244,0
54272,0
100239,0
115847,0
103558,0
123026,1
88347,0
7438,0
32826,0
75426,0
101510,0
36194,1
105432,1
22525,0
10878,0
119293,0
116174,1
18952,0
93895,0
111097,0
126394,0
137131,0
133578,1
53896,1
129515,0
136283,0
34070,1
42692,0
100646,0
56363,0
126833,0
114009,0
54819,0
84850,0
45728,0
99421,0
55711,1
80348,1
129825,0
55174,0
121346,0
47691,0
64642,0
7083,1
113185,0
7714,0
89975,0
62189,0
24301,0
135087,0
23986,0
49765,0
7254,1
5540,1
113118,0
119563,1
46759,0
109942,1
42784,0
16110,0
21237,0
31008,0
70612,1
118609,1
83356,0
25703,0
21595,1
47279,0
61995,0
46227,0
128929,1
49426,1
95136,0
51666,0
20403,0
83127,0
106658,0
38934,1
110655,0
49091,0
2138,0
126532,0
89314,0
121523,0
103623,0
4494,0
6351,0
31549,0
37017,1
109271,0
81140,1
116330,1
47801,1
112438,0
41006,0
119276,1
8809,1
22144,0
44628,0
36723,0
46282,0
50404,0
44726,0
76553,0
127781,0
61735,0
40674,0
131425,0
289,0
83105,0
8444,0
39839,0
94812,0
116799,1
78233,0
39359,0
123493,0
116985,0
125392,0
78463,0
106477,1
127121,0
85228,0
89913,0
50643,1
103030,0
54482,0
123324,0
132342,0
98621,0
105882,0
29601,0
113989,0
71232,1
39493,0
119089,0
118257,1
34495,0
101316,0
27073,1
12981,1
116265,0
62805,0
5726,0
99558,0
81540,0
114141,1
96872,1
91148,0
40665,0
125021,0
106528,1
24619,0
16002,0
78469,0
74496,0
43731,1
78108,0
69409,0
127278,0
21348,0
89932,0
107357,0
91231,0
83916,0
135436,0
128535,0
20128,1
82956,0
97967,0
71152,0
28408,0
30105,0
82773,0
15867,0
28744,0
30471,0
64220,0
116266,0
45282,0
59184,0
46177,0
111649,0
101336,0
55317,0
78926,0
55028,0
65738,0
137447,0
120241,0
101910,0
90091,0
84698,0
61546,0
64177,0
83040,0
8452,0
78264,0
92163,0
114067,0
47381,0
105697,0
4368,0
49863,0
48432,0
9159,0
65746,0
123807,0
125424,0
18414,1
55760,0
64248,0
128599,1
101493,0
63245,0
40434,1
71183,0
53243,1
106221,0
111958,1
41875,1
25682,0
129553,1
106857,0
51388,0
41139,0
47875,1
90007,1
140181,0
124834,0
115841,1
130262,0
110943,0
84749,0
21266,1
133359,0
17856,0
104963,0
13686,0
47497,0
53352,0
25596,0
59763,0
116206,1
51607,0
80832,0
15432,0
49690,0
55631,1
72255,0
132666,0
137391,0
75300,0
124324,0
24990,1
125697,0
50167,0
114656,0
34279,1
106083,0
82547,0
18494,1
23535,0
103726,0
18686,0
8377,0
8825,0
26304,0
84078,0
136225,0
77625,0
124878,0
69405,0
10771,1
61725,0
102248,1
115410,0
59842,0
104222,0
35082,1
63489,1
104751,0
87888,0
95167,0
115210,0
12657,0
74832,0
109462,0
77924,0
94768,0
43236,0
92033,1
70359,0
86256,0
119622,0
30253,0
18234,0
114351,0
94036,1
121079,0
85377,0
118580,0
93147,0
60205,0
130318,0
72331,1
68313,0
78702,0
38499,0
112235,1
84750,0
58851,0
51815,0
28631,0
77427,0
32564,0
138276,0
98097,0
36342,1
9524,0
47895,0
75217,0
74543,0
129594,0
113805,0
45560,0
35621,1
86932,0
99901,0
120038,0
92779,1
53141,1
105067,0
47840,0
32125,0
133775,0
96024,0
74509,0
30760,0
98083,0
110325,0
117473,0
133667,0
38253,0
36210,0
51969,0
17111,1
132703,0
22436,0
14166,0
75180,0
85622,0
75347,0
69993,0
116323,1
119637,0
98356,1
117895,0
94459,1
36856,0
4117,1
17990,0
133659,0
133423,0
131596,0
98061,1
96410,1
50358,0
12967,1
130884,0
16886,0
49586,0
96710,0
45925,1
63882,0
64467,0
58652,0
23302,0
90730,0
111509,0
10378,0
10284,1
132548,0
103266,0
61433,0
96412,0
45152,0
59382,0
13147,0
66137,1
28936,0
98972,0
10485,0
121383,0
112652,0
77234,0
31967,0
15981,0
138504,1
58560,0
94477,0
138887,0
33758,1
77972,1
73966,1
76371,0
81901,0
38131,1
18966,1
82011,0
133669,0
54514,0
24638,0
43197,1
42732,0
42934,0
62252,0
102628,0
88589,0
66591,0
113837,0
78317,1
109300,0
89104,0
107885,0
111085,0
53666,0
2990,0
112028,0
36046,0
4289,0
38497,0
16038,0
49802,1
4667,0
86882,1
97568,0
48701,0
91747,0
85567,1
123670,0
9792,1
31744,0
35286,0
122528,0
47481,0
77444,0
98759,0
110646,0
1475,1
77605,0
49768,1
55743,0
129588,0
63363,0
18102,0
130008,0
140600,0
98468,0
666,0
80907,0
10488,1
21789,0
91319,0
94005,1
80874,0
7622,0
20964,0
43790,0
51325,0
66416,0
86158,0
130133,0
138119,0
7019,0
9905,0
75363,0
73305,1
12771,1
14660,0
14233,0
125209,0
117510,1
24634,0
74901,0
17757,0
48301,0
85529,0
50827,0
123651,0
29025,0
130392,0
12940,0
112881,0
47345,0
52477,0
124673,0
120304,1
26464,0
100930,0
63448,0
108881,0
69821,0
82811,1
57971,0
64274,0
115589,0
80349,0
129543,1
47185,0
72220,0
111336,0
21023,1
78258,1
97708,1
105605,0
106784,0
108469,0
10879,0
85138,0
11635,0
71247,0
114191,1
49986,0
54207,0
23573,0
112702,0
62653,0
115268,0
114409,0
49705,0
71904,0
62711,0
92477,1
126208,0
31593,0
69616,0
13657,0
37391,0
72693,1
113803,1
118907,0
69020,1
28722,0
98638,1
107773,0
34965,0
133581,1
124763,0
76462,0
64058,0
29789,0
100774,0
10917,0
88657,0
6666,0
117558,0
131447,1
92802,0
123424,0
127798,0
134344,0
119740,0
50159,0
114491,0
117709,0
95435,0
4235,0
57729,0
7831,1
90558,0
92135,0
123133,0
59080,1
87368,0
113256,0
7363,0
16421,0
133529,0
87383,0
117595,1
133949,0
74138,0
46724,0
76328,0
103176,0
7496,0
31589,1
60509,0
26574,0
22163,0
50491,0
6894,0
48627,0
81734,0
30283,0
140411,0
86259,0
94539,0
133712,0
46544,1
16878,0
68432,0
98347,1
102690,0
110348,0
3053,0
118904,0
28925,0
43605,0
18124,0
36283,0
17020,1
23385,0
109502,0
112726,0
72202,1
139702,0
54505,1
38294,0
105341,0
29450,0
26282,0
53149,1
46829,1
135680,1
135140,1
1193,0
113689,0
80364,0
30832,1
6482,0
56583,0
5660,1
72504,0
103076,0
13981,0
154,0
69762,1
35055,0
6695,0
8603,0
84506,0
119907,0
102095,0
137281,0
71224,1
41883,1
56148,0
104650,0
137032,0
1993,0
50923,1
28884,0
129648,0
68536,0
58943,1
93633,0
57486,0
71189,0
40334,0
1858,0
6690,0
63202,0
84425,0
62391,1
103923,0
123169,0
116278,0
63852,0
94831,0
110167,0
36146,0
75213,0
44826,0
102105,1
47941,0
62339,0
7555,0
46186,0
43091,1
91597,1
104167,0
89682,0
65902,0
30569,0
72456,0
24298,0
10324,0
32196,0
111915,1
125683,0
56801,0
53647,0
18092,0
79486,1
36795,0
118781,1
40540,0
78630,0
72760,0
102459,0
128701,0
113175,0
100,0
69612,0
92925,0
2429,0
119909,0
105350,0
12476,0
49222,0
65737,0
79242,0
133862,0
132680,1
114817,0
41035,0
29728,0
74253,0
110698,1
40181,1
139115,0
116011,0
11864,0
119284,0
92385,0
97094,0
134429,0
104324,0
135795,0
123361,0
119594,1
71330,0
22245,0
97292,0
62402,0
59279,1
25263,0
49100,0
12758,0
55595,1
33261,1
12969,0
9535,0
68831,0
119667,0
99627,0
89170,0
54035,0
129619,1
105243,0
95082,0
28214,0
49745,1
25093,0
44022,0
71864,1
43561,0
53518,0
111850,0
27197,0
63231,0
33320,0
122164,1
88671,0
78554,1
134503,1
120914,0
64873,0
105561,0
92206,0
59363,0
122384,1
81870,0
106644,0
27339,0
25974,0
107350,0
48071,0
92103,0
33442,0
3613,0
49895,0
8872,0
87352,0
118059,1
70764,0
15387,0
122553,0
26495,1
23468,0
78467,0
59871,0
45527,0
64225,1
27948,0
100151,1
94491,0
99636,0
32411,1
876,0
128339,1
39283,0
45935,1
5469,0
52043,1
126601,0
38246,0
140012,1
81964,1
63791,0
24940,1
132033,0
43187,0
31905,0
48009,0
140089,0
125211,0
74537,0
134118,0
53744,0
29021,0
40447,0
38449,0
1293,0
81288,0
61891,1
27346,0
9633,0
76459,0
136978,0
64241,0
23062,0
90111,0
73906,1
35279,0
45166,0
52299,0
65904,1
106320,0
34570,0
74267,0
10263,0
75780,0
103380,0
77568,0
85009,0
97019,0
2788,0
133726,0
24569,0
60479,0
70587,0
35364,0
88467,0
3586,0
140299,0
120108,0
3033,1
17442,0
49559,0
25707,0
75006,0
122412,0
118868,0
26713,0
8065,0
28939,1
138052,0
39602,0
56153,1
80124,1
26647,0
110413,1
132169,1
56354,0
138793,0
61294,0
16570,0
49238,0
49831,0
92280,0
6960,0
70845,0
86373,0
24176,0
97782,0
88946,0
26115,0
78349,1
36176,0
39961,0
105791,0
99493,1
104103,0
34694,0
84174,1
128383,0
49390,0
25753,0
51566,1
120952,0
61883,0
43169,0
41073,0
140379,0
127541,0
54049,0
79741,0
32100,0
88542,0
134967,0
104134,0
129655,0
23860,1
99313,0
28445,1
130660,1
27300,0
42061,0
65293,0
120055,0
70089,0
19243,0
9415,0
67037,0
122110,0
22828,1
140081,0
8577,1
31994,0
133184,0
111395,0
119048,0
96758,0
6486,0
27792,0
24606,0
96518,0
28784,0
117625,1
11076,1
99694,1
40070,0
39958,1
14049,0
123315,0
37129,0
26485,0
87854,0
8415,0
46234,1
135588,0
31334,0
110541,0
42826,0
79988,1
74929,0
34023,0
98754,0
40149,0
57670,0
109374,0
4357,0
32858,0
132380,0
101598,1
120942,0
12297,0
90497,0
91242,0
73893,0
109689,0
52421,1
68146,0
100171,0
13505,0
127542,1
63565,0
40076,0
28276,1
113776,0
43598,0
77137,0
2080,0
140274,0
44072,0
118736,0
54988,0
50053,0
54031,1
5137,0
96952,1
91903,0
111781,0
136238,0
101231,0
76087,1
44824,0
80678,0
65788,0
127479,0
77838,0
104004,0
20146,0
81316,0
44325,0
60838,1
54236,1
35306,0
129154,0
70569,0
93555,0
21611,0
102666,0
100944,0
97145,0
94185,0
126672,1
43647,0
73151,0
11061,0
68704,0
30461,0
56361,0
31810,0
68462,0
66445,1
131029,0
44169,1
34842,1
50907,0
42844,0
68780,0
123935,0
24593,0
128165,1
104684,0
17950,0
55122,0
19884,0
118466,0
54307,1
83577,0
129913,0
25694,0
7730,1
48452,1
59875,0
57400,0
125989,0
48655,0
56811,0
11282,0
105037,0
77283,0
88421,0
49982,1
97516,0
26357,0
108727,0
19891,0
87141,0
29852,0
125052,0
22376,0
115216,1
25523,0
39052,0
116065,0
67838,0
28767,0
38503,0
7280,1
117808,0
133702,0
115404,0
114336,0
17666,0
70404,0
73833,0
64727,0
75279,0
16517,0
48138,1
139796,0
124959,0
47798,0
53057,0
87700,0
68385,0
84458,0
114306,0
125926,0
49648,1
54241,0
16063,0
87489,0
4497,0
82840,0
8678,0
136189,0
84010,0
130576,0
111642,0
114636,1
20114,0
117521,0
46010,0
46869,0
91737,1
58783,0
103789,0
23611,0
3070,0
119152,0
94525,1
132824,0
129510,0
50771,0
91521,0
23891,0
135654,0
40646,0
123445,1
133567,0
140444,1
121391,1
138356,0
136490,0
108385,0
39996,0
27570,0
32980,1
4908,0
131214,0
99567,0
112104,0
39885,0
74480,0
102166,0
32918,0
65204,0
8036,1
124263,0
122304,0
94420,0
126617,0
97083,1
66375,0
72780,0
32436,0
68440,1
138158,0
92916,0
115089,0
106103,0
106681,0
43287,0
114489,0
17838,0
101885,1
23855,1
23599,1
76926,0
80980,0
46129,1
37475,1
109872,0
47357,0
114661,0
131586,0
136463,0
119099,0
2282,0
128542,0
80570,0
22084,1
32987,0
133370,0
111256,1
16650,0
5549,0
33238,0
35917,0
13566,0
140686,0
139869,0
62502,1
120072,0
129701,0
114196,0
135576,0
119757,0
64803,0
66292,0
99302,1
135837,0
3350,1
123364,0
111326,0
122364,1
8446,1
77906,0
127977,1
109121,0
135012,0
5227,0
36486,0
69805,0
116282,1
122669,0
105314,1
59961,0
97044,0
65304,0
52210,1
2414,0
67220,0
108803,0
46907,0
26853,0
114566,0
131169,0
58397,0
7738,0
134680,1
131116,0
118643,0
82169,0
11219,0
35143,0
20414,0
46932,0
49497,0
57396,0
23586,0
45285,0
101723,1
128992,1
111284,0
118608,0
72445,1
76205,0
16564,1
84173,1
51094,1
108154,0
44705,1
41967,0
121564,0
112014,0
9606,1
91277,0
24270,0
44532,1
85826,0
68928,0
95386,1
27258,1
123690,0
115999,0
91565,0
2224,0
115669,0
70938,0
54795,0
6073,0
12815,0
129080,0
28804,0
48825,0
19873,0
108191,0
93429,0
124430,0
30802,0
118615,0
21902,0
54903,0
79668,0
64391,0
10605,0
37031,0
123341,0
68421,0
37818,0
74735,1
120879,0
80318,0
44235,0
12423,1
131464,0
44446,0
2492,0
136263,0
34025,0
9686,0
71253,0
48565,0
30452,0
26996,0
2706,0
117447,0
60003,0
139397,0
88436,0
16398,1
133665,0
93414,0
120360,0
103032,0
96706,1
33850,0
14667,0
105164,0
14698,0
56619,0
28441,0
10088,0
132690,0
105991,0
118847,0
62078,0
62810,0
18045,0
115928,0
128234,0
132272,0
114156,0
125853,1
17210,1
1155,0
91206,0
22045,0
48183,1
933,0
55386,0
4998,1
110120,0
16312,1
133372,1
87745,0
26942,0
58749,1
14472,1
15986,0
60536,0
97007,0
79125,0
43095,0
44377,0
32637,0
32063,1
79143,0
73210,0
99041,1
123517,0
117672,1
65835,0
126780,0
133743,0
24243,0
120043,0
45905,0
33105,0
80278,0
68087,1
90535,0
45839,0
118889,0
84903,0
45987,1
42910,0
41358,0
90513,0
129900,0
20934,0
58782,0
71055,0
13814,0
133604,1
137323,0
116939,0
80973,0
7958,0
99023,0
100097,0
14014,0
71906,0
40196,0
63221,0
53858,0
126649,1
44841,0
86877,1
51295,0
33337,1
3789,0
94149,0
60671,0
118573,0
59723,1
112224,0
102128,0
37978,1
99445,0
64628,0
107019,0
103410,0
99190,1
64610,0
2865,0
8242,1
80785,0
29381,0
29372,0
14719,0
94133,0
59072,0
135434,0
47452,1
24028,0
87956,0
1539,0
116859,0
94035,0
82982,1
88264,0
103302,0
51874,0
93005,0
97475,0
101046,0
81984,0
9952,0
99647,0
109920,0
43284,0
123246,0
105438,0
107880,1
34110,1
2760,0
107550,0
121690,1
50148,0
103739,0
124663,0
88230,1
42959,0
85652,0
98946,1
7104,0
18974,0
9454,0
64666,0
34012,1
101118,0
100887,0
82687,0
128669,0
30732,0
86701,0
20281,0
132008,0
23870,0
119501,0
87396,0
41338,1
27612,1
129618,0
39644,0
126536,0
16134,0
134262,0
9513,0
104304,0
42851,0
64194,0
140528,0
106038,0
4532,0
91487,0
11588,0
63150,0
48908,0
51767,0
52728,0
94405,0
19358,0
64940,1
10714,0
85963,0
46159,0
103199,0
78633,0
93332,0
76414,0
93416,1
86401,0
16435,0
76786,0
13188,0
99138,0
66605,0
91172,0
3277,0
51430,0
25672,1
87906,0
76985,0
561,0
4014,0
16585,0
39075,0
114459,1
131385,0
75271,0
110607,0
15774,0
27399,0
38394,0
76949,0
14338,0
5721,0
26438,0
85534,1
67141,0
79029,0
67713,0
39499,0
280,0
8814,0
18882,0
58667,0
5691,0
109194,0
45357,1
116062,0
30734,0
48815,0
114607,0
116098,0
135919,0
72433,1
65087,0
19293,0
29131,0
66724,0
59826,0
78835,0
45813,1
135465,0
100289,0
24307,0
105960,0
27815,1
91175,0
11270,0
89789,0
119607,0
50892,0
35066,0
65332,0
64159,0
29343,1
78240,0
125553,0
74484,0
54783,0
30004,0
5918,0
47459,0
67647,0
45311,1
65669,0
133540,0
109978,0
8746,0
16671,0
7962,0
57421,0
90373,0
123374,0
41466,0
120535,0
98183,0
85753,0
119960,0
23239,0
63244,1
21319,0
19312,0
66297,0
138471,1
131852,0
140641,0
102231,1
7618,0
136556,1
56220,0
92506,0
105581,1
56051,0
66228,0
135502,0
88031,0
120227,1
113376,1
35333,0
94368,0
13392,0
53174,0
35207,0
12733,0
117559,0
94795,0
139622,0
18498,0
138095,0
139863,0
85197,1
50742,0
47983,0
8449,0
80699,0
134744,0
10816,0
53588,0
6398,1
717,1
96306,0
55788,0
64872,0
50545,0
81811,0
87798,0
44590,0
325,0
111548,0
110187,0
29309,0
1954,1
49359,0
135452,1
96700,0
99621,1
115236,0
69957,0
55154,1
26736,0
97243,1
130917,0
117806,0
113479,0
34404,0
62345,1
62779,0
111690,0
12392,1
96989,0
45006,0
24316,0
77770,0
33107,0
75195,0
32090,0
17385,1
139519,1
36634,0
118420,0
1588,0
94889,1
71483,0
138485,0
16364,0
39410,0
18385,0
97932,1
53877,0
76595,1
49774,1
58713,0
36540,1
38862,0
74466,1
100287,0
14555,1
8719,0
25446,0
114138,0
24467,1
88426,0
128194,1
21514,0
98673,0
55372,0
5300,0
16931,0
128567,1
50947,0
50199,0
33725,0
133642,0
86388,0
59687,0
120065,0
128136,0
8854,0
48977,0
126586,0
120009,0
76752,1
121594,0
18100,0
134932,0
15335,0
22114,1
121365,0
11279,0
54746,0
43426,0
34527,0
59061,1
134978,0
40020,1
36437,0
61984,0
15901,1
35401,0
19164,0
109480,0
116696,0
138897,0
85199,0
126051,0
42967,0
124993,0
72065,0
20926,0
55569,1
57915,0
15683,0
55577,0
81124,0
86487,0
137907,0
85710,0
50697,0
107537,0
100913,0
119761,1
37560,0
38734,0
75022,0
132432,1
14561,0
37693,0
6776,0
89834,0
113907,1
8737,0
76445,0
74605,0
11066,0
103509,0
89855,0
130203,0
39143,0
29583,0
43344,0
28151,0
53986,0
31670,0
109817,0
85674,0
116730,0
115437,0
79297,0
126110,0
21995,1
3091,1
90433,0
62138,0
121989,0
31218,0
8896,0
59242,1
24111,1
123197,1
107518,0
21374,1
30146,0
57863,0
73118,0
63593,1
131545,0
72717,1
58863,1
64309,0
1407,0
46347,0
11936,1
23889,0
106136,0
56720,0
80599,0
10952,0
28515,0
119943,1
2703,0
33927,0
78974,0
17097,0
52705,0
135509,0
64607,0
41529,0
96766,0
67691,0
42313,0
60942,0
34064,0
16049,1
1009,0
131083,1
118227,1
105951,0
48268,0
39681,0
125521,0
6514,0
137185,0
130006,1
22660,1
33455,1
28529,1
25564,0
97783,0
24609,0
28299,0
35254,0
25941,0
28975,0
9848,0
132515,0
1428,0
106637,0
121981,1
42592,0
61110,0
64383,0
81879,0
60392,0
86357,0
95888,0
51042,0
34947,1
43576,0
25843,1
72252,0
23520,0
108837,0
87301,0
32547,0
69350,0
51416,0
120261,1
134682,0
72418,0
117242,0
14221,0
68336,0
69930,0
123862,0
21884,1
52408,0
19253,0
77513,0
58325,0
121222,0
76732,0
45213,1
97397,0
2966,0
138117,0
59622,0
24815,0
81867,0
67123,0
97077,0
42205,0
40894,0
85115,1
85575,0
69349,0
39946,1
63188,0
127707,0
21664,0
71797,0
78994,1
31563,0
117466,1
6162,0
24900,0
2430,0
80196,0
30024,0
74380,0
12959,1
23691,0
19350,0
27483,0
85779,0
20014,0
93748,0
35742,0
12144,0
109264,0
93088,0
111636,1
96967,0
3106,0
102598,0
10957,0
37507,0
102437,1
8260,0
6942,1
12856,0
21212,0
128126,1
93987,0
64688,0
113822,0
91664,0
54645,0
111796,0
109730,0
132919,0
12638,0
55517,0
138679,0
50763,0
7342,0
8421,1
65910,0
18361,0
133041,0
22982,1
10685,1
130841,0
13869,0
11976,0
30801,0
44995,0
135172,0
10954,0
112355,0
106752,0
18500,0
113823,0
54687,1
97345,0
126944,0
118194,0
46293,1
38330,0
80424,0
68287,0
49218,0
71612,0
73940,0
31039,0
25387,1
93311,0
105449,0
128993,1
51266,0
84772,0
69073,0
33991,0
64611,0
111210,0
30067,0
44047,1
31064,0
30510,0
129968,0
73233,1
76486,0
135453,0
56636,0
78640,0
133524,0
44755,0
92045,1
96251,0
4130,1
577,0
27083,0
112052,0
138357,0
56965,0
69336,0
114665,1
4995,0
56190,0
73358,0
81911,0
98573,0
124929,0
12746,0
134540,0
31471,1
51498,0
6878,0
114225,0
123791,1
56568,0
94022,0
55208,0
89116,1
84914,1
99875,0
82951,0
4931,0
20777,0
68074,0
105744,0
14502,1
62546,0
112290,1
47199,0
19154,1
101718,0
96414,0
102034,0
135045,0
89198,0
110248,0
92742,1
103297,0
62704,0
70457,0
139348,0
70721,0
32441,1
42017,0
104224,0
21904,1
96937,0
78694,1
103958,0
34532,0
6331,0
137585,1
114112,0
109413,0
38085,1
102475,1
134769,1
136322,0
133593,0
119902,0
76826,0
69784,0
23570,0
69754,0
56590,1
119680,1
126933,0
94450,0
73764,0
54745,0
57586,1
78156,0
122383,0
131370,1
116502,0
95803,0
25407,0
128504,0
78508,1
70634,0
5991,1
61442,1
27261,0
61631,0
69825,1
117472,1
99314,0
19289,0
89469,0
36123,0
83537,0
77245,0
110675,0
70579,0
133751,0
38805,0
99528,0
116823,0
3781,0
82290,1
137380,0
64371,0
59541,0
96822,0
107844,1
34489,0
57567,0
126498,0
52816,0
75119,0
69063,0
105086,0
88685,0
109702,0
98581,0
69639,0
80772,0
11831,0
107594,0
56728,1
125856,0
79135,0
47179,0
110823,1
65674,1
14931,0
66447,0
68106,0
79273,0
82366,0
75658,0
75495,0
8455,0
10731,0
83023,0
32493,0
30132,0
18964,0
13877,0
60726,1
63538,0
18316,0
72129,0
110566,0
102955,0
67134,0
15611,0
112169,0
43127,0
82945,0
106066,0
37344,1
82058,0
135681,0
110299,1
87609,0
87572,0
55443,0
125957,0
130942,1
64565,1
85950,0
34633,0
125919,0
63014,1
140407,0
140695,1
92990,0
21108,0
30495,1
17566,1
104156,0
5997,0
93377,0
102933,1
96580,0
49046,0
59731,1
77613,0
32978,0
136152,0
32535,0
90025,0
25429,0
30153,1
67243,0
26331,0
23330,1
77687,0
45997,0
59760,0
108765,0
48579,0
132883,0
126813,0
95409,0
39633,0
11327,0
44280,0
135113,0
46091,0
116165,0
110849,0
133122,0
121547,0
138846,0
28389,0
101991,0
29212,1
107596,0
136483,0
79339,0
41897,0
102569,1
104179,0
133344,0
105208,0
80230,0
49638,0
136911,0
41570,0
44124,1
53278,0
128130,0
58156,0
110127,0
64490,0
111768,0
109847,1
32381,0
93738,0
18878,0
107777,0
103604,1
29126,0
65812,0
106053,0
103554,0
127887,0
18346,0
37787,0
138483,1
81050,0
46727,0
86164,0
74662,0
106166,0
71644,0
57703,0
91902,0
122308,0
77609,1
14889,1
127979,0
43953,1
83557,0
44434,0
31198,1
34001,0
115315,1
63569,0
93590,0
66848,0
136527,0
101291,0
16108,0
140550,0
9604,0
3874,1
112997,0
14970,0
37088,0
93215,0
45577,0
110072,1
64215,0
70349,0
3377,0
105954,0
88538,0
96957,0
33644,0
62528,1
98264,1
81431,0
66826,0
13751,0
89307,0
130701,0
64426,0
79476,0
117957,1
9895,0
10096,0
57817,0
29764,0
86506,0
113738,0
9613,0
58009,0
121,1
92229,0
62774,0
100993,0
135585,1
62392,0
131843,0
77526,0
20482,0
122381,0
21691,1
95867,0
117215,0
58590,0
123897,1
127654,0
46094,1
8831,1
67342,0
66187,0
28632,0
105851,1
113854,0
128144,0
75287,0
46668,0
72735,0
95212,0
139734,1
80518,0
102905,0
42124,0
48361,1
56357,0
112934,0
118354,0
15967,0
36874,0
91333,1
125802,0
84163,1
82368,0
55008,0
53094,0
102899,1
56539,0
112238,1
94953,0
11305,0
129451,0
508,0
81490,0
60254,0
10727,1
128418,0
110801,0
128917,0
87132,0
116945,0
86161,0
56143,0
23634,0
125333,0
47395,0
42167,0
35361,0
100745,0
61694,0
102496,1
137719,1
82695,0
12682,0
130054,0
41728,0
22155,0
61977,0
22739,0
86891,0
135499,1
64231,0
44894,0
133397,0
39095,0
70067,0
48879,0
12036,0
120999,0
91222,0
117228,0
81919,1
19871,0
74215,1
47104,0
16637,0
88795,0
139973,0
108622,1
13921,1
84120,0
102011,0
19092,0
124650,1
85205,0
129184,0
112024,0
103036,0
56873,0
137,1
79854,0
39344,0
37540,0
126021,0
104993,0
93629,0
24145,1
14029,0
100789,1
105248,0
18967,0
137796,0
135422,0
116956,0
72762,0
31561,0
97346,1
10918,0
95413,0
91612,0
97844,0
18847,0
53016,0
14975,1
77287,0
1265,0
2084,0
132001,1
47615,0
93506,1
46877,1
71835,0
117490,0
86051,0
27783,0
3771,0
123225,0
58295,0
99733,1
129146,0
134624,0
14741,1
106045,0
126470,1
80815,0
16812,1
109470,0
82453,1
6621,0
25108,0
63085,0
49529,0
15437,0
14762,0
124020,0
17705,1
126237,0
16556,0
15426,0
120329,0
60458,0
124921,0
45823,0
116534,0
111209,0
122917,0
23323,1
93202,0
111699,0
69538,0
81334,0
40145,0
56631,0
110181,0
49757,0
26272,0
88935,0
118938,0
45546,1
17487,0
90914,0
103944,1
14107,0
127827,0
67293,0
85392,1
72469,0
92176,0
6645,0
80011,0
113245,0
77591,1
62582,0
49522,0
6082,0
9312,0
77429,0
74661,0
88488,0
7220,0
136569,0
121010,0
25728,0
77731,0
86567,0
102233,0
11971,1
74801,0
13773,1
140316,0
74163,0
62052,0
119079,1
72346,0
115044,0
101434,0
86173,0
17245,0
82753,0
138016,1
42664,0
41057,0
81653,0
9592,0
66166,0
111561,0
69203,0
2542,0
22288,0
15075,0
135972,1
113800,0
120096,0
16348,0
103185,0
55055,0
77590,0
24772,0
33224,0
105052,0
125096,1
2460,1
30183,0
30015,0
32077,0
132216,0
139688,0
10420,0
3615,0
108722,0
109781,1
116639,0
12790,0
47171,0
131178,1
58539,0
78652,1
56015,0
138228,0
27766,0
102910,0
11740,0
68243,1
1701,1
36607,0
92449,0
4848,0
106423,0
71597,0
79577,1
36103,0
38933,1
11013,0
94362,0
16474,0
53636,0
114796,1
65930,0
57872,1
105682,0
49928,0
139364,0
24272,0
111259,0
35632,0
23690,0
99713,0
98586,0
49983,0
135765,0
33106,0
110933,0
116215,0
115802,0
101827,0
125454,0
127786,0
93492,0
55679,0
20621,0
27108,0
106863,0
66468,0
30836,1
70628,1
102945,0
109139,0
119339,0
62140,1
38100,0
91857,1
61524,0
110459,0
123292,0
15994,0
114943,1
14019,0
57189,0
24603,0
26741,0
21073,1
17131,0
12355,0
47550,0
76369,0
82371,0
130563,0
26845,0
9609,0
14896,0
108107,1
66730,0
88555,1
86423,1
36774,0
1989,0
128689,1
124305,0
1626,0
135147,0
86151,0
10094,1
61506,0
80022,0
17646,1
119216,0
51953,0
100705,0
117054,0
90819,0
95283,0
64930,1
75250,1
71372,0
118537,0
93917,0
72952,0
48631,0
77422,0
32380,0
39678,0
41210,0
27425,0
117955,0
81011,0
3795,0
125278,0
98865,0
92307,0
28790,1
26798,0
37178,0
17554,1
47311,0
106625,1
33089,1
103621,0
105698,0
65833,0
98413,0
60615,0
115629,0
62208,1
34172,0
30385,0
38619,0
64871,0
137374,0
7293,0
17997,1
140415,0
1970,1
136861,0
3489,0
138376,0
122979,0
43902,0
111312,0
47379,1
77305,0
21536,0
94713,0
57530,0
75411,0
116007,0
63753,0
120860,0
83496,0
139956,0
98263,0
44803,0
57748,0
131825,0
91235,0
119470,0
21096,0
109869,0
114085,0
3134,0
126207,0
36809,0
86032,1
102558,0
36776,0
43248,1
121197,0
70,1
31557,0
8906,0
80713,0
45054,0
90397,0
57655,0
97472,0
108767,0
132673,1
116830,0
105347,0
117191,0
113727,0
29109,0
113253,0
104417,0
28614,0
10937,0
101585,0
129685,0
111100,1
105307,0
42270,0
55898,0
5495,0
130304,0
117022,0
10956,1
124833,0
113945,0
49697,0
29867,1
129280,0
5645,0
112929,1
22389,0
89633,0
14372,0
94775,0
87951,0
123827,0
74967,0
83824,0
76721,0
62415,0
40620,1
86116,0
9116,0
107293,0
93693,0
80386,0
11051,1
108156,1
58405,0
114436,1
64744,0
52401,0
111549,0
69776,0
81078,0
70613,0
120873,0
133120,0
92067,1
11095,1
87964,0
139171,0
138982,0
105626,1
1016,0
47261,0
2452,0
74240,0
60953,0
22397,0
93076,0
16498,0
102796,0
8029,0
87478,0
133816,0
37956,0
75139,0
22201,0
85348,0
3352,0
61369,0
47448,0
77089,0
51877,0
97310,0
56821,0
62358,0
74789,0
70589,1
139068,1
42890,0
140563,0
10806,0
110113,0
4124,1
116549,1
75082,1
82897,1
2715,0
132948,1
14488,1
130083,0
21464,1
63772,0
93315,0
72517,0
84907,0
42856,0
54036,0
20874,0
46985,0
135035,1
101665,0
53514,0
123190,1
78437,0
9011,0
127545,0
104790,0
75043,0
58563,0
117001,1
62773,0
70666,0
50317,0
132840,1
72151,0
54086,0
76496,0
14123,1
22028,0
46022,0
14625,1
27665,0
105062,0
123683,0
95209,1
28778,0
80905,0
71446,1
94683,0
106257,0
71375,0
11261,1
119970,0
110767,0
109441,0
64122,0
23592,0
13703,0
65919,0
87276,0
61674,0
17969,0
32717,1
120787,0
47013,0
58985,0
14766,0
64140,1
68093,1
114543,1
90921,0
135405,0
3467,0
44390,0
15632,0
84308,0
35340,0
115002,0
43899,0
136513,0
107294,1
99744,0
63688,0
13597,0
46006,0
45002,0
16048,0
42253,0
108942,0
95342,0
45965,0
73364,0
18718,1
27067,1
118097,1
86194,0
69070,0
45620,1
25376,0
132553,0
80210,0
136964,0
77288,0
20949,0
108193,1
110709,0
94682,0
53669,0
46918,1
2193,0
29958,0
7976,0
110985,1
120910,0
19522,0
81021,0
118170,0
58490,0
111783,1
74102,0
107375,0
41589,0
114678,0
4386,0
84780,1
134115,1
130395,1
60002,0
22784,0
23381,1
52924,0
82306,0
70040,0
50929,1
122738,0
123991,0
18077,0
60882,0
71710,0
103654,1
87440,0
35590,0
73590,0
93579,0
43847,0
74088,0
43325,0
48118,0
38829,0
83144,0
17751,0
3672,0
6982,0
111784,0
63616,0
134784,0
79323,0
65749,0
128927,0
96832,1
81383,0
3121,0
65991,0
58001,0
26539,0
138125,0
35774,0
28060,1
80395,0
58014,0
134544,0
77079,0
77510,0
31345,0
96877,0
108144,0
118880,0
54827,0
87072,0
38515,0
138010,0
34878,0
80189,0
134233,0
26340,0
51594,0
26997,0
8643,0
97,0
47116,1
50099,0
36611,1
58236,0
48327,0
32407,0
135892,0
47087,0
52663,0
68202,0
102463,0
109836,0
114263,1
9060,0
107595,1
80165,0
81303,0
138852,0
130019,0
7316,0
29107,0
95932,0
5838,0
116224,0
103755,0
4298,1
17041,0
56736,0
136367,0
54934,0
97490,0
107615,1
123317,1
8396,0
93680,0
73158,1
10594,1
94398,0
114881,0
39104,0
18925,1
4611,1
86539,0
119941,0
25979,1
133084,0
70683,0
57646,0
35836,0
122990,0
12667,0
138790,0
110487,0
111589,0
56145,1
31181,0
99014,0
36188,0
115709,0
129780,0
50498,0
47504,1
43885,1
55546,0
94055,1
111170,0
112769,1
4609,0
84156,0
9960,0
37878,0
35684,0
128393,0
59675,0
42618,0
68999,0
18947,0
42489,0
26221,0
100537,0
83545,0
86519,0
84076,0
43515,0
77976,1
61042,0
135939,0
138324,1
101123,0
62309,0
21652,0
20275,0
113716,0
87885,0
73827,0
83642,0
70885,1
121436,1
130579,1
34993,0
4161,0
32343,1
62505,1
82119,0
138902,0
50591,0
137723,0
31717,0
27877,1
126695,1
32247,0
28597,0
79810,0
116722,0
104884,0
58127,0
132355,0
89191,1
61362,1
10565,0
67514,0
115204,0
111827,1
126531,0
70751,0
102040,1
39866,0
77655,0
130670,0
87842,1
35149,0
68917,0
90793,0
20657,1
35511,1
15567,1
81576,0
5828,0
14511,1
56046,1
57596,1
61927,1
119977,0
87640,0
12087,0
137453,1
22333,0
41845,1
21632,0
35919,0
50019,0
12764,0
92108,0
25411,0
97614,0
15631,0
6896,0
33855,0
62180,0
139871,0
91020,0
32030,1
86841,1
43969,0
62557,0
1788,0
120612,1
68867,0
123419,0
7671,0
129476,0
115734,0
16163,0
81387,0
128970,0
96052,0
104056,0
45469,0
107917,0
47974,0
10670,0
40865,0
43098,0
14313,0
95667,0
110983,0
11493,0
115013,0
96638,0
16086,0
90432,0
93739,0
9049,0
20206,0
77623,0
91482,0
12985,0
31613,0
51457,0
95817,0
8694,0
67560,0
43691,0
112192,0
57804,0
105938,0
24007,0
89703,0
82918,0
16209,0
28053,0
137825,0
57036,0
140250,0
120658,0
57510,0
43424,0
44152,1
98238,0
138809,0
114579,1
131950,0
46305,0
94644,0
12376,0
6889,0
104208,0
122245,0
120720,0
108998,0
129831,0
34753,0
79943,0
32188,1
113261,0
60825,1
125585,0
131386,0
40059,0
28753,0
58719,0
29756,0
35120,1
57023,0
10486,0
24744,0
12945,0
38260,0
105962,1
85915,0
23295,0
61936,0
22755,0
45549,1
65388,0
123305,1
124303,0
120820,0
76674,0
80786,0
77451,0
128835,0
106260,0
102839,0
56259,1
68957,0
31674,0
61430,0
1082,0
2635,0
131065,0
74055,0
128145,0
30073,1
118393,0
29877,1
43616,1
3148,0
26144,0
31136,0
10736,0
15684,0
57291,1
52860,0
134645,1
86872,0
12069,1
119304,0
75174,0
84074,0
84221,0
77001,0
75142,0
119901,0
54243,0
92528,0
91840,1
115073,0
110761,0
90943,0
5391,0
13806,0
123692,1
118638,0
79035,0
16965,0
119604,0
16447,0
28283,1
30340,0
104395,0
38748,1
119831,0
84526,0
75891,0
101507,1
98042,0
99950,1
78337,0
10039,1
36865,1
23006,0
25637,0
79251,0
62882,0
118635,1
121455,0
140621,1
81851,1
17030,0
139345,0
62006,0
96174,0
137133,0
11239,0
29430,0
54091,0
118208,0
119959,0
78044,0
44857,0
33875,0
26549,0
3849,0
83465,1
104075,0
38413,0
21498,0
76745,0
46538,0
99791,0
16335,0
49508,0
86986,0
46563,0
34244,0
126158,0
113264,0
4684,0
40878,0
39208,0
61636,0
135312,0
102503,0
15617,0
55641,0
89033,0
87908,0
59902,0
34408,0
129635,0
113377,1
49725,0
93526,0
105408,0
119866,0
129124,1
53524,0
106593,1
61168,0
18628,0
25783,0
87583,0
76307,0
133269,0
29141,0
132333,0
371,0
29680,0
8944,0
113107,1
104282,0
7645,0
130770,1
82406,0
34444,0
43450,1
23168,0
135610,1
110594,0
128820,1
78213,0
80908,0
136744,0
52086,0
121846,0
45479,0
105560,0
41934,0
85560,1
50013,0
127584,0
44080,1
134240,0
3712,0
16145,0
45729,1
85501,0
19063,0
127943,0
40261,1
123643,0
126634,1
52576,0
81367,0
44324,1
10537,0
29063,0
80560,0
42157,0
95434,0
132191,1
75316,0
18508,0
127071,0
99194,0
115832,0
112189,0
38056,0
21367,0
1922,1
104840,0
34544,0
83772,0
139521,0
132716,0
77428,0
72708,0
7420,0
119838,0
113929,0
56319,0
38036,1
106082,0
81046,0
21299,0
100141,0
130545,0
65038,0
139183,0
130880,1
138981,0
472,0
16103,0
67240,1
53844,0
21574,0
120898,0
31058,0
138667,1
106247,1
65708,0
39444,0
40130,0
7191,0
53387,0
67351,0
67404,0
126789,0
122818,0
35993,0
113027,0
24168,0
139241,0
40002,0
25267,0
6749,1
130130,1
87273,0
137471,1
50999,1
62719,0
44414,0
50214,1
14413,0
130609,0
37175,0
32127,0
51554,0
45517,0
79445,0
7739,0
62706,0
20896,0
140104,1
59023,0
38533,0
43011,0
101458,0
32900,0
22579,0
28655,0
135174,0
19122,0
75959,0
62343,0
73177,0
140322,1
98937,0
85281,0
41943,0
69998,0
82095,1
129232,1
81604,0
49800,0
11383,0
88763,0
98778,0
1820,0
96521,1
90458,0
84716,1
76327,0
140075,0
22694,1
55872,0
128625,0
79061,0
61397,1
73988,0
22606,0
109929,0
121994,0
117185,0
91459,0
131941,0
38583,1
43294,0
77971,0
127314,0
77695,0
48638,0
14628,0
108099,0
89294,0
30306,0
104540,0
54225,1
4449,0
24231,0
35989,1
107974,1
20254,0
69618,0
130358,0
47740,0
110560,1
54042,0
43467,0
48246,0
122421,0
78779,0
140038,0
109967,0
67991,0
53102,0
134364,0
126441,0
94915,0
118012,0
137042,0
98103,0
54978,0
122843,1
69298,1
51595,0
32847,0
27068,0
3591,1
132340,0
132937,0
121149,0
6744,0
52869,0
44063,0
121435,1
92313,1
92046,0
68751,0
133039,0
131064,0
96644,0
62642,0
43757,0
10303,0
57505,0
89162,0
95745,1
3584,0
108766,0
42799,0
1404,0
98987,0
8378,0
76214,0
136219,0
46670,0
73090,0
89405,1
120290,0
23908,0
58644,0
101523,0
36772,0
73559,0
93212,0
22652,0
132077,0
72467,0
77132,0
31975,1
128344,1
33361,0
130326,0
50645,0
14179,0
53680,0
20637,0
114757,0
79296,0
113811,1
92394,0
1298,0
6814,1
45379,0
59201,0
27072,0
15336,0
76218,0
50266,0
110079,0
129980,0
112514,1
115499,1
139263,0
95439,1
98166,0
21207,0
111694,0
119969,0
40627,0
72560,0
10530,0
96973,1
101196,0
66086,0
105747,0
71970,0
1807,0
29506,0
125569,0
77969,1
80775,0
88438,0
12123,0
74565,0
61575,0
50552,0
56729,0
129600,0
58516,0
128722,0
56499,0
104005,0
115389,1
13484,1
418,0
90711,0
118679,0
77697,0
56479,0
70461,1
115274,0
32686,0
138473,0
9166,0
66341,0
24245,1
93981,0
88919,0
88581,0
71930,0
64162,0
61489,1
19226,1
61129,0
65235,0
9635,0
50274,0
121405,0
68849,0
111820,0
16045,0
87175,0
74570,0
68191,0
20996,1
58576,0
60498,0
802,0
38451,0
131748,0
36418,0
50337,0
55295,0
125200,0
33233,0
97652,0
91018,0
97616,0
42042,0
56444,0
20801,0
75949,0
108150,0
43037,0
126886,0
42942,0
71786,0
140652,0
128538,0
88034,0
50651,0
64724,0
115205,0
33810,0
50292,0
76966,0
16732,1
126244,0
134623,0
99230,0
69702,0
99362,0
98820,0
92580,0
118402,0
4311,0
55519,0
7928,1
20144,1
31608,0
117939,0
56497,0
129779,0
115636,0
24726,0
87208,1
34688,0
79902,0
42424,0
109666,0
126283,0
67934,0
112686,1
117091,0
39610,0
54637,1
11117,0
25049,0
128926,0
105609,0
63499,0
47623,0
3302,0
67014,0
26016,0
50527,0
48458,1
89541,0
124627,0
86386,0
89293,1
87469,0
39895,0
29799,1
48823,0
128698,1
80880,1
126787,0
492,1
114710,1
3132,0
31696,0
125325,0
93643,0
135921,1
85728,0
130916,1
68289,0
30416,0
57224,0
122037,0
24853,0
19986,1
125859,1
10632,0
37341,0
57755,0
36559,0
19252,0
85258,0
97840,1
36300,0
40592,0
32792,0
111545,0
127904,0
109715,0
65064,0
2259,0
47227,0
64465,0
62586,0
45110,0
45647,0
84315,0
90387,1
109543,0
45124,0
40260,0
139421,0
77226,0
35287,0
112202,0
137362,0
33562,0
98304,0
101654,1
70306,0
65172,0
42328,0
121157,0
55767,0
134441,0
90005,0
28903,0
29770,0
46254,1
2043,0
120511,0
96682,0
90356,0
103190,0
13512,0
60238,0
100454,0
59783,0
119449,0
80330,0
122218,0
88918,0
73849,0
113215,1
14403,0
121913,0
125717,1
35309,1
57923,0
100264,1
62534,1
7165,0
126998,1
30197,1
69233,0
102375,0
66515,0
18106,0
100347,0
53184,0
70491,0
64602,0
9922,0
39042,0
46366,0
38448,0
75196,1
42908,0
11769,1
134252,1
20580,0
44454,0
16008,0
14340,0
71867,0
48254,0
24968,1
67521,0
102890,0
31080,1
125672,0
64100,1
100316,0
50688,0
89742,0
133661,0
123961,0
41693,1
18620,1
4327,0
120128,0
54932,0
104432,0
114684,1
21688,0
107823,0
77372,0
93029,0
133837,0
62999,0
55347,0
132581,0
55303,0
18525,1
132350,0
23609,1
32184,0
125548,0
128220,0
117514,0
6024,1
101499,0
17942,0
63743,0
99566,1
50487,0
129658,1
88567,0
52759,0
28338,0
20096,0
85886,0
18579,0
113346,0
5926,0
139757,0
127226,0
52780,1
38560,1
40249,1
102423,1
70677,0
137679,0
23920,0
87165,0
132005,0
63115,0
97453,0
122365,0
4299,0
15691,0
118602,0
115708,0
33325,1
42935,0
44168,0
14443,0
114993,0
44750,0
69186,0
65335,0
50444,0
32401,0
133143,0
52161,0
52340,1
10896,0
8157,1
26775,0
80225,0
123019,0
134693,0
68402,0
120816,1
63332,1
21472,0
139708,0
105478,0
40587,0
130352,0
47207,1
63071,0
67150,1
62617,0
36205,0
92897,0
60360,0
10207,0
52525,0
138699,0
140156,0
55486,0
90614,0
28526,0
82236,1
52342,0
23466,0
30192,0
5542,0
32264,1
104842,0
66509,0
127634,1
3432,0
42322,0
114712,1
31355,1
11859,0
117634,1
37438,0
8360,0
101713,0
99481,1
801,0
133514,0
97579,1
70081,0
67819,0
88928,0
126002,0
73141,1
46281,1
75606,0
14136,1
4857,0
112105,0
82255,1
83199,0
53327,0
91852,0
45041,0
82310,1
80820,0
125684,0
13673,0
85506,0
139353,0
96566,0
12520,0
116834,0
128637,0
10310,0
13414,0
29057,0
120487,0
46041,0
92753,0
64757,1
91291,0
135541,0
10732,1
97968,0
64594,1
83770,0
10943,0
94066,0
47486,0
78519,0
91030,0
21712,1
124128,0
1525,0
3275,0
83031,0
88713,1
61248,0
89384,0
53913,0
101649,0
91588,0
64476,0
32585,0
17981,0
87043,0
133096,0
86802,1
131421,0
26372,0
140169,0
82070,0
134165,0
19621,0
130029,1
43438,0
93755,0
32457,0
75735,0
127590,0
571,0
76716,0
25450,0
49212,0
95995,1
122103,0
16506,0
92929,0
86739,0
54904,1
64553,1
96517,0
112802,0
137174,1
97289,1
3166,0
98826,0
95039,0
87232,0
11077,0
93990,0
9872,0
75963,0
72508,0
87896,0
25440,0
36689,1
109621,0
10187,0
58582,0
78889,0
58912,0
38182,0
81411,0
71317,1
101481,1
122168,1
99201,0
20760,0
63342,0
15243,0
15134,0
24165,0
19599,0
91586,0
113125,0
99595,0
57006,1
48062,0
115271,0
73015,0
41528,0
3761,0
34119,0
43484,0
33188,0
49259,0
73030,0
51912,1
134924,0
111174,0
75726,0
71058,0
94653,0
134687,0
110381,0
90248,0
41320,0
6302,0
97702,1
84809,0
125616,0
45019,0
89906,0
86873,0
104123,0
115722,0
42726,0
2436,0
45902,0
50457,1
65450,0
124497,1
95640,0
74680,1
7093,1
887,1
23165,0
30384,0
120974,0
38303,1
20522,1
93683,0
40276,0
50475,0
40652,0
118169,0
77092,1
18607,0
23757,0
105998,0
113111,0
60760,0
130266,0
19254,0
120900,1
42206,1
120802,0
90339,0
44249,0
75003,0
101273,0
128235,0
76115,0
45826,0
71964,0
105025,1
78706,0
46596,0
104739,1
5847,0
133877,0
123519,0
91470,0
27523,0
109434,0
124221,0
102122,1
83886,1
86960,0
67065,0
35864,0
56308,0
103024,1
17688,0
101455,1
24035,0
87041,0
31450,0
21238,0
87250,0
140289,0
61868,0
136155,0
106520,0
10049,0
124620,0
65417,0
497,0
18492,1
9169,0
105808,1
37259,1
102657,0
56325,0
6826,0
102962,0
31304,0
79684,0
50313,1
65250,0
27123,0
62621,0
96970,0
53932,0
109332,0
8648,0
9937,1
113208,0
67497,0
93844,0
110141,0
128223,0
132533,0
11637,1
41769,0
131320,0
115322,0
22370,1
24605,0
47114,0
8765,0
15551,0
86212,0
134811,0
110264,0
64839,0
31706,0
72928,0
8464,1
107456,0
123114,1
14916,0
17375,1
1693,0
71655,1
47416,1
24950,0
113902,0
108,0
135306,0
120648,0
105986,0
54899,0
3440,1
42208,0
90071,0
95865,1
91915,0
78136,1
6590,0
46238,0
38255,0
117611,0
61045,0
5475,1
46948,0
44730,0
68422,0
84416,0
55339,1
201,0
99804,1
138191,0
76075,1
89610,0
117810,0
107970,0
50991,0
123641,0
90492,1
103001,0
47958,0
36708,0
97354,0
38498,1
36886,0
117313,0
55821,0
124424,0
58351,1
12713,0
487,0
80313,0
74978,0
41524,0
105190,0
94864,0
93270,0
64849,1
17409,0
54605,0
5203,0
9235,0
101397,0
131026,0
53876,0
109382,0
124168,1
81719,0
15982,0
37931,0
36643,0
42309,0
45432,0
50655,1
81273,1
77206,0
12033,0
80682,1
34329,0
375,0
90938,0
42467,0
127770,0
60000,0
114015,1
71213,0
85296,0
100447,0
24335,0
59212,1
27667,1
6671,0
63263,0
102277,0
67437,0
21660,0
125425,0
72421,1
59806,0
116299,0
109663,1
100340,0
92160,0
37847,0
107730,0
97249,0
14654,0
55498,0
135519,1
80464,1
119061,0
136049,0
161,0
90187,0
91033,0
138342,0
4346,0
51060,0
88413,0
47662,1
73729,1
64431,0
87213,0
93650,1
113617,0
15031,0
102168,0
68815,0
44461,1
88863,0
66815,0
105373,1
43471,0
12933,1
89805,0
73402,0
109843,0
4456,0
88429,1
27585,1
97151,1
31506,0
104873,0
46111,0
73005,1
139118,0
109461,0
94857,1
82769,1
102006,0
125103,0
107106,1
98058,1
32930,0
94050,0
33019,0
48360,0
94337,0
10455,0
71549,0
59917,0
82704,0
102301,0
39959,0
114289,0
79648,0
20509,1
57203,0
96978,0
74900,0
73835,0
61752,0
134764,0
30407,1
123819,0
111729,0
140172,0
50910,0
121410,0
29460,0
29311,0
116163,0
57258,0
23969,1
80539,0
52757,0
63047,0
117650,0
111723,0
46332,0
99920,0
27998,0
130896,0
59533,0
49339,1
45001,0
38290,0
17581,0
62411,0
125254,0
102086,1
130807,1
60594,0
43713,0
87725,0
114484,0
101634,0
136144,0
63442,0
24558,0
103050,1
16780,0
140637,0
64416,0
79772,0
4274,0
90799,0
40440,1
52370,0
49523,0
42806,0
83556,0
140601,1
39489,1
85698,0
118788,0
10203,1
87938,0
49807,0
37462,0
9214,0
71833,0
82625,1
7432,1
109506,1
125649,0
72685,0
55879,1
82975,0
61948,0
56126,0
66128,0
62605,1
98815,0
83066,1
106014,0
51694,0
126834,0
139889,1
70258,1
106369,0
42442,0
107648,0
51458,0
125418,0
52792,0
44660,1
6079,0
30711,0
70783,0
137811,0
124452,0
99273,0
113464,0
15318,1
71220,0
139595,1
81641,0
140532,0
5547,0
76729,0
108345,0
54128,0
8772,0
82430,1
3123,0
89115,0
4211,0
68761,1
91841,0
88993,0
130937,0
87832,0
52145,1
102061,0
10641,0
118130,0
138710,0
26807,0
2099,0
94473,0
131559,0
47083,0
48931,0
20730,0
104908,0
136953,0
58306,0
7325,0
50600,0
106811,0
60008,0
9036,0
57593,0
87347,0
32721,0
114180,0
98019,0
98172,0
31580,0
2184,1
93783,0
65065,0
140297,0
118570,0
58242,1
92884,1
38776,1
125941,1
58024,0
40501,0
130310,0
22578,0
91024,0
102906,0
111074,0
67013,0
78503,0
70078,0
108941,0
76181,0
116604,0
117460,0
112687,0
77772,0
11197,1
113527,0
28089,0
61598,0
6322,1
40934,0
4957,0
104160,1
131112,0
70841,1
61443,1
18526,0
32354,1
88594,0
81986,0
21004,1
63491,0
113624,0
83704,0
108403,0
83365,0
54300,0
30138,0
98316,0
53976,1
134499,0
133188,1
37599,0
116778,0
131518,1
70183,0
18112,0
53133,0
93779,0
107940,0
112304,0
29736,0
78012,0
91771,0
16137,0
86523,0
96048,0
93989,0
66154,0
48351,0
89748,1
125739,0
85570,0
35081,0
115931,0
134281,0
67736,0
62858,0
135136,1
14638,0
37528,0
50637,1
14982,0
97011,0
104936,0
87639,0
24614,0
18725,0
33566,0
89074,0
85250,0
24710,0
51207,0
133446,0
61149,0
40526,0
29261,1
101555,0
26480,0
69434,1
106150,0
72092,0
137072,0
130170,1
93623,0
94380,0
85907,0
6998,1
132819,1
33800,0
20741,0
107705,1
97211,0
89573,0
20776,1
133574,1
5098,0
120883,0
117478,0
59263,0
18545,0
105745,0
27367,1
66969,1
109140,0
48464,0
114441,0
93628,0
115611,1
33843,1
81306,0
65464,1
43100,0
135762,0
77498,0
91920,0
77439,0
17815,1
79460,0
91653,0
114499,0
113189,0
117225,0
74238,0
82261,0
80416,0
24382,0
90712,0
20273,0
128530,0
98846,0
20041,0
117322,0
49025,0
98028,0
108794,0
124711,0
112339,1
13125,0
9165,0
125614,0
85229,0
15086,0
115003,0
81223,0
116027,1
57051,0
112739,0
41818,0
107065,0
86457,0
1684,0
131526,0
100229,0
15843,0
111625,0
50166,1
114824,0
18639,0
131911,0
5112,0
47198,0
60666,0
140362,0
37538,0
5201,0
64651,0
110732,0
63187,0
53947,0
46754,0
11387,1
82116,0
871,0
61345,0
76365,0
99303,0
127544,0
61857,0
49406,0
35525,0
31247,0
81460,0
29006,0
395,0
131143,0
47014,0
21225,0
9878,1
67651,0
10566,0
63328,0
7149,0
6288,0
112380,0
110448,0
104778,0
112852,1
80997,0
57080,0
48503,0
125968,1
40318,0
92133,0
77112,0
43272,0
63504,0
68618,0
56976,1
124154,0
3750,0
27831,1
80836,0
72486,1
130775,0
4797,0
37477,0
110147,0
17550,0
55556,0
50722,0
99588,0
92754,0
3907,0
4639,0
79068,0
92573,1
10115,0
124055,0
13733,0
103672,0
137763,0
116432,0
86825,1
32309,1
85181,0
65168,0
137046,0
85536,0
54924,0
52703,1
57323,1
96507,1
61612,1
131815,0
21025,0
101268,0
46561,1
108603,1
50027,0
19734,0
122065,0
7282,0
129397,0
16440,0
117788,0
38735,0
7535,0
51329,0
81929,1
125404,0
133501,0
6892,0
104299,0
101198,1
4982,0
57601,0
31742,0
116677,0
46807,0
39478,0
28219,0
85945,1
109445,0
4383,0
133517,0
88365,0
137439,0
88283,0
39918,0
4009,0
44372,0
73161,0
103503,0
45580,0
25998,0
110988,0
132292,0
88044,0
112281,0
64307,0
116232,0
119215,0
111882,0
112665,1
124614,1
26077,0
26915,0
41655,1
16355,0
37873,0
86584,0
94199,0
27718,0
17545,0
70208,0
52062,0
9967,1
48325,0
107679,0
47239,0
59420,1
35163,0
123407,0
5383,1
35108,0
61951,0
48289,0
30869,0
92376,1
20220,0
20086,0
125540,0
101587,0
41513,1
60033,0
32635,0
68477,0
117725,0
113978,0
105547,0
21648,0
128658,0
110994,1
1837,0
106916,0
80723,0
38002,0
29840,0
100473,0
30794,0
67401,0
52371,0
127040,0
86520,1
108027,1
126923,0
4040,1
133310,0
41347,1
44006,0
32011,0
77603,0
120877,0
128011,1
111666,0
87371,0
33351,0
96442,0
52254,0
26093,0
17862,0
45346,0
120412,0
119288,1
85782,0
123645,0
123159,0
63377,0
113798,0
82139,0
130740,0
137030,1
47453,0
99686,0
91524,0
84147,0
104440,0
78248,0
89093,1
14556,0
116191,0
94109,0
23079,0
57243,1
23090,0
30892,0
33678,0
122129,0
36128,0
132517,0
92585,1
95650,0
43425,0
120211,0
140589,0
29219,0
105583,0
114855,1
14041,1
26639,0
28432,0
138334,1
5365,0
50250,0
101322,0
60228,0
67191,0
95262,0
70582,0
116994,0
140306,1
65973,0
122025,0
32763,0
27377,1
6041,0
59774,0
109270,1
86551,1
57964,0
139295,1
131745,0
2069,0
36957,0
79249,0
118849,0
101286,0
82150,0
77371,0
37723,0
111607,0
103033,0
128896,0
1257,0
88106,0
138714,0
112246,0
69391,1
59166,0
27562,1
93871,1
57430,0
130367,0
113007,0
117894,1
56625,0
114115,0
86696,0
115892,0
121934,1
89365,0
127978,0
127857,0
3731,0
88258,0
122095,0
91193,0
95008,1
95198,0
104630,0
58335,0
74966,0
62064,0
22395,1
68420,0
85946,0
7744,1
53922,1
41317,0
84612,0
106508,0
85507,0
89329,1
58779,0
84666,0
133161,0
17087,0
74438,0
90487,0
114539,0
84525,0
134074,1
80747,0
36870,1
30887,0
77491,0
57091,1
92149,0
56331,0
45405,0
34214,0
87893,0
37485,0
68640,1
39258,0
37917,0
131302,1
29653,0
92687,0
135223,0
56640,0
8056,1
91629,0
67265,0
65728,0
10156,0
59816,1
118542,0
76898,0
58050,0
111709,0
33889,1
58184,0
122352,0
102744,0
102603,1
101696,0
6787,0
97348,0
15442,0
131488,0
46015,0
62559,1
42432,0
93687,0
100489,0
94526,1
85389,0
138491,0
111249,0
2824,0
10215,0
122873,0
21341,0
24548,0
66483,1
72478,0
28449,1
62540,0
7824,0
15720,0
84986,0
22271,0
100925,0
54362,0
136411,1
40819,1
119868,0
78838,0
102502,0
10940,1
66514,1
47331,0
125149,0
121486,0
98693,1
75578,0
117550,0
119562,0
133895,0
100104,0
120796,0
13714,1
1422,0
2943,0
139147,0
120356,1
90624,0
117994,0
63691,0
132190,0
78611,0
121175,0
72719,0
122788,0
60959,0
92576,0
82434,0
129756,1
33025,0
64055,0
125234,0
127961,0
98096,1
49562,0
96801,0
90828,0
93568,1
77579,0
27751,0
105975,0
71463,0
117462,0
30294,1
5870,0
122734,1
7219,0
19849,0
28612,0
134300,0
108094,0
129197,0
59971,0
103761,0
131261,0
49945,1
44360,1
58285,1
24078,0
43600,1
92099,0
38039,0
103827,0
45945,0
63925,0
28268,1
62393,0
118836,0
11835,0
102151,0
35430,1
116591,0
63943,0
36119,0
74515,0
131078,0
118555,0
37678,0
34386,0
140468,0
125193,0
26939,0
121718,0
59299,0
97820,0
10728,0
114646,0
33652,0
118459,0
59315,1
126101,1
36268,1
88623,1
7575,0
92483,0
3661,0
59506,0
40463,0
109450,0
71898,0
40090,0
31324,0
16196,1
46845,0
7362,1
25996,1
90109,0
25170,0
19014,0
137458,0
35549,0
124229,0
110730,0
91933,1
105647,0
112124,0
84619,1
111357,0
118924,0
20342,0
103821,0
138953,0
79459,1
15719,0
120376,1
84230,0
105368,0
84087,0
51340,0
64112,0
116950,0
69698,0
36237,0
85984,1
96987,0
114100,0
51407,1
68228,0
8040,0
21505,1
57049,0
140524,0
137101,0
57589,0
133854,0
2755,1
73435,0
111945,0
98161,0
2997,0
105227,0
14559,0
14098,0
42867,0
111619,0
106186,0
85862,0
67649,0
53320,0
29476,0
73896,0
66986,1
130690,0
2440,0
94632,1
93189,0
139447,0
22687,1
17178,0
51373,0
35017,0
117433,1
44210,0
98242,1
49915,1
75947,0
57691,0
73952,0
84398,0
87125,0
95672,0
61277,0
92523,0
135707,0
123996,0
55533,0
5880,1
110273,0
26325,0
50961,0
65686,0
49491,0
75402,1
35536,0
15589,0
49112,0
1624,0
107698,0
130200,1
90289,1
107371,0
83410,0
108802,0
19618,0
83613,0
49308,0
113469,0
75808,0
59286,0
101896,0
108423,0
110638,0
81366,0
34828,0
92527,0
45616,0
9394,0
136410,1
111130,1
109551,0
26526,0
62966,1
94263,0
38589,0
78942,0
140079,0
136596,0
21671,0
135432,0
47785,0
67881,0
32045,0
6861,0
21363,0
129492,0
42883,0
109800,0
89117,0
44615,0
67630,1
36307,0
99155,0
18715,0
126648,0
29797,0
138103,0
123837,0
32787,0
135003,0
53444,0
115242,1
54901,0
114882,0
63004,1
50811,0
88933,0
66224,0
118126,0
115883,0
34222,0
56101,0
4097,0
116530,0
28588,0
100780,0
126061,0
102368,0
126665,0
62478,0
87487,0
6691,0
21273,0
103221,0
108205,0
1389,0
122810,0
51099,0
13958,1
8794,0
86389,0
115287,0
130136,0
45891,0
40488,0
6663,0
19115,0
120271,0
6312,1
34845,0
114999,0
47828,0
71388,0
113184,0
9151,0
104710,0
25472,1
31139,0
44966,0
117656,0
3806,0
130612,0
17678,0
101983,0
25317,0
120429,0
98607,0
16239,0
51230,1
117631,0
136342,1
121800,0
22834,0
31001,0
26223,0
69444,1
94037,1
30262,0
23332,0
107597,0
77653,0
37521,1
125651,0
44869,0
10884,0
106169,0
125826,0
21448,0
98006,0
75061,0
91802,0
37233,0
85064,0
50168,1
93829,0
7482,0
35407,1
4250,0
104267,1
24374,0
93904,0
126388,1
39279,1
119551,0
66238,0
110078,0
86033,0
67850,0
118168,1
86280,0
93648,1
81721,0
37881,0
74604,0
16856,0
60136,0
130434,0
107006,0
69470,1
55104,0
75538,1
133997,0
39536,0
17222,0
137881,0
664,0
47041,0
67258,0
26131,1
96233,0
96333,0
118224,0
99271,0
27648,0
130911,0
7734,0
39122,0
125323,1
15045,1
4629,1
15415,1
109085,1
39130,0
134247,0
11863,1
68222,0
86840,1
84263,0
5879,1
131532,0
79581,0
45188,0
48611,0
44510,0
26548,0
77765,0
4512,0
7546,0
46837,0
129159,0
118233,0
32358,1
98426,0
55576,0
26247,0
66299,0
33752,0
14117,0
47746,0
102675,0
71560,0
104709,0
26359,0
109932,0
119881,0
7883,1
45007,1
94823,0
60907,1
26056,1
11186,0
36847,0
130959,0
44669,0
136151,0
73,0
36786,0
134080,0
16387,1
2744,0
86084,0
28425,1
74885,0
672,0
106959,0
87765,0
24503,0
39037,1
124733,0
33065,0
137184,0
23682,0
100604,0
14420,0
25517,0
99720,0
106198,0
103362,0
115582,1
76859,1
124992,0
133810,0
103668,0
48597,0
84806,1
39336,0
121483,0
28650,1
58683,0
105689,0
20477,0
64119,0
14694,0
16586,0
66263,0
17416,0
9213,1
46176,0
6800,0
77000,1
43240,0
120779,1
74724,0
140418,0
110928,0
2211,1
107500,0
26410,0
6168,0
56098,0
128938,0
2791,0
54549,1
28339,0
23118,0
62022,0
65842,0
113248,0
107903,1
27280,0
107475,1
106328,0
22799,0
129192,0
63744,0
78674,1
127080,0
10560,0
107179,0
7610,0
136425,1
22278,0
94911,1
38764,0
131,0
27458,0
71083,0
15730,0
49729,0
131727,0
43208,0
70257,0
97112,0
73173,0
96965,0
78295,0
95338,1
99252,0
19670,1
56226,1
35283,0
24803,0
28015,1
6791,0
122650,0
42104,0
17050,0
105223,1
121977,0
69060,0
28101,0
30797,0
28442,0
81537,1
27288,0
85380,0
131665,1
20718,0
43339,0
87517,0
7395,0
40958,1
127793,0
78441,0
42400,0
63981,0
5372,0
28032,1
21898,0
42060,0
92683,1
101333,1
130996,0
25993,1
57797,0
79856,1
26844,0
135361,1
76785,1
48485,0
52058,0
9434,0
90062,0
125597,0
117765,0
45127,0
112219,1
70954,0
10380,0
3072,0
48831,0
24255,0
68149,0
43089,0
58899,0
84720,0
55734,1
136064,0
2845,0
42729,0
2422,0
90315,0
100566,0
9889,1
102521,0
108456,0
135287,1
14011,0
11228,1
66164,0
41663,0
107287,1
17047,0
68086,0
59911,0
63426,0
56586,0
70788,0
64846,0
139013,0
115116,0
71414,1
99602,0
92263,0
23831,1
55912,0
132878,0
129746,1
62800,0
30380,0
59198,0
89340,0
113758,0
49914,0
134529,0
70192,0
69779,0
53846,0
70215,0
127346,1
136017,0
75858,0
4402,0
60676,1
79485,1
32638,0
96738,1
5485,0
128120,0
13572,0
101596,1
84164,0
35953,0
87179,0
63509,0
93672,0
29030,0
3228,0
20990,1
123867,0
22148,0
113234,1
81745,1
89553,0
72173,0
92125,0
136401,0
3090,0
69781,0
9051,0
128269,0
38657,1
132306,0
57086,0
93689,0
28760,0
128436,0
122994,1
28518,1
122848,0
127182,0
131455,0
28,0
76600,0
14009,1
4099,0
96377,1
120932,1
59661,0
62220,1
34512,0
59726,0
79900,1
57346,1
120387,1
16632,0
63027,0
95649,0
139832,0
108499,0
5039,0
21702,0
57558,0
103753,0
24955,0
46976,0
78098,0
44217,0
1403,0
48012,1
84008,0
103546,1
127878,0
18872,0
77792,0
80816,0
101644,0
37672,1
36030,0
125632,0
10308,0
3784,0
94108,0
63913,0
47317,0
43821,1
23906,0
66643,0
10414,0
131331,0
73890,0
139777,0
56475,0
105833,0
5952,0
65928,0
60540,1
17851,1
45716,0
40963,0
28560,0
107074,0
105542,0
123789,0
95216,0
48,0
80853,0
129898,0
13719,0
57566,0
91651,0
28619,0
23646,0
86883,0
127774,0
78129,0
2718,0
55964,1
8596,0
104212,0
24235,0
34511,0
45389,0
28759,0
124434,0
114453,0
29241,0
113959,0
64590,0
19681,1
13448,0
41106,0
126873,0
35186,1
65420,1
131676,0
110338,0
29549,0
62893,0
10227,0
30404,0
116769,1
114341,0
16347,0
85574,1
20913,0
54716,1
69163,0
25989,0
49955,0
12208,0
97173,0
85289,0
77902,0
6686,1
65611,1
53303,0
67463,0
14478,0
119485,0
122026,0
44877,0
64548,0
58622,1
97141,1
90101,0
7879,0
6652,0
42461,1
11634,1
48976,0
1262,0
26846,0
43124,0
50524,0
78247,0
120420,0
118878,0
1445,0
129378,1
58484,0
84015,0
47791,0
28496,0
41002,0
132809,0
14297,0
137698,0
4594,0
6067,0
40758,0
77938,0
108690,0
54370,0
107764,0
54335,0
60678,0
62990,0
83533,0
24325,0
61201,0
44577,1
111137,0
21327,0
136719,0
33314,0
139656,0
13479,0
68123,0
82857,1
121819,1
5747,0
27079,0
63023,0
96984,1
77884,1
109355,0
10794,0
54765,0
53153,1
28701,0
76855,1
20798,0
95832,0
98198,0
79071,0
105415,0
97063,0
32669,0
80893,0
129764,0
41561,0
78651,0
44223,0
138700,0
80358,0
51739,0
75193,0
58616,0
9340,0
97247,1
125481,1
70893,0
70172,0
110224,0
123806,0
65809,0
89466,0
54515,0
44863,0
138813,1
831,0
81729,0
40566,0
97660,1
12816,0
72377,0
131759,0
3431,0
1982,1
79112,0
75906,0
133199,0
116697,0
123960,0
3108,0
92838,0
95134,0
7268,0
50639,0
39471,0
35184,0
88418,0
10833,0
36478,0
2904,0
56080,0
5204,0
37390,0
22089,1
95298,0
71588,0
4711,0
13787,0
24856,0
72338,0
7505,0
95190,1
78800,0
130069,0
51505,0
65278,0
111492,0
37385,0
80269,1
53377,0
79226,1
1635,0
49262,0
110437,0
19899,1
8589,1
62276,0
70769,0
129111,0
103422,0
37335,0
107733,0
82127,0
111883,0
135580,0
104866,0
90959,0
9308,0
127212,1
20647,0
119384,0
54496,0
117085,0
71340,0
71209,0
61279,1
30548,0
103812,0
135204,0
127946,0
7227,0
89460,0
9996,0
19487,1
116774,0
61462,0
78697,0
25114,0
87143,0
121707,0
126398,1
81859,0
93928,0
101917,0
72406,0
82900,1
51333,0
133644,0
51088,0
8513,0
8317,0
83228,0
106539,0
63662,1
117320,1
32344,0
38997,0
127733,0
117578,0
36370,0
33745,1
116922,0
39812,0
105143,0
38896,0
93002,0
32363,0
130746,0
99507,0
27061,0
114706,0
21797,0
70597,0
9082,1
100461,0
82025,0
111329,0
128204,0
9107,0
77385,0
45351,0
62633,0
106172,0
98075,0
65133,0
128931,0
15779,0
106918,1
37892,0
108821,1
59647,1
135209,0
135193,0
128284,1
15445,0
41402,0
96461,0
63566,1
20007,0
72876,1
6729,1
8333,0
109965,0
38139,1
27376,0
112190,0
21495,1
107766,0
35036,0
32681,0
89715,0
128098,0
89386,0
33203,0
108051,1
111593,0
80481,0
39695,0
100388,0
58519,0
88114,1
9471,0
32089,1
11500,0
3682,1
133242,0
18046,0
1600,0
29547,0
34637,0
61000,1
107392,1
103896,0
67421,1
67653,0
68459,0
108995,0
6063,0
136903,0
37510,1
131391,0
107949,0
122792,1
85234,0
78165,0
41448,0
60895,0
67817,0
106365,0
107284,0
71053,0
15307,0
23696,0
74672,1
124106,0
50689,0
139191,0
138350,0
120220,0
25557,0
90374,0
70291,0
73373,0
110026,0
124185,1
95609,0
88330,0
85403,0
22618,0
133858,0
136857,0
89422,0
52389,0
17079,1
50965,0
47209,0
19541,0
45919,1
34840,0
87606,0
16990,0
132519,0
115691,0
80185,0
116801,0
13811,0
3273,1
120536,0
56514,0
67529,0
87648,0
116773,1
36754,0
133643,0
139395,0
30009,0
90523,0
50561,0
2767,0
67217,0
96538,1
52671,1
31799,0
34050,0
69065,0
98896,0
61530,0
11957,0
112589,1
140337,0
100090,0
23275,0
27210,0
90797,0
121366,1
131563,0
97941,0
3349,0
49255,0
9465,0
37195,0
86017,0
93037,1
131740,0
87975,0
98831,0
42929,0
128331,0
116028,0
30158,0
82086,0
132370,1
9118,0
77797,0
10821,0
10007,0
14090,0
30356,1
32518,0
2723,0
3287,0
41337,0
79341,0
62085,0
131837,0
84210,0
33174,0
107445,1
17420,0
112857,0
118273,0
73039,0
13465,0
123013,0
69313,0
40266,1
67211,1
36727,0
116427,0
77486,0
43221,0
109761,1
10087,0
36291,0
96869,0
60799,0
90969,0
80906,0
70981,0
103593,1
59519,1
105803,0
140598,0
52986,1
26582,1
48625,1
55709,0
4453,0
106301,0
121476,0
33925,0
12444,0
33801,1
137590,1
54000,1
84954,0
83842,0
126823,0
64130,0
13390,0
40467,1
40908,0
3957,0
36024,0
43923,0
105479,0
89934,0
68063,0
60437,1
44713,0
74263,1
132214,0
13145,0
13820,0
18192,0
6238,0
140191,0
15417,1
85865,0
46770,0
119998,0
35150,0
70956,1
94522,0
98554,0
37739,0
91243,0
69318,0
79939,0
51588,0
107360,1
78312,0
128033,0
106653,1
14334,0
10130,1
44735,0
95607,0
62232,0
27092,1
97585,0
61795,0
353,0
132196,0
139752,0
38281,1
115241,0
63635,0
135754,0
89608,0
108909,0
17561,0
72105,0
95665,0
66418,0
113375,0
49812,0
7796,0
55511,0
113198,0
123000,0
112763,0
34106,0
110043,0
111115,1
12752,1
37983,0
101210,0
81600,1
12744,0
101582,0
55225,0
95210,0
13721,1
70037,0
66909,0
111276,0
139477,0
69908,0
4434,0
88299,0
39661,0
37603,1
94087,0
43307,0
89447,0
118468,1
103245,0
25011,0
101443,1
9240,0
26662,0
35884,0
52245,1
19106,0
1712,0
47694,0
57473,0
11606,0
130704,0
139446,0
54872,0
28379,0
121349,0
52263,1
131162,0
38353,0
33742,0
132638,0
124047,0
17760,0
31955,1
7598,0
139674,0
127587,0
60023,0
136019,1
17400,1
60366,1
94237,0
91960,0
102010,0
59947,0
51213,0
60721,0
129803,1
122745,0
35295,0
126079,0
113190,1
74005,0
101920,0
45885,0
46032,0
9757,0
47060,0
120451,0
81587,0
109559,1
25896,1
89446,1
74975,0
102377,0
56086,0
36463,0
82037,0
133552,0
104830,0
33841,0
16673,1
35214,0
91495,0
39776,0
94124,0
105281,0
2222,1
72621,0
117297,0
66065,0
50322,1
50976,0
35034,0
77413,1
138842,0
52902,0
51363,0
162,0
134142,0
73416,0
113605,0
118162,0
19424,0
125215,0
30312,0
23995,0
71470,0
17814,0
124207,0
13937,0
61344,0
53214,0
57213,0
45223,0
58923,0
56723,0
108840,0
121746,0
43710,0
25858,0
67467,0
102238,0
96779,0
71487,1
111659,0
138465,0
23135,1
27117,0
15192,0
58185,0
106319,0
76092,0
97411,0
45237,0
111500,0
28683,0
140577,1
74858,1
111617,0
71100,0
40374,0
21395,0
131591,1
42607,0
60669,0
26550,0
47174,0
38536,0
77880,0
131918,0
132280,1
71392,0
7961,0
59190,0
137669,0
122719,0
54330,0
138972,0
53456,1
23900,0
102383,1
113852,0
136548,0
112354,0
92314,1
82715,0
64967,0
17924,0
22049,0
89277,0
40603,0
59645,0
26321,0
78952,0
134120,0
93404,0
45255,0
77548,0
101911,0
114571,0
136125,0
12280,0
124158,0
59872,0
46689,1
107774,0
79575,0
51970,0
132566,0
113408,0
96874,0
131369,0
77715,0
53356,0
131987,0
124397,0
22535,0
39746,1
56112,0
96371,0
47085,0
39470,0
60422,0
68506,0
106502,0
72157,1
103194,0
63731,0
121787,0
123716,1
134984,0
11662,1
44028,0
90549,0
51320,0
38554,0
59053,0
77380,0
8894,0
41618,1
138514,0
60206,0
2433,0
1480,1
27882,0
104025,1
87796,0
28668,0
7538,0
91926,1
131218,0
96782,0
48343,0
11730,0
54448,0
95777,0
70213,0
33282,0
24273,1
79258,0
137455,0
101261,0
92518,0
35314,0
96823,0
137404,0
69141,0
86982,0
116078,1
6147,0
83513,1
57973,0
106700,0
22711,0
9093,1
133840,0
43486,0
135289,0
136726,0
34924,0
69370,1
128203,0
136392,0
43802,0
125009,0
97161,0
9426,0
67310,0
43051,1
138874,1
139725,0
24455,0
83507,1
58870,0
79414,0
17320,0
118087,0
121694,0
120742,0
46903,0
119362,1
88482,0
102539,0
37448,0
100324,0
80852,0
28439,0
101126,0
52152,0
6035,0
86202,0
70308,1
119460,0
13988,0
90412,0
133292,0
39948,0
88144,0
24317,0
115473,1
73815,0
115223,0
127785,0
140580,0
66913,0
22147,0
4504,0
62545,0
56596,0
76940,1
24416,0
121259,1
101104,1
27810,1
55363,0
53106,0
40472,0
137347,1
131057,0
90598,0
93145,1
126294,1
124729,0
10900,0
4121,1
97265,0
114419,0
66049,0
54602,0
59815,0
100688,0
69293,0
47992,0
75192,1
81276,1
127343,0
38855,0
13118,0
67033,1
124366,0
50247,0
18736,0
66879,0
95752,0
40140,0
71714,0
79927,0
128433,0
39672,0
2986,0
97662,0
17825,0
21438,0
131755,0
58815,0
84957,0
88775,1
103513,0
89169,0
125995,0
38476,0
48676,0
11417,1
116288,0
64199,0
95531,0
3335,0
7323,0
130002,1
40916,1
90382,0
92201,0
104031,0
62732,1
138441,0
111585,0
29152,0
116127,0
77441,1
138754,1
64732,0
44477,0
62941,0
92927,1
92690,0
18366,0
47151,0
114462,0
56060,0
90716,0
77577,0
22539,0
90931,0
107745,0
139511,1
5231,0
80340,1
63812,0
90292,0
30219,0
47861,0
74397,0
39087,0
25938,0
5132,0
132544,0
95794,0
58577,0
29646,0
14795,1
79473,0
101520,0
130461,1
79752,0
84540,1
5947,0
25731,1
90148,0
115742,0
99312,0
13534,0
108898,0
61178,0
106020,0
90540,0
72850,0
91505,0
129936,0
21100,1
55448,0
110081,0
134698,1
95394,0
25012,0
135106,0
16534,0
130314,0
70877,0
29796,0
12205,0
49397,0
109406,0
119561,0
37356,0
60068,0
48264,1
14055,0
62386,0
9330,1
74027,1
129495,0
83993,0
55285,0
3564,0
105566,0
74698,1
92178,0
2238,0
90018,0
62759,0
45524,0
119173,0
31874,0
116212,0
124583,0
70044,0
80032,0
51269,0
109073,0
7251,0
47464,0
109313,0
123958,0
139126,0
57017,0
32964,0
78051,1
65053,0
101997,0
95807,0
100781,0
35135,0
33754,0
109879,1
76195,1
91998,0
73032,0
9024,0
91896,0
14032,0
33453,1
2571,0
764,1
139418,0
3487,0
113358,0
8736,0
14817,1
74612,0
65906,0
124766,1
48878,0
39509,1
140382,0
93955,0
52630,0
113723,0
57252,1
20726,0
126035,0
61205,0
3214,0
3888,1
41411,1
46405,0
37709,0
134785,0
60069,0
10376,0
25482,1
102467,0
103270,0
74371,1
31586,0
91265,0
41014,0
7297,1
135070,0
99237,0
105397,0
3841,0
93556,1
26283,0
60,1
129630,0
88894,0
135833,0
89551,0
83682,0
38275,1
61423,0
91430,0
81922,1
35602,0
6445,0
28333,0
4866,0
74964,1
90587,0
82440,1
18210,1
48353,0
19309,0
137997,0
14092,0
38311,1
12328,1
46068,0
33553,0
136554,0
78565,0
42552,0
73331,0
81887,0
32232,0
72947,0
79223,0
36675,0
84519,0
63669,0
62350,0
2386,0
116776,1
125213,0
23807,1
98890,0
129663,0
45563,0
23471,0
88867,0
29178,0
87873,0
81794,0
64514,0
6148,0
110516,0
22474,1
3280,0
6508,0
48129,1
95834,0
131393,0
17422,0
26683,0
18960,1
70814,1
59757,0
10722,1
81770,0
31287,1
112783,0
63299,0
3709,1
139071,1
62548,1
63242,0
38239,0
55689,0
72143,0
84817,0
25603,0
97654,0
121274,0
35972,0
123808,0
41514,0
102153,0
129868,0
136520,1
37090,0
11719,0
4026,0
48666,1
117963,1
11238,0
29082,1
20430,0
97581,0
20471,0
122839,0
103705,1
99564,0
111291,0
36165,0
45308,0
98694,0
96723,0
71489,1
106633,0
79472,0
61507,0
137574,0
131050,0
1308,0
13099,0
25236,0
113650,0
34635,0
35638,0
67307,0
103220,1
46160,0
79402,0
124794,0
62027,1
136937,0
101375,1
42743,0
36387,1
93774,0
25082,0
62081,0
114210,0
102067,0
42519,0
20457,0
9070,0
94903,0
23698,0
18139,0
80235,0
61669,0
97909,0
109814,1
4697,0
15309,0
138302,0
15128,0
137795,0
83329,0
8650,1
99335,0
132,1
93619,0
80645,0
98905,0
36790,0
128930,0
103343,0
44459,1
26696,0
32361,1
90853,1
100988,0
32020,0
88240,0
39473,1
105081,0
110305,0
64521,0
99169,0
60164,0
128952,0
31071,0
37765,0
30357,0
42482,0
88882,0
121112,0
109093,0
49431,0
14507,0
135000,0
116344,0
85617,0
2895,0
32743,0
27489,1
53504,0
116510,0
60413,1
39719,0
98886,0
77395,0
42311,0
138047,0
60030,0
139320,0
3656,1
62591,0
137457,0
131317,0
78891,0
138634,0
128457,0
47717,0
1566,0
136994,0
82239,0
30483,0
34414,1
109285,0
9702,0
129599,1
86384,1
54340,0
1326,0
123756,0
23830,0
43062,0
92261,0
15628,0
6788,0
932,0
65276,1
48805,1
131779,0
123551,0
17816,0
97780,0
83649,1
51543,1
108960,0
73289,0
123971,1
29846,0
74907,0
129927,1
116005,0
41766,0
50282,0
12932,0
29786,0
115764,0
38111,0
63427,0
95796,0
57256,0
19933,1
105569,1
97667,1
99909,0
112162,1
125461,0
58795,0
34586,0
77759,0
130043,0
36510,1
18611,1
11739,0
118037,0
29299,1
12460,0
27409,1
9665,0
134267,0
91809,0
97423,0
84272,0
13328,0
43435,0
55288,0
131480,0
45344,0
60332,0
131561,0
85934,0
422,0
8462,0
6742,0
77834,0
23666,0
78813,0
35252,0
88211,0
58838,0
92228,0
112439,0
95475,1
69344,0
71824,1
43155,1
101534,0
89960,0
102728,0
56511,0
129520,0
57472,0
14501,0
72347,0
28275,0
6636,1
136780,0
7746,0
17857,0
25035,0
86115,0
30088,0
120848,0
93468,0
47206,0
66976,0
96270,0
23227,0
64869,0
115188,0
26927,0
14657,0
88119,0
93976,0
131704,1
88441,0
35937,0
84129,0
47068,0
108568,1
34556,0
99668,0
119,0
5536,0
125658,1
44597,0
123584,1
9925,0
89510,0
29116,0
10285,0
10775,0
75293,0
11458,0
13324,0
66245,0
39085,0
30099,0
65415,0
90078,0
54258,0
76868,0
19520,1
94249,0
93051,0
90116,0
59308,0
123900,1
32012,0
127945,0
132193,0
61076,0
136745,0
108700,0
13043,0
138665,0
61541,0
66198,1
129826,0
61056,1
42991,0
80161,1
28344,0
27905,0
73359,0
104021,1
95612,0
113001,0
31250,0
81263,1
6236,0
58568,0
20936,1
10480,0
60044,0
57401,0
751,0
116633,0
22764,0
119178,0
125329,0
5339,0
24535,1
73145,0
136830,0
111371,0
18256,0
57764,0
129117,0
17386,0
1817,0
25463,0
10028,0
102482,0
54826,0
81790,0
42550,0
89567,0
88709,0
44423,0
76469,1
59866,0
28358,1
129311,0
25933,0
89069,0
80074,0
6124,0
78711,1
50554,1
124179,0
105399,0
136836,0
108256,0
134975,0
102851,0
3506,1
99873,0
81020,0
131934,0
13774,0
30410,0
100143,0
803,0
19198,0
127105,0
110109,0
110893,0
78750,0
72773,1
137266,0
70510,0
99661,1
45420,0
136090,0
1490,0
13979,0
130248,0
139716,0
107227,0
129410,0
5663,0
92022,0
83856,0
42107,0
105219,0
77122,0
87261,0
27703,1
112291,0
44811,0
118387,0
79241,0
65183,0
47461,0
136414,0
111132,0
80842,0
97165,0
4158,0
18825,0
115766,0
29378,0
76766,0
102170,0
35838,0
68894,0
120655,0
121646,0
24645,0
65487,0
101709,1
131138,0
101406,0
27596,0
139422,0
5605,0
28148,0
48757,0
49469,0
67137,0
108331,0
49759,0
131576,0
89411,1
124065,0
103365,0
24855,0
6241,0
27543,0
94471,1
2749,0
79294,0
125326,0
73944,0
29526,0
109352,0
68707,0
60448,0
37836,1
91339,0
103186,1
104697,0
50786,0
1231,0
73931,0
44137,0
20350,0
39864,0
74956,1
94798,0
64187,0
140437,0
62770,0
2264,1
17348,1
51123,1
39645,0
100449,1
126323,1
17006,1
77771,0
122125,0
17910,1
18678,1
135628,0
95055,0
96204,0
138181,0
108573,0
119439,0
9913,1
138071,1
33371,0
88852,0
119950,0
12921,0
18528,1
58328,0
1586,1
65773,0
58227,1
84736,0
62408,0
17943,0
98647,0
119608,0
140602,0
92151,0
2505,1
56879,0
77748,0
47818,0
26581,1
102739,0
92708,0
126461,0
75153,0
90582,0
81294,1
45217,0
46644,1
12427,1
71051,0
75351,0
109976,0
61395,0
21792,1
91706,0
61874,0
102413,0
97376,0
24788,0
83260,0
111017,1
24139,0
129029,0
139727,1
45661,0
93790,0
83116,0
69529,0
110744,1
83268,0
44613,0
53266,0
11371,0
56305,0
31487,0
2525,0
9579,0
16075,0
42374,0
87567,0
81116,0
90873,1
20401,0
25798,0
1205,0
128685,1
22124,1
44495,0
82902,0
46016,1
16976,0
43138,1
38090,0
24021,0
89299,0
79227,0
4445,0
58584,0
1140,0
132575,0
88616,0
92300,0
119082,0
102775,0
110920,0
5345,0
22996,0
27863,0
132856,0
122760,0
100129,0
28232,1
60500,0
75034,0
93060,1
16724,0
114545,0
82603,0
61432,1
63459,0
98150,0
29383,0
78591,1
121711,0
99428,1
25388,0
18942,0
35259,0
54933,1
57207,0
64915,0
23086,0
37895,0
29483,0
27493,0
49750,0
57294,0
124544,0
4941,0
139426,0
133498,0
103056,0
97567,0
60020,0
14085,0
3699,1
2535,0
39877,0
47598,0
8568,0
107385,0
126443,0
98927,1
116827,0
130282,0
30968,0
13897,0
60613,0
71332,0
124082,0
57166,0
83989,0
133565,0
17571,0
59660,0
115779,0
11113,0
76389,0
131436,0
297,0
17091,0
84034,0
62438,0
17613,0
23534,0
105235,0
110959,0
104295,1
45553,1
61453,0
1548,0
68908,0
102849,0
134631,1
128807,1
65996,0
112923,0
69123,0
7932,0
69571,0
29962,0
65271,0
123191,0
108972,1
123452,0
7801,0
68701,0
79037,0
53553,1
69701,0
107136,1
133030,0
40654,1
44364,1
15595,0
54095,1
15382,0
51810,0
30171,1
51169,1
91145,0
118696,0
134295,0
134297,0
13317,0
119601,0
58533,0
44614,0
4903,0
90200,0
49267,0
28733,0
121088,0
64510,0
71180,0
89055,0
12113,0
93124,0
129392,0
117589,0
2592,0
10104,0
30500,0
123794,0
22806,0
4258,0
65887,0
95514,0
118061,0
46385,0
1832,0
132006,0
117386,1
62630,0
16926,0
58696,0
11022,0
121311,0
108742,0
96141,0
101766,0
9112,0
18559,0
37132,0
126316,0
75315,0
40611,0
98265,0
23151,0
82065,0
44784,0
106592,1
16242,1
102783,0
56519,1
11324,0
137421,1
107848,1
40926,0
90933,0
108089,0
50403,0
93696,0
85890,0
103213,0
139655,0
116863,0
42515,0
63552,0
115868,0
109343,0
100408,1
78249,1
112542,0
35665,0
53723,0
107080,0
22705,0
130344,0
66372,0
67387,0
72342,0
27347,0
70045,1
16681,0
109146,0
38708,1
78948,1
136509,0
130239,1
31051,0
62917,0
90241,0
2577,0
75355,0
2268,0
103713,0
27050,0
100873,0
33036,0
102022,0
32940,0
93825,0
94668,0
70537,0
107769,0
64028,0
64976,0
9790,1
55786,0
112264,0
80591,1
20771,1
134536,0
41373,0
91904,0
129486,0
127797,1
139560,0
37508,0
105093,0
111840,0
90714,0
139877,0
64014,1
103952,1
136611,1
111701,0
127425,0
119380,1
92096,0
129275,0
137169,1
104143,0
120934,0
88486,0
49918,0
35025,1
115430,0
97639,0
29195,0
19468,0
77977,1
104066,0
137293,0
103617,0
3243,0
79400,1
54445,0
106495,1
94353,0
118557,0
29619,0
30646,0
114582,0
13900,0
24184,0
64646,0
98003,0
36477,0
45375,1
62948,0
315,0
89764,0
120494,1
55189,0
24826,0
111164,0
103214,0
59412,0
39416,1
18304,0
37971,1
114546,0
63818,0
41729,0
117859,1
12601,1
60514,0
125782,0
112371,0
80849,0
129542,0
101581,0
4699,0
139928,0
19585,0
9948,0
23911,0
113635,0
7311,0
9748,0
103151,0
36500,1
112325,0
41413,0
67340,0
69193,0
31508,0
82548,1
122728,0
106676,0
33530,0
63232,0
36149,0
111486,0
21118,0
56770,0
47669,1
42234,0
119884,1
60601,0
85727,0
96303,0
118408,1
125937,1
69205,0
43748,0
6137,0
33322,1
16409,0
40244,0
5085,0
53711,0
63716,1
37937,0
23742,0
87454,0
19909,0
93737,0
25106,0
132695,0
67049,0
235,1
130143,0
24991,0
27465,0
24025,1
79157,0
96078,1
70424,0
136759,0
136001,0
65706,0
7862,0
118660,0
100343,0
14552,0
49970,0
135469,1
66248,0
122524,0
94101,0
79728,0
71415,0
129490,1
29407,0
62083,0
40871,1
36310,1
103314,1
36036,0
112479,0
10835,0
91401,0
34354,1
52517,0
41567,1
12954,1
79688,1
4343,1
10012,0
41614,0
44294,0
79536,0
66922,0
117586,0
34115,0
35080,0
136035,0
132712,1
49825,0
10576,1
74151,0
76649,0
32424,0
89491,0
83854,0
45473,0
83308,0
82305,1
69809,0
127921,1
134981,1
28824,0
93862,1
112154,0
49416,0
87122,0
41877,0
5320,0
22853,0
10026,0
131389,0
128292,0
3418,0
50887,0
84912,0
22255,0
121139,1
11774,0
14361,0
32290,0
5567,0
21900,0
92864,0
29960,0
105731,1
27088,0
104841,0
11669,1
58022,0
101293,0
40920,0
92863,0
108485,1
135879,0
114460,1
23812,0
104878,1
38649,0
15891,0
41340,1
135831,0
34750,1
9422,0
110129,1
63061,0
24928,0
79070,0
26096,0
115823,0
52909,0
46696,1
68297,0
96102,0
15807,1
56432,0
137465,0
102679,0
49783,0
21069,0
57545,0
123755,0
52918,0
95429,0
138912,0
25322,0
41638,0
59649,0
9659,1
76381,0
130664,0
6017,0
5793,0
5124,0
104665,0
45776,0
113004,0
14412,1
31954,1
6674,0
131780,0
91722,0
3736,0
140659,0
71027,0
122032,0
25313,0
86860,1
63182,0
75818,1
48897,0
133103,0
32945,0
11068,0
18674,0
128714,0
43756,1
20447,0
74618,0
38210,0
97246,1
122740,0
111557,1
43357,1
55669,0
17343,0
51045,0
44601,0
40884,0
72481,0
82804,0
95831,0
81468,0
68244,0
67416,0
62587,0
110602,0
116313,0
7659,0
138291,0
82264,0
118141,0
135151,0
99363,1
28049,0
11686,0
137541,0
89311,0
69945,0
15183,0
125541,1
41462,0
128024,0
48608,0
81210,0
93475,0
65082,0
38919,0
65797,0
1439,1
108858,0
45833,0
78699,0
3081,0
91321,1
108300,1
12621,0
93461,0
140579,0
2771,0
140067,0
68214,0
99153,0
50509,1
97100,0
34369,1
2531,0
107835,0
32067,0
139491,0
124892,0
103939,1
83249,0
123521,1
105790,0
98818,0
24171,0
43354,0
115925,0
23982,1
18088,0
132741,1
70144,0
31302,0
27941,0
72372,0
128702,0
78533,0
135264,0
27539,0
24475,1
82357,0
111038,0
90524,0
133297,0
71584,0
9233,1
113067,0
24690,0
125497,0
119589,0
86603,0
129754,0
43273,0
33710,0
131958,0
48633,1
99274,0
32031,0
121653,1
50989,0
53573,0
114335,0
12571,0
129425,0
7755,0
83708,0
116107,0
113742,1
62529,0
13341,0
62059,1
138607,0
112443,0
26122,0
78324,0
17338,0
47182,0
109863,1
18097,1
90346,0
34022,0
76669,0
55716,0
2855,0
4256,0
40369,0
135727,0
118334,0
123287,0
91019,0
81344,0
103605,0
93491,0
46954,0
117564,0
7225,0
135082,0
39325,0
39343,0
11154,0
65702,0
123070,1
93809,0
129142,0
35376,0
80010,0
138566,0
128775,0
86181,0
37552,0
79104,1
318,0
101861,0
135330,0
77222,0
22295,0
91438,0
89406,0
117124,0
139580,0
66501,0
62519,0
108005,1
123054,0
134515,0
87150,0
90120,0
113663,0
97092,0
41807,1
124982,0
45500,0
92175,0
56374,0
78764,0
129672,0
48045,0
85133,0
98287,0
52492,0
69316,0
75724,0
117488,0
83237,0
124385,0
38860,0
75842,0
22128,0
96085,0
94396,1
126828,0
122449,0
72171,0
85684,0
25722,1
97753,0
118624,0
19870,0
58439,0
126199,0
43726,0
48925,0
82850,0
3526,0
136316,0
125321,0
75912,0
114399,0
11536,0
122928,1
105786,0
1424,0
43673,0
23215,0
111991,0
137436,0
90592,1
130292,0
140394,0
54336,0
86338,0
17898,0
21313,0
112029,0
72855,0
54415,0
103531,0
72327,0
32962,1
56857,0
91787,0
122224,0
134789,0
47592,0
16511,0
63228,0
132733,1
47471,1
101989,0
14188,0
28424,0
102266,0
86632,1
92533,1
23206,0
126660,0
81333,0
112166,0
28639,0
70565,0
49458,0
38915,0
122461,0
127368,0
126976,0
118198,1
17408,0
12724,0
8532,0
29334,0
130184,0
122717,0
70435,0
26336,0
42527,0
62340,0
40721,0
95736,0
75673,0
7454,0
64819,1
2632,0
44305,1
113165,1
7548,0
71049,0
91119,0
66850,0
96664,0
100580,0
33429,0
100486,0
1516,0
118027,0
123321,0
30861,1
117885,1
34003,0
127684,0
43122,0
62480,0
119510,0
67836,0
36014,0
32260,0
132597,0
3093,0
53589,0
128158,0
28106,0
6658,0
26872,0
2615,0
3739,0
68220,1
75019,0
112427,0
94979,0
20574,0
108939,0
130476,0
139123,1
78408,0
72078,0
118752,1
37957,0
125301,0
26631,0
35205,0
125906,0
25834,1
23034,0
14277,1
69275,0
45408,0
12165,0
128222,0
2793,0
310,0
28271,0
62598,0
74394,1
52503,0
50392,0
24653,0
114931,1
46239,0
7196,0
94061,1
40170,0
102993,0
59868,0
50890,0
139273,0
46673,0
93919,0
112788,0
109657,0
63551,0
100412,0
71258,0
128423,0
119185,0
70033,0
132297,0
17288,0
65916,0
69453,0
79962,0
25984,0
75983,0
44310,1
139898,1
67755,0
86625,0
2001,0
20327,0
3894,0
43191,0
68449,0
100205,1
53200,0
68350,0
34909,1
109444,0
89755,0
69680,0
132954,0
86417,0
49966,0
111979,0
12603,0
41087,0
2916,0
61470,0
30528,0
63347,0
89657,0
104230,0
9438,1
4616,0
108100,0
15509,1
90057,0
112698,0
108530,0
84955,0
6129,0
129057,1
6630,0
98872,1
43623,0
99459,1
22328,0
64229,0
3853,0
111244,0
5761,0
113746,0
63170,1
130322,0
34616,0
107311,0
59775,0
93407,1
131530,0
49640,0
8124,1
49472,0
66328,1
1585,0
10619,1
46958,0
2886,1
61269,0
69771,1
4437,1
45632,0
40288,0
107474,0
54578,0
77604,0
10406,0
14383,0
31062,0
22997,0
124074,0
98458,0
138051,0
43245,0
51880,0
61189,0
115573,0
88084,0
81284,1
124480,0
60985,0
11788,0
36858,0
37991,1
129015,0
9699,1
81182,0
124045,0
64213,1
99814,1
13397,0
128725,0
45808,1
33720,0
29347,0
102385,0
125312,0
48969,0
64853,0
8298,0
41671,0
12516,1
63124,0
61164,1
55130,0
98118,1
32403,0
126846,1
98102,0
87034,1
68283,0
35767,0
30227,1
110303,1
88788,1
81512,0
140546,0
128065,0
119450,0
14661,0
17994,0
23625,0
2005,0
66030,0
91427,1
73063,0
46203,0
138373,0
46906,1
78474,0
56813,0
66677,0
25538,0
24859,0
13918,1
60230,0
130489,0
28217,0
97446,0
58578,0
121300,0
136727,0
60089,1
130247,0
61421,0
45651,0
90950,1
114587,1
75914,0
14471,0
75773,0
32446,0
49610,1
47370,0
85077,0
88629,0
19484,0
91378,0
138443,1
21846,0
84671,1
11857,0
59950,0
116041,0
123654,0
115707,1
127039,0
12195,0
31405,0
44389,0
70815,0
68820,0
45884,0
19139,0
44514,0
127661,1
135943,0
40972,0
122144,0
40376,1
58245,0
140639,0
29267,0
53401,1
77397,0
90413,0
113217,0
37433,0
119872,0
7162,0
41947,0
123390,0
108233,1
68687,0
94860,0
33329,0
11881,1
28076,0
74252,0
14570,0
29730,1
71202,0
41799,0
110666,0
134735,0
115732,0
33266,1
84103,0
20046,0
88209,0
63808,0
68637,0
70687,0
16515,0
11744,0
138588,0
89076,0
32582,0
128512,0
40860,1
84122,0
48720,0
8886,0
104777,0
737,1
8120,0
52849,0
4960,0
94049,1
2487,0
58891,0
26675,0
102925,1
3765,0
43535,0
117157,0
139473,0
74444,0
89315,0
46120,1
18066,0
39826,0
60662,0
66773,0
114423,1
123652,0
3989,0
135512,0
37157,0
32339,0
54372,0
95577,1
76380,0
10456,0
87238,0
54327,0
19957,0
31708,0
86477,0
87960,0
77573,0
108351,0
50341,0
93988,0
31752,0
22844,0
1442,0
75418,1
12163,0
26515,0
3258,1
70698,0
51091,0
36903,0
61892,0
23627,1
79833,0
108416,1
34739,1
92713,0
17709,0
11297,1
31993,1
42349,0
52485,0
66218,0
108131,0
63653,1
88656,1
92651,0
129884,1
127598,0
126215,0
104988,1
125982,0
50305,0
85190,1
14912,0
361,0
17361,0
8194,0
11171,0
137225,0
138347,0
20751,0
91202,0
69743,0
61431,0
5294,0
132973,0
61730,0
24147,0
5123,0
41677,0
118225,0
60946,0
68960,0
6449,0
65777,0
68801,0
131448,1
123409,0
94122,0
45501,1
104387,0
86572,0
99597,0
22420,0
139800,0
124848,0
119392,0
66100,0
109588,0
60178,0
100108,1
10029,0
36169,0
93967,0
61540,1
106389,0
139494,0
119606,0
41946,0
51790,1
114630,0
55362,0
43588,1
47872,0
68591,1
123077,1
116593,0
92638,0
193,1
28644,0
72608,0
105956,0
55532,0
56829,0
69048,0
93204,0
80285,0
4741,0
46944,1
92918,0
56272,0
24201,0
91694,0
67583,0
4913,0
136343,0
134603,0
10881,0
81350,0
112211,0
88273,0
57265,0
134819,0
24324,0
36430,0
50958,0
46812,0
63745,0
7226,0
18138,0
98349,0
108519,0
14466,0
104273,1
59926,0
70535,0
6350,0
12824,0
10243,1
125276,1
80362,0
114680,0
70758,0
113247,1
134312,0
63351,0
91942,0
28446,1
103294,0
53435,0
122422,0
44123,1
58989,1
65648,0
130641,0
106546,0
92694,0
19440,0
18981,0
108054,0
115400,0
111530,1
111157,0
25436,1
35526,0
47637,1
23848,0
98033,0
77990,1
128676,0
52278,0
90990,0
49351,0
12442,0
24074,1
97855,0
20248,1
137505,0
113166,0
4051,0
594,0
101628,0
53983,0
86146,0
82268,0
107156,0
29465,1
51730,0
17262,0
31223,1
73701,0
45649,0
122024,1
133658,0
33999,0
19815,0
92236,0
116418,0
127665,0
15495,0
138279,0
138717,0
95086,0
51460,1
34434,0
92432,0
74837,0
34009,0
104515,0
25552,0
97657,0
75398,0
73775,1
60207,0
101421,1
5229,1
2241,0
35420,1
32117,0
78959,1
13129,0
51950,1
33526,1
32726,0
37184,0
27615,0
15039,0
34476,0
80734,1
123281,0
30128,1
139215,0
42965,1
97226,0
48403,0
725,0
54941,0
32400,1
104514,0
1549,0
113218,0
71187,0
66533,0
85837,0
64780,0
60510,0
13018,1
132944,0
45307,1
99444,0
64557,1
86595,0
105217,0
25576,1
58592,1
4533,0
124011,0
83826,0
10037,0
135455,0
10401,0
113154,0
46283,0
110068,1
30079,0
23594,1
97825,0
111744,0
23321,0
117109,1
114145,0
64429,0
103191,0
109606,0
133612,0
56333,0
16870,0
15397,0
15976,0
136728,1
126696,1
96744,0
66250,0
83273,0
25652,0
45986,0
67815,1
100590,0
100302,0
33039,0
110724,0
71783,0
6730,0
63734,0
111282,0
109018,0
113251,0
79089,0
100919,1
9265,0
52048,0
137531,0
66408,0
59204,0
133855,0
110529,0
128655,0
18502,1
112337,0
94876,0
965,0
10911,0
59686,0
20708,0
122549,1
57879,1
136940,1
5725,0
74602,1
14971,1
24989,0
76224,1
79307,0
117199,0
122813,0
10418,0
89644,0
135745,0
52402,0
106992,0
96921,0
105628,0
92054,0
77236,0
1282,0
521,0
56704,0
96375,0
43106,0
133243,0
70413,0
73655,1
125483,1
42072,1
139218,0
136907,0
35757,0
23369,0
68175,0
77442,1
93502,0
36490,1
133714,0
73899,0
16523,0
66618,0
110163,1
129255,0
9278,0
105414,0
76686,0
21065,0
117366,0
74411,0
128558,0
24798,0
10724,0
135239,0
88944,1
29155,0
62934,0
40404,0
19814,0
129011,1
78669,1
24909,0
77934,0
83452,1
11310,1
11277,0
95295,0
131167,0
33232,0
70224,0
103022,1
59463,0
44117,0
37886,0
111806,0
61358,0
11308,0
134972,0
124948,1
78292,0
126643,1
75182,0
82186,0
107574,0
83178,1
66036,0
98935,1
26568,0
78177,0
138731,0
94730,0
24860,0
17366,1
130407,0
96261,0
28087,0
120768,0
109921,0
63677,1
99250,0
85764,0
131360,1
83425,1
18104,0
12151,0
127203,1
33150,1
101914,0
39133,0
67275,0
40743,0
50178,0
71381,1
48324,0
85683,0
70944,0
118009,1
39806,0
91770,0
8844,1
101027,1
134689,0
52244,1
94079,1
1134,1
6954,0
92792,0
129218,0
4944,0
111717,0
53606,0
44762,1
52451,0
2297,0
140295,0
118959,0
5324,0
61471,1
88749,0
50477,0
111978,0
126127,0
24621,0
1220,0
20554,0
12821,1
65249,0
7125,0
32138,0
115108,0
69714,0
7782,1
80316,1
23306,0
125625,1
78773,1
80268,1
64736,0
46348,0
120778,0
39676,0
118489,1
35861,0
81262,0
18514,0
23027,0
85985,0
133917,1
12664,1
7523,0
13959,0
43192,0
19274,0
137932,0
16964,0
76130,1
68120,0
98142,1
82352,0
14002,0
41558,0
126874,0
17402,0
99538,0
89146,0
75916,0
39867,0
85032,0
134914,0
66868,0
47751,1
34017,0
119422,0
84361,0
59361,0
85231,0
138273,0
12971,0
112420,0
82820,0
91340,0
25422,0
62854,0
115639,0
101284,0
119366,0
38072,0
111870,0
10241,0
84607,1
18817,0
73549,0
110094,0
39405,0
120510,0
81328,0
5236,0
92828,1
60375,0
109991,0
79329,0
126489,0
88454,0
21383,0
86140,0
51939,0
119809,0
41237,0
135873,0
71621,0
102447,0
112263,0
91180,0
37361,0
86650,0
57250,1
17746,0
44802,0
135379,0
116902,0
63397,1
122497,0
57563,0
93708,0
66000,0
114294,0
138004,0
136108,0
107967,1
27925,0
106291,0
86433,0
86844,0
113681,0
108475,0
51724,0
127980,0
11699,0
131163,1
40178,0
4937,0
9725,0
89040,0
21845,0
35749,0
129068,0
29702,0
4458,0
123765,0
96729,0
18999,1
43244,0
27460,1
25690,0
52092,0
5679,0
86989,0
116972,0
29624,0
136341,1
6159,0
64810,0
33886,0
113258,1
139419,0
86921,0
107931,1
91625,1
45706,0
29973,0
98249,1
59440,0
63629,0
47338,0
117103,0
78973,0
22942,0
100406,0
76655,0
125431,1
72442,0
27709,0
6799,0
51055,0
793,1
134649,1
68505,0
85477,0
139368,1
58790,0
76444,0
89157,0
54468,0
7945,0
128791,0
42162,0
35397,0
64208,0
126721,0
62030,0
44214,0
122919,0
124804,1
56154,1
70946,0
115467,0
20830,0
93986,0
96005,0
63331,0
50071,0
24391,0
122189,0
70518,1
116434,0
73594,1
79683,0
58520,0
91481,0
117338,0
116413,0
39482,0
13366,0
116291,0
84524,1
128332,0
67662,0
100877,0
133097,0
65384,0
45114,0
111626,0
17552,0
100819,0
132692,1
99893,0
87377,0
48792,1
121343,1
34474,0
103555,0
98337,0
12338,1
126224,1
29005,1
109112,0
14727,0
10582,0
78693,0
137578,0
137026,1
113825,0
117854,0
124139,0
31628,1
129536,0
46725,0
37635,0
80638,0
60752,0
26954,0
53679,0
24002,0
68399,0
130460,0
83486,1
131864,0
9532,0
75668,0
33015,0
73471,0
124792,0
35704,0
64021,0
13618,0
3727,1
52352,0
71368,1
65019,0
93303,0
58953,0
106322,0
73156,1
31576,0
122723,0
135917,0
22898,0
25590,0
106763,0
121883,0
24715,0
99825,0
105002,0
78663,0
34035,0
64758,0
122642,0
78282,0
77142,0
80717,0
121517,1
112939,0
17607,0
218,0
61274,0
126345,0
77299,0
31451,0
25882,0
51284,0
1527,0
22211,0
32095,0
30642,0
92612,0
132352,0
102419,0
127614,1
114702,0
47441,0
87145,0
12228,0
46585,0
27442,0
117438,0
120749,1
2252,0
75505,1
97357,0
52016,0
119904,1
6740,1
60466,1
5333,1
17641,0
33704,0
140530,1
23493,0
104475,0
50025,0
39031,0
118500,0
51409,0
138822,0
105122,1
19711,0
24029,0
136434,0
115244,0
29417,0
136798,0
109819,1
110689,0
26133,0
2580,0
104956,0
130653,0
109838,0
72140,0
85898,0
71910,0
105135,1
91374,1
930,0
21138,1
113865,1
130183,0
85619,0
10767,1
6915,0
53464,0
72573,0
99833,0
34744,0
84179,0
107946,0
12688,0
98956,0
82501,0
124421,0
39046,0
43047,0
19136,1
40026,1
128765,0
72606,0
98957,1
47980,0
113383,0
30411,0
3644,0
53341,0
3346,0
132865,0
69996,1
81569,0
41996,0
68916,0
9230,0
64606,0
68685,0
61605,0
18578,0
75815,0
34615,1
81429,0
51665,0
87153,0
83274,0
49613,0
52798,1
133280,0
68457,0
45072,1
82060,0
138668,0
91775,0
32102,0
30425,0
41478,0
31865,0
90791,0
60266,0
103444,0
53645,1
109583,0
99556,1
129937,0
62341,1
58523,0
94440,0
92219,0
67522,0
124899,0
37761,0
1551,0
140214,0
57204,0
98753,1
5684,0
87340,0
16138,0
74848,0
69962,0
8079,0
63968,0
1610,0
92657,0
138426,0
49878,1
128799,1
46391,0
71813,1
134542,0
30295,0
136445,1
131882,0
28081,0
132497,1
96668,1
43825,0
15149,1
137204,0
66243,0
100564,0
61993,0
89212,0
115544,0
124793,0
112404,0
99116,0
76048,0
66274,0
62263,0
51327,0
23456,0
137472,0
126,0
71814,1
94216,0
29677,0
78521,0
18372,0
10913,0
126067,0
78719,0
16882,0
32870,0
110244,0
134794,0
61082,0
106826,0
59249,0
89511,1
77733,0
20097,1
52364,0
78056,0
79821,0
86735,0
12082,0
85447,0
102198,0
18851,0
132241,0
109002,0
47865,0
70299,0
14685,0
86004,0
85772,0
43529,0
92469,0
87524,0
102076,0
135243,1
104038,0
31161,0
83862,0
42710,1
139219,1
3197,0
18365,0
100721,0
108202,0
104901,1
22257,0
349,1
105275,0
94027,1
14167,0
98175,0
106256,0
42874,1
23914,1
128741,0
21571,0
36385,0
15726,1
107749,0
48833,0
23338,0
43139,0
51190,0
34047,0
46997,0
135154,1
51264,1
24332,0
28100,0
132822,0
20906,0
117826,0
10697,1
70478,0
84199,0
65491,0
35204,0
30029,1
55269,0
59634,0
70900,0
67117,0
37408,0
122800,0
529,1
102769,0
1562,0
75135,1
137984,0
25739,0
64186,0
61139,0
65819,0
1410,0
133393,0
136942,0
135007,0
129954,0
81408,1
121655,0
106395,0
20878,0
91561,0
92926,0
47952,0
16322,1
50345,0
108906,0
70178,0
35352,0
132587,0
44891,0
136771,0
6247,0
134628,1
47228,0
100500,0
37050,0
83347,0
138678,1
49465,0
52939,0
137801,1
116280,0
129419,0
121172,0
11119,0
23005,0
26335,0
119022,0
93942,0
91828,0
12955,0
28434,1
130593,0
103159,1
15894,0
36613,0
17334,0
89008,0
12702,0
48912,0
135782,0
115621,0
54107,0
79517,0
9944,0
17992,0
83328,0
20775,0
108925,0
3617,1
46066,0
88622,0
31132,0
31176,1
14854,0
56024,0
36697,0
85375,0
100762,0
2575,0
112316,0
27774,0
78015,0
79311,0
37993,0
34078,0
23795,0
57673,0
123509,0
9027,1
127693,1
38391,0
12132,0
12337,0
133249,0
129190,0
108641,0
113445,0
69565,0
32904,0
90402,0
130422,0
72008,1
78458,0
128523,0
46545,1
64902,0
10304,0
67613,0
104862,1
43925,0
8177,0
72700,0
137256,1
89321,0
4983,0
44374,0
104642,0
72460,0
96343,0
114733,0
42648,0
118090,0
127156,1
5863,0
21687,1
61337,1
1370,1
95614,0
128614,0
37293,0
29536,0
115054,0
76549,0
50076,0
27494,1
105550,0
44564,0
100069,0
39587,0
15439,0
130503,1
73669,0
60777,1
27284,0
53129,0
17655,1
127497,0
133964,0
61902,1
15646,1
95244,1
137286,0
89134,0
138460,0
115309,0
65160,0
109670,0
93331,1
17536,0
82256,0
58671,0
93127,0
103327,0
17672,0
49300,0
137014,0
107056,0
56289,1
82921,0
94596,0
106234,0
58649,0
24762,0
49727,0
84693,0
47722,1
131624,0
31518,0
22175,0
81553,0
111252,0
72839,0
11665,0
121020,0
14378,0
78743,0
129967,1
124429,0
78767,0
35844,0
119094,0
20506,0
18544,0
16037,1
130436,0
129611,1
34483,0
50933,0
138785,1
48304,1
67426,0
42864,0
5072,0
100822,0
9766,0
43485,0
80159,0
87083,0
117381,1
3886,0
59275,0
40740,1
138054,1
41776,0
33037,0
63986,0
58090,0
106822,0
51214,0
65373,0
20659,1
139913,0
46143,0
78845,0
60073,0
58691,0
115285,0
125626,0
24309,0
89956,0
77470,0
7391,0
116009,1
29115,0
64500,0
42166,0
123587,0
1156,1
126276,0
45866,0
76304,1
104696,0
49384,0
29533,0
106480,0
3304,1
126758,0
68520,0
96009,0
119665,0
89070,0
57403,1
91449,0
54820,0
112782,0
110484,0
132568,0
43286,0
50778,0
46581,1
91813,0
85690,0
65347,0
112431,1
94897,0
113470,0
122597,0
58297,0
131037,1
32519,0
88210,0
53096,0
30705,1
38337,0
77063,0
45578,0
58655,0
133336,0
55858,0
64986,1
135686,0
38436,0
58979,0
34979,0
124231,0
107028,1
75306,0
70075,0
96419,0
107489,0
112715,0
72828,0
8323,0
52023,0
86128,0
110214,1
63024,0
91435,0
67411,0
70298,0
51179,0
45992,0
139346,0
16282,0
129564,0
59345,0
48821,1
101473,1
5473,1
75247,0
62554,0
66330,0
99110,1
140554,0
113434,1
58567,0
107461,0
119374,1
30060,0
38869,0
124075,0
41901,0
44393,1
97613,0
77610,0
111790,0
140423,0
85687,0
54946,0
136356,0
19304,0
71582,1
25489,0
96054,0
119895,0
89670,0
48569,0
36108,0
40459,0
15101,0
130333,0
122179,0
131453,0
127972,0
42628,0
59333,0
3674,1
103084,1
19417,1
75210,1
20562,0
49872,0
46579,0
35771,0
10536,0
50917,0
132510,0
88116,0
18471,0
106809,0
125582,0
79979,0
9158,1
94887,0
53396,0
95540,0
109605,1
5101,0
109891,0
101483,0
114106,0
16642,0
62924,1
118209,1
86020,1
121159,0
124940,0
99843,0
112432,0
108019,0
125596,0
117905,0
38830,0
47802,0
92607,0
103047,0
86785,1
63883,0
59260,0
54198,1
17583,0
106190,1
103714,0
29224,0
28286,0
115937,1
64953,1
84373,0
3982,0
102911,0
30777,0
7020,0
61122,0
25851,0
128367,0
107397,1
68774,0
57383,0
121497,0
132781,1
107264,0
95841,0
111484,1
17839,0
137187,0
65961,1
78358,0
95548,1
9585,0
115079,1
72116,0
137749,0
66729,0
139553,0
56116,0
111793,0
132574,0
135887,0
121233,0
10040,0
94977,0
132882,0
13567,0
116379,0
59426,0
23210,0
33998,0
77959,0
132614,1
1737,1
58094,0
44890,0
81058,0
117344,1
29698,0
89014,0
24545,0
138107,1
137060,0
14059,0
54194,0
80513,0
99223,0
66545,0
94115,0
58010,0
10157,0
59669,0
16611,0
104816,0
35738,0
43685,0
99181,1
85654,0
79446,0
138079,0
81082,1
135533,0
134105,0
110688,0
67986,0
78986,0
35319,0
44336,1
44035,0
34253,0
88524,0
8314,1
104008,0
113699,0
129813,0
121341,1
139462,0
99173,0
120895,1
139209,1
98000,0
30443,0
80848,0
51517,0
83044,1
10730,0
118110,0
55271,0
132090,0
81200,0
74416,1
8522,0
13919,0
49927,0
50705,0
103147,0
82778,0
8139,0
121684,0
128249,0
39903,0
66495,0
4725,0
102735,1
83973,0
129120,1
140134,0
78792,0
90557,0
127896,0
64629,0
132274,1
5058,0
88569,0
126543,0
97098,0
29223,1
24896,0
50489,0
90858,1
137141,0
27803,0
41178,0
133918,0
40284,0
118364,0
17504,0
137876,0
44883,0
14363,0
9267,0
70419,0
103149,1
140697,0
13495,0
71291,0
108627,0
58291,0
74582,0
36009,0
40147,0
4774,0
34952,0
120935,0
38280,0
32829,1
136514,0
39387,0
77321,0
53799,0
82648,0
107301,0
95388,0
3778,0
124727,1
81736,0
86089,0
129234,0
61435,0
105617,0
134567,0
117918,0
102982,0
62221,0
91619,0
722,0
110210,0
143,0
107061,0
5619,0
33092,0
116701,0
79335,0
87002,0
1700,0
14051,0
102778,0
84162,0
120971,0
51020,0
17793,0
92196,0
61822,0
112989,0
89258,0
3309,0
34275,0
21740,0
62072,1
100002,0
42536,0
63017,0
21362,0
120727,0
110866,0
43464,0
69647,0
44551,0
32542,0
28647,1
101102,0
100433,0
139016,0
80428,0
76815,0
53943,1
66798,0
39872,0
96717,0
23117,0
5396,0
50144,0
48994,0
118401,0
92156,0
88353,0
9962,0
14239,1
42992,0
133117,0
56563,0
83858,0
122739,0
75111,0
122658,0
3505,0
22021,0
116780,0
65026,0
24688,1
70205,1
138859,0
35620,0
31889,0
19607,0
130012,1
34992,0
43174,0
135269,1
64815,0
56818,1
9249,1
118460,0
87362,0
72148,0
65219,0
12714,0
17425,1
106386,0
51898,0
4650,0
46256,0
75851,0
78409,0
23648,0
36969,0
40339,1
19395,0
100130,0
49493,0
107643,0
23658,0
52154,0
14738,1
97939,0
30373,0
39001,1
5964,0
6560,0
48232,0
108737,0
130728,0
20953,0
114320,0
118972,0
10988,1
101277,0
52735,0
135445,0
25965,0
127453,1
24740,0
111118,0
8622,0
41833,0
3689,0
80811,1
10808,0
96656,1
113597,0
88666,0
43987,0
14558,0
97905,0
92878,0
132892,1
138019,0
4919,0
95770,0
54092,1
126163,1
118536,0
64127,0
107462,1
6145,0
127659,1
40397,0
5212,0
26774,0
27033,0
39775,0
43396,0
83783,0
3787,0
42202,0
137517,0
25770,0
47748,0
19987,0
63547,0
94106,0
118080,1
26039,0
6084,1
85118,0
81555,1
86575,0
71664,0
50108,0
47325,0
28205,1
50226,1
84530,1
10842,0
35257,0
102345,0
62498,0
32759,0
6936,1
77833,1
17589,0
31158,0
59992,0
30395,0
111651,1
111460,0
18251,1
88696,0
128044,0
106786,0
35435,1
131845,0
103183,0
16600,0
112704,0
131666,0
104485,1
106910,1
49219,0
128977,1
121588,1
11956,0
63737,0
104093,0
31116,0
7453,0
135916,0
93719,1
84648,1
79934,0
54030,0
5835,0
66113,0
74874,0
136979,0
20162,0
125142,1
55449,1
131456,0
67795,0
69398,1
89505,0
5831,0
116664,1
32236,0
110065,0
121481,0
123226,0
9935,0
53521,0
29568,0
21218,0
81108,0
81368,1
71035,0
104844,0
51222,0
41244,0
43745,0
57935,0
84674,0
97773,0
93170,0
119700,0
107960,0
115378,0
88151,0
4829,0
135421,0
21790,0
1904,0
55223,0
40198,0
12678,0
90672,0
79113,0
19019,0
50411,0
308,0
84205,0
49196,0
140144,0
27636,1
104443,0
24278,0
83810,0
54294,1
98144,0
135074,0
130835,0
96315,0
106807,0
81999,0
137731,0
74577,1
16189,0
71592,0
63443,0
128389,0
98022,1
135273,0
43249,0
70357,0
53733,0
127230,0
25746,0
15028,0
70823,0
68517,0
24108,0
5673,0
63503,0
771,0
140588,0
33679,1
99871,0
49668,0
66595,0
84340,1
83204,0
89058,0
15572,0
90800,1
102538,0
137114,0
79990,0
1305,0
4150,0
23590,1
125909,0
78047,0
94168,0
47560,0
36226,0
31027,0
110712,0
79860,0
55250,0
129890,0
103735,1
27021,0
12288,0
84523,0
36963,1
39338,0
92463,1
50534,0
131824,0
105823,0
85024,0
27655,0
109742,0
58874,1
85718,0
11812,0
139236,0
132332,0
137626,0
129793,0
9611,0
11880,0
24700,0
57146,1
24746,0
121534,0
71832,0
18250,0
34426,0
63795,1
117231,1
16716,0
33421,0
47303,0
116146,0
70670,0
104339,0
65622,0
89499,0
118567,0
12878,0
21815,0
34529,0
68550,0
126058,0
43387,0
20384,0
17808,1
126911,0
54911,0
88162,0
103969,1
13302,0
2235,1
46971,1
106159,0
75323,0
4417,1
132804,0
49183,0
96120,0
47216,0
134462,0
119751,0
97245,1
22262,0
25288,0
77978,0
54787,0
44745,0
25054,0
77545,0
103612,1
105921,1
100959,0
77241,0
121396,0
88320,0
130477,0
113407,0
82443,0
43255,0
93631,0
77974,0
121691,0
30117,0
50047,0
24725,0
83653,0
39972,0
71434,0
65381,0
17551,1
128971,0
59103,1
68965,0
56150,0
126241,0
82917,0
89681,0
78639,1
59513,0
117437,0
82688,0
21093,0
76731,0
19954,0
93422,0
5437,0
90761,0
48495,0
70494,1
12212,1
128221,0
103828,0
104590,0
99590,0
79382,0
86095,1
70486,0
91233,0
21642,0
131603,0
18470,0
70602,0
16968,1
63141,0
113276,0
64908,0
51257,0
107535,1
33395,1
50532,0
100277,0
88901,1
9834,0
137724,1
84845,0
101801,0
125341,0
14565,0
99356,0
16211,1
64074,0
118494,0
97107,0
128981,0
102279,0
50879,0
34725,0
85277,0
38953,0
87199,1
92639,0
38885,0
22171,0
140634,0
115571,0
8920,0
61032,1
32327,0
17742,1
64132,0
136680,0
91456,0
140481,0
21822,0
7516,0
26173,0
116470,0
127623,0
124132,1
41475,0
169,0
58365,0
116927,1
117349,0
7835,1
82414,1
77793,1
20069,0
45994,0
78313,0
28922,0
117317,0
58946,0
116505,0
38937,0
105426,1
32713,0
87281,1
93496,0
23405,0
29787,0
128943,0
4892,0
3985,1
76835,0
55245,1
80915,1
19589,0
99008,0
109317,0
24597,1
89847,0
75992,0
29738,0
51965,1
97546,0
48660,0
138992,0
50789,0
70747,0
28136,0
28885,0
49331,0
11373,0
25469,0
127089,0
106254,0
90434,0
86999,1
47063,0
70203,0
81535,0
6888,1
34065,0
56415,0
41331,0
68562,0
115423,0
105176,0
87554,0
58465,0
120990,0
36296,0
22610,0
97261,0
118571,0
18009,0
88007,0
23803,0
63604,0
56600,0
18722,0
50439,0
78921,0
89483,0
54486,1
111199,0
19132,0
25359,0
28771,0
55967,0
105723,1
7727,1
44379,0
80418,0
110150,0
65693,0
110440,0
114355,0
133232,1
53368,0
81840,0
7360,0
110289,1
85071,0
25262,1
38733,0
25587,0
20072,0
22065,0
4223,0
123256,0
98397,0
46789,0
77991,0
61333,0
13090,0
139632,0
124288,0
2341,0
97547,0
4617,0
27484,0
23890,1
104249,0
136390,0
99578,1
37822,0
73702,0
96275,0
81123,0
49893,0
100437,0
126879,1
1029,1
130397,0
61112,0
99845,0
117515,0
6989,0
126168,1
33795,0
95677,0
43264,0
86889,0
103054,0
13439,0
53259,0
67541,0
81073,0
86599,0
35459,0
33531,0
36890,0
135371,0
92433,0
6823,1
84176,0
98470,1
55785,0
45476,0
72462,0
114287,0
102476,0
67562,0
95288,0
72236,0
28896,1
31795,0
86627,0
27528,1
126392,0
17018,0
48888,0
68137,1
22556,0
23530,0
18221,1
36427,0
42727,0
45519,0
140276,0
55783,0
72345,1
24031,0
105891,0
133256,1
83626,1
557,0
43571,0
18328,0
127245,0
64993,0
11700,0
134601,0
6028,0
28444,0
54805,0
49594,0
39472,1
57650,0
26998,0
55567,0
84862,0
32297,0
28350,0
18784,0
134282,0
133748,0
69799,1
96642,0
59529,0
34649,0
106872,1
110876,0
66344,1
97443,0
96718,0
90657,0
10827,0
120322,0
15447,0
48870,0
80206,1
105597,0
74058,0
76676,1
59824,0
109062,0
73853,0
8863,0
98783,0
115527,0
93322,0
95365,0
90926,1
25749,0
107204,0
109560,0
88965,0
134103,0
113887,0
140204,0
67895,1
135228,0
61428,0
72208,0
54296,0
40,0
73065,0
64174,1
100096,0
107571,0
9835,0
122502,1
63254,0
29292,0
77780,0
466,1
89666,0
129271,0
23768,0
103569,0
81593,0
116601,0
92571,0
107532,0
101864,1
99043,0
34149,0
78757,0
30977,0
108468,0
94303,0
103533,0
120483,0
129919,0
97264,0
41013,1
122145,1
79154,0
2667,0
17156,0
50548,0
51520,0
96349,1
77012,0
105866,0
134664,0
136254,0
102327,0
129065,0
67185,1
45880,0
37863,0
57605,0
115555,0
51218,0
56755,1
4339,0
102714,1
111531,0
26366,0
10876,0
118074,0
135495,0
50064,0
103880,0
105673,0
104030,0
61144,0
79377,0
119515,0
90670,0
57578,0
54157,1
70314,0
125297,0
59693,1
5134,0
108322,0
111060,0
93173,0
1515,1
40498,0
65564,0
23160,0
92595,0
125691,0
106009,1
77071,0
114323,0
102062,1
10038,0
7980,0
113558,0
87381,1
15478,0
39772,1
52593,0
27263,0
34762,0
125656,0
17038,0
125562,1
132912,0
18447,1
98837,0
1939,0
54271,0
120928,0
105234,0
83751,0
8119,0
16883,0
75284,0
411,0
120829,0
17759,0
122294,0
96856,0
94422,0
112209,0
33139,0
97284,1
104856,0
108676,0
103393,0
33670,0
90020,0
132721,0
66102,0
94415,0
90251,0
2123,0
16700,0
7175,0
106688,0
63438,0
69544,1
35031,1
116240,0
30104,0
22208,0
138571,0
101282,0
4363,0
72946,0
12631,0
52327,0
48098,1
101447,0
95815,0
83129,0
125214,0
105195,0
18158,1
121602,0
31665,0
88587,0
86720,0
58430,0
120475,0
114286,0
138792,0
37965,0
70913,1
25020,0
53378,1
6070,1
66583,1
37290,0
61807,1
41052,0
115943,0
46110,0
65639,0
47275,0
115558,0
52832,0
114874,1
17254,0
76078,0
111325,0
140685,0
31000,0
91186,0
104715,0
64102,0
93582,0
132351,0
6344,0
41341,0
2442,0
28483,1
109594,0
18619,1
49590,0
45513,0
92833,0
66900,0
121058,0
91715,0
135215,0
65530,0
22869,0
116695,1
57994,0
100865,0
119197,0
8097,0
11359,0
134319,0
88078,0
10432,0
112352,0
34567,0
92896,0
10592,0
138873,0
28428,0
94755,0
20655,0
59375,0
12930,0
106821,0
97849,0
105070,0
87308,0
111298,0
109870,1
47335,1
107507,0
2692,0
56423,0
99650,1
117828,0
66603,0
138756,0
2062,0
104933,0
31167,1
22829,0
50163,1
131238,1
28691,0
92682,0
92468,0
19972,0
119052,0
36701,0
7952,0
18768,0
71397,1
43456,0
101925,0
72200,0
50204,0
132674,0
54147,0
127032,0
123621,0
30544,0
84960,0
96278,1
135126,0
116669,0
37168,0
40643,0
25575,1
91967,0
54433,0
40554,0
10369,0
93030,1
119429,0
86749,1
79185,1
43746,0
6634,0
134455,0
39153,0
44358,0
71241,0
1401,0
76607,0
93995,0
114839,0
79704,0
69719,0
83376,0
50002,0
31470,0
101161,0
76176,0
137640,0
113992,0
49910,0
103838,1
91736,0
101143,0
129235,0
10984,0
67867,1
101854,0
14463,0
121701,0
96652,0
7449,0
79515,0
76393,0
35755,0
68095,0
42699,0
13331,0
120264,0
45773,1
122986,0
107869,0
135940,0
81864,0
12312,0
60237,0
72272,0
87360,0
106129,1
59637,0
60445,0
8835,0
71880,0
77895,0
114730,0
33634,0
57767,1
51824,0
82214,1
51947,0
32991,0
82489,0
131450,0
118541,0
95879,0
11773,0
17508,0
54779,0
78172,1
18731,1
83474,0
54896,0
72399,0
100117,0
70953,1
107906,0
92546,0
96468,0
116294,0
83216,1
98861,1
51743,1
47587,0
50748,0
83679,0
82323,0
674,0
74298,0
110140,0
43674,0
5688,0
126225,1
88771,0
30361,1
20714,0
87284,1
9221,1
75935,0
96108,0
34900,0
40424,0
94748,0
122678,1
24679,0
43109,1
26668,0
21429,0
114227,1
3523,0
49028,1
109828,1
85537,0
63308,0
42372,0
130763,0
139092,0
135073,0
71305,1
20715,0
122589,0
123539,0
74873,0
116815,0
35062,0
45799,0
49237,0
138184,1
49035,0
118804,0
41263,0
13799,1
101948,0
126374,0
77645,0
71130,0
25190,0
70776,1
93259,1
33411,1
105848,1
23923,0
125653,0
6180,0
27979,0
58897,0
62497,0
9303,0
49389,0
100225,0
115526,1
35058,0
1349,0
47288,1
67446,0
59079,0
49511,1
138263,0
42020,0
130808,0
85136,1
59594,0
106799,1
100190,0
83853,0
20852,1
13325,1
108968,1
2794,0
81160,0
76100,0
49492,0
48716,0
130636,0
38466,1
33286,0
38199,0
87801,0
116912,1
86550,0
60960,0
4911,0
118060,0
135698,0
45898,1
84695,0
127068,0
56503,0
78390,0
41554,0
101866,1
57544,1
12833,0
114178,0
73586,1
5959,0
27715,0
85677,0
77767,0
52131,0
75304,0
19204,1
125665,0
87678,0
106996,0
74447,0
123349,0
97180,0
92127,0
48459,0
27565,0
58047,0
2810,0
63781,1
85635,0
110711,0
107254,1
10710,0
72415,0
124202,1
90256,0
48727,1
27808,0
126279,0
136782,0
17177,0
103010,1
18787,0
128732,0
80722,1
39832,0
46267,0
93101,1
74542,0
57910,0
68571,1
112409,0
132490,1
128844,0
51282,0
82847,0
65370,0
42261,0
102123,0
14224,0
36939,1
87386,1
53612,0
60213,0
564,0
116738,0
54166,0
8144,0
100670,0
70809,0
49793,0
43918,0
89772,0
27434,0
19609,0
50699,0
14763,0
74062,0
137402,0
132409,0
127619,0
2030,1
39835,0
80620,0
72702,0
100540,0
23564,0
708,1
37984,0
68828,0
1829,0
139266,1
86703,1
133485,0
76347,1
79682,1
138879,0
52846,0
70142,1
34920,0
131268,1
24089,0
100908,1
95101,0
111075,0
40071,1
106709,1
66099,0
107711,0
72145,0
139783,0
57525,1
119167,0
65281,0
89082,0
119113,0
114081,0
24424,0
86560,1
36793,0
63156,0
48731,1
120858,0
55457,0
24384,1
48310,0
125015,1
56716,1
55823,0
3718,0
110371,1
39034,0
119390,0
87615,0
121395,0
24511,0
68206,1
21873,0
73567,0
81502,0
8141,1
64903,0
21426,0
68279,1
24437,0
59116,0
133542,0
60893,1
92604,0
129464,1
131499,1
127078,1
45060,1
31713,1
52684,0
61338,0
2750,0
104985,0
15540,0
97035,0
45309,1
130786,0
116216,0
134017,0
35962,0
8925,0
135577,0
71091,1
61581,0
127163,0
117175,0
120623,1
38990,0
108338,0
58108,0
92942,0
113995,0
81695,0
39669,0
122973,0
73660,0
25009,0
75888,0
93297,0
6494,0
118854,0
68991,0
64830,0
135835,0
5193,0
132448,0
35167,1
97903,1
15017,1
96090,0
137777,0
140255,0
44645,0
58379,0
116129,0
74675,0
102081,0
2710,1
111695,0
17738,0
133051,0
79687,0
97322,0
16413,0
12188,0
67701,0
56843,0
131876,0
59056,0
770,0
55212,0
28525,0
92761,0
65882,0
84337,0
16911,0
90927,0
14365,0
94779,0
36977,0
107907,0
60109,0
28610,1
115579,0
59851,0
91945,0
77211,0
135811,1
66979,0
114278,0
8411,1
59422,0
84959,0
24020,1
49065,0
36116,0
27701,0
12885,0
122710,0
29567,0
132612,0
1256,0
39909,0
81743,0
88174,1
125049,0
54462,0
59673,0
52483,0
87831,0
66197,0
42274,0
6844,0
99669,0
107035,0
69514,0
73793,0
28253,0
77404,0
106100,0
72772,0
126493,0
112401,1
27457,0
38062,0
68977,0
126511,0
129440,0
86958,0
106738,0
122675,1
135362,1
62031,1
26572,0
111587,0
39461,0
50612,0
37614,0
18862,1
100977,0
116002,0
119019,0
90894,0
84480,0
135770,0
31164,0
38462,0
67774,0
61495,0
129963,0
43900,1
39604,0
130103,0
53622,0
75358,0
82679,1
91808,0
9204,0
99979,0
119829,1
131585,1
49770,1
133755,1
18296,0
65170,0
128179,0
94549,1
27697,0
14118,0
115393,0
129393,0
109088,0
4413,1
90581,0
76052,0
123186,1
100411,0
91504,0
13894,0
52447,0
59792,0
49661,0
106224,1
56050,0
136053,0
19055,0
6875,1
54798,0
14462,0
81469,0
77541,0
114027,0
67669,0
35363,0
49081,0
5348,0
139392,0
103006,0
23669,0
29994,0
58625,0
55784,0
61644,0
39403,0
67517,0
24887,0
53713,0
81800,0
75203,0
64061,0
90214,0
39962,1
82013,1
139816,0
123373,0
43724,0
129509,0
137887,0
34834,0
124027,0
139261,0
29548,0
75359,0
107587,0
16057,0
11991,0
23642,0
67943,0
3667,0
48568,1
120782,0
22347,0
72592,0
14204,0
123759,1
8559,0
32602,0
57621,0
51549,0
65850,0
113204,0
77344,0
125885,0
87426,0
108978,0
124710,0
105082,0
47899,0
53912,1
21811,0
102880,1
33996,0
120294,0
16278,0
33148,0
127560,0
105696,0
45859,0
134877,0
54936,0
95538,0
100836,0
16916,0
42863,0
128138,0
132866,0
44296,0
125003,1
78587,1
119903,0
61304,0
37630,0
36604,0
96508,0
96939,0
84639,0
11007,1
138533,0
23967,0
70552,0
27098,0
134755,0
135790,0
114077,0
133206,0
4268,0
111065,0
65236,0
53438,0
115086,1
121161,0
53055,0
137168,0
86450,1
28459,0
14600,0
78445,1
73016,1
75296,0
52087,0
72381,0
11934,0
131173,0
35607,0
38055,0
99718,0
117234,0
54640,0
63659,0
138968,0
31375,0
42030,1
35678,1
7700,0
13642,0
92743,0
45506,0
102626,0
1690,0
24188,1
17314,0
91768,1
139142,1
33982,0
35531,0
88023,0
48101,0
30857,0
6977,0
67181,1
136275,0
58309,0
10863,1
67476,0
105355,0
20301,0
27702,0
8665,1
39139,0
88248,0
47696,0
67479,0
44874,0
20274,0
137166,0
112647,1
33493,0
40150,0
39887,0
20089,0
69989,0
121305,0
115580,0
135608,1
32342,0
136662,0
124621,0
130676,0
2795,1
14226,0
38670,0
83132,0
13205,0
42154,0
94393,0
116540,0
48587,0
36833,0
115615,0
138235,0
127369,0
92419,0
21604,0
19918,0
82431,1
29631,0
47129,1
32567,0
115038,1
52949,0
124338,0
87148,0
53329,0
73705,0
27106,0
28528,0
133380,0
25797,0
118934,0
73483,0
57657,1
74076,1
96006,0
23366,1
30885,0
45883,1
44039,1
131519,0
14133,1
37066,0
133705,0
7292,0
37221,0
11771,0
60218,0
20527,0
115986,1
136297,0
35504,1
3631,0
49127,0
7819,0
121075,0
16578,0
30143,0
127007,0
104677,0
17073,0
120075,0
119441,0
89827,0
43028,0
27158,0
62405,0
132505,0
41607,0
131197,0
17654,0
139940,0
120892,0
67786,0
38142,0
50974,0
47515,0
60250,1
20394,0
11187,0
34623,0
30978,0
28725,0
123630,0
127569,0
54437,0
68382,0
18588,0
72216,1
138430,0
48203,0
56942,0
17903,0
140482,0
105695,0
60961,0
132459,0
106950,0
8497,0
35594,0
92806,0
123508,0
48543,0
133683,0
45459,1
23036,0
25513,0
25080,1
26626,0
57665,0
109927,0
119645,1
48978,0
127704,0
41646,0
100701,0
50619,0
114801,0
13661,0
88233,0
123204,0
23390,0
92128,1
38386,0
88278,0
103189,0
41388,1
83779,0
21540,1
73682,1
134903,0
86684,0
79751,0
17693,0
45027,0
65217,0
118622,0
123073,1
63511,0
63651,0
47778,0
71298,1
37548,0
19213,0
106869,0
133958,0
60707,0
26111,0
11906,0
30665,1
115296,0
123588,1
129796,0
108723,0
49733,0
131533,0
74360,1
133977,0
44624,1
85236,1
38771,0
64454,0
19740,0
24582,1
131509,0
137348,0
47779,0
74396,1
57737,1
58218,0
21785,1
45097,0
3007,0
89930,0
121661,0
11469,0
52727,1
59705,0
104528,0
24441,0
70071,0
84318,0
112689,0
106030,1
87679,0
16624,0
41264,0
7105,0
137660,0
97013,0
31336,0
140143,0
17540,0
20966,0
2089,0
56078,1
101951,0
14138,0
4795,0
14684,0
28971,0
48182,0
91943,0
81144,0
66405,0
130899,1
18284,0
73996,0
62132,0
36007,0
58161,0
37812,0
49355,0
35481,0
963,0
57981,0
63621,0
85761,1
13470,0
60357,0
80457,0
89875,0
137525,0
114771,0
6406,0
63562,0
123193,0
56140,0
54374,1
107634,0
69093,0
130557,0
87441,0
132183,0
55736,0
118025,0
4172,0
101731,0
109516,0
10044,0
114087,0
45829,0
82598,0
35968,0
2956,0
127461,0
40338,0
76876,1
85791,1
20882,0
79396,0
27507,0
72112,0
64551,0
103044,1
69609,0
14969,0
115470,0
106431,0
4521,0
73533,0
136044,1
27420,0
5940,0
3249,0
92144,0
127744,0
118129,1
117449,0
75184,0
71533,0
39337,0
80588,1
125927,0
9517,0
57814,0
59973,1
135249,0
97317,0
59278,0
27022,0
87703,0
15915,0
127833,1
32098,0
44069,0
77612,1
102500,0
47511,0
40528,0
93102,0
19251,0
125057,1
33308,0
55389,0
9179,0
11796,0
18845,0
56909,0
37216,0
137034,0
65814,0
7576,0
119186,1
34086,0
121371,0
77913,0
87307,0
96067,0
27157,0
117665,0
33009,0
126138,0
117600,0
25234,0
66158,1
77072,0
123129,0
69323,1
70297,0
89066,1
62113,0
60262,1
90981,1
70539,0
50652,0
94023,0
120617,0
75713,0
88090,0
64762,0
90516,0
13651,0
127518,0
95104,0
115217,0
66802,1
50867,0
61569,1
86260,0
105398,0
26808,1
118927,0
78705,0
114298,0
68474,0
10277,0
124508,0
71467,0
122171,0
20103,0
8041,0
15098,0
37065,0
95655,0
103146,0
31788,0
93800,1
53965,0
136447,0
750,1
109124,0
42936,1
19845,0
25975,0
120385,0
122547,0
102329,0
89244,0
86133,1
91383,0
113816,0
120878,0
114290,0
88060,0
139195,0
28935,0
56577,0
68131,0
103782,1
59523,0
124563,0
35002,1
43539,0
112223,0
68664,0
27462,0
89516,0
59046,0
42475,0
92335,0
109290,0
118910,0
90883,0
51736,1
133289,1
130662,0
34169,0
82358,0
53459,0
107547,0
93354,0
126054,0
69629,0
13998,1
132486,0
18585,1
31388,0
16127,0
61692,0
122983,0
123802,0
9092,0
195,0
5890,0
25913,1
136906,0
71476,0
38631,0
49577,0
109000,0
46416,0
57827,0
105943,0
85756,0
110138,0
4682,1
97277,1
102395,0
128343,0
66599,1
123484,0
62368,0
93700,0
25215,0
140183,0
91949,0
75675,0
57798,0
133555,0
102251,0
97800,0
122347,0
37040,0
110816,0
117833,1
129670,0
77790,1
81626,0
1366,0
82732,0
570,0
115387,0
34810,1
100401,0
51556,0
118946,0
127888,0
78434,1
92210,0
96672,1
17307,0
125165,0
75977,0
106207,0
11841,0
85211,0
105330,0
41404,1
12740,0
29113,0
109698,0
130163,1
29189,1
76897,0
46350,1
100814,1
37027,0
101615,0
63089,0
107015,0
98989,0
66816,0
74808,0
53889,0
5852,0
61174,1
29442,0
89565,0
85664,0
75165,0
66185,0
140570,0
87548,0
63609,0
32355,0
2817,0
33966,0
6369,0
45697,1
106567,0
108111,1
61485,0
72206,1
12020,1
104824,0
92906,1
116787,0
98884,1
112213,0
70901,0
59413,1
4187,0
131732,1
67657,0
70167,0
99253,0
113741,0
33902,0
116868,0
126952,0
15592,0
84498,0
101612,0
15580,0
80574,0
72127,0
85018,0
65270,0
113236,0
97103,0
75308,0
32413,0
76527,0
85264,1
62873,0
87064,0
1796,0
122956,1
137694,0
75832,0
84155,0
127676,0
33849,0
65067,1
109074,1
42520,0
5501,0
71268,0
121488,0
107096,0
68213,1
66695,0
87976,0
80394,0
123337,0
49342,0
72967,1
14292,0
96363,0
131493,0
39845,0
84574,1
47153,0
68876,1
87316,0
106561,0
118852,0
42336,0
134833,0
44862,0
75566,0
78912,0
80810,1
30664,0
49358,1
15211,1
140461,0
99749,0
137083,0
137975,1
132245,1
129266,0
94266,0
71433,1
77538,0
99996,0
8502,0
124393,0
79730,0
48210,0
75840,0
38593,1
133834,0
97451,0
28902,0
114497,0
64051,0
129770,0
51636,0
137869,1
28836,0
49501,0
114186,0
125661,0
52971,1
84508,0
67899,0
114050,0
6627,0
114494,1
86288,0
92029,0
125362,0
78078,0
48178,0
139894,0
92371,1
123525,0
74362,0
60820,0
48037,0
18499,0
92603,0
23686,1
37396,0
98712,1
26928,0
9813,0
33605,0
117525,0
30331,0
121987,0
37137,0
123942,0
71126,0
107528,0
47975,1
28375,0
93218,0
25141,0
5584,1
32169,0
135381,0
64684,0
88485,0
115356,0
4336,0
87140,0
122064,0
63817,1
117032,0
15158,0
114142,0
127867,0
77018,0
27869,1
130482,0
15562,0
63349,0
80337,0
88124,0
104106,0
36306,0
2622,1
113133,1
33668,0
99152,0
11489,0
25356,1
67553,0
55469,0
82238,1
37310,1
84562,1
99936,0
45831,0
93296,0
86253,0
79403,0
130124,0
89579,0
9126,0
64185,1
127091,0
58591,0
41435,0
4693,0
103249,0
96376,0
126650,1
6225,1
128895,0
19759,0
68656,1
124723,1
125501,0
14894,0
15618,0
110619,0
60304,1
65603,0
69117,0
52150,0
105641,1
116954,0
3792,1
108923,0
84198,0
26816,0
44901,0
45129,0
10128,0
77044,0
107671,0
27556,0
51441,0
22509,0
23283,0
55698,0
21075,0
55748,0
25475,1
117622,1
89590,0
87269,0
114512,0
80045,0
44111,0
48949,0
49987,0
116577,0
105100,0
100099,0
153,1
28202,0
86292,0
62604,0
15476,0
103395,0
87491,0
91593,1
129047,0
58483,0
23678,0
82279,1
44515,0
18057,0
33818,0
26439,0
10075,0
107690,1
138444,0
11333,0
86869,0
2194,0
44845,0
109652,1
73482,1
130675,0
83681,0
27180,0
73511,0
130737,0
7237,0
107004,0
111591,0
4359,0
8531,0
17345,0
69631,0
122348,0
108034,1
30233,0
11402,0
96624,0
126210,0
96934,1
14932,0
85291,0
98361,1
67063,0
44605,1
134547,0
16598,0
57062,0
40970,0
109871,0
23125,0
4444,0
23675,0
68869,0
135023,0
112330,0
56251,0
103797,0
116238,0
7085,1
122440,1
51633,0
117093,1
40380,0
104890,0
44003,0
48277,0
52033,0
28489,1
58864,0
119226,0
83060,0
113538,0
65670,0
26710,0
47535,0
25909,0
34609,0
125183,0
77665,0
73400,0
95996,0
76701,1
94229,0
10334,0
130441,0
79381,0
135338,0
72495,0
859,0
120678,0
79387,0
8586,1
90279,0
50057,0
128297,0
51674,0
66497,0
25091,0
108752,0
29598,0
53660,0
1695,0
29820,0
51476,0
37422,0
99405,0
47545,0
67575,0
45745,0
30209,0
38167,0
15531,0
76472,0
56737,0
97957,0
81143,1
80531,1
26827,1
56672,0
49989,0
129332,0
118102,0
109542,0
48692,0
131673,0
131497,0
129454,0
114153,0
6592,0
81280,0
68976,0
126432,0
79710,0
26770,0
74916,0
134095,0
136153,0
24538,0
45216,1
97189,0
83549,0
84605,0
87900,0
104243,0
5723,0
88992,0
73995,0
101865,0
32863,0
120882,0
69071,0
118821,0
6890,1
135370,0
98077,0
100765,0
29395,0
135679,0
132619,1
108225,0
49885,0
103787,0
18516,0
82416,0
107126,0
122062,0
4010,0
61721,0
73486,0
126366,0
70513,0
120762,0
55809,0
133067,0
19260,1
129790,1
43528,0
49124,1
44804,1
84377,1
116042,0
104740,1
49193,0
71782,0
48329,0
76223,0
85096,1
129634,0
102133,0
20192,1
123570,0
95313,0
26532,0
72004,0
130108,0
124909,0
81176,1
87723,1
19458,0
28260,0
7878,0
37036,0
496,0
133610,0
138232,0
84332,0
106404,1
15577,0
57870,0
114018,0
33110,0
66131,0
94807,0
128827,1
58386,0
44556,0
26108,0
118004,0
27670,0
3780,0
118137,0
83968,0
70969,0
76816,0
101424,0
32199,0
131290,0
87719,0
85175,0
16733,0
44876,0
118039,0
70618,0
118151,0
1964,0
121393,1
125847,0
108663,0
120325,0
89181,0
123416,0
135039,0
116453,0
84760,0
47073,0
133031,0
16170,0
117432,0
69450,0
72823,0
96841,1
108873,0
54511,0
12378,0
18495,0
115176,0
101795,0
28251,0
54768,0
130174,0
54522,0
104363,1
73489,0
29046,0
97106,0
53734,0
31825,0
102027,0
119309,0
139106,0
93635,0
21762,0
12175,1
68284,1
2660,1
130642,0
24022,0
129935,0
75444,0
76235,1
63610,0
100899,0
14849,0
116089,0
129472,0
65948,0
61375,0
34930,0
105456,0
133193,0
134835,0
107763,1
99080,0
138801,0
9120,1
132121,0
52678,0
48158,0
124557,0
80187,1
117112,0
84128,0
2932,0
89936,0
15480,0
33189,0
2147,1
15084,0
75644,0
106713,0
22140,0
108361,0
138508,0
118520,0
99496,0
82009,0
93694,0
9196,1
88050,1
123015,0
71912,1
22735,1
89355,1
127335,1
62567,0
57832,0
36866,0
125388,0
7568,0
106697,0
32778,0
1889,0
35890,0
24476,0
31822,0
28803,0
125552,0
118585,0
19905,0
106921,0
107243,0
81167,0
41846,0
51192,0
114144,0
113074,0
40915,0
107837,0
115600,0
136387,0
81247,0
19410,0
135819,0
82131,0
35546,0
53258,0
85565,0
21471,0
45455,1
67031,0
87887,0
130370,1
16361,0
117601,0
129106,0
124125,0
3788,0
30202,0
35896,0
46862,0
16473,0
11292,0
98808,0
33579,1
23861,0
52209,0
127842,0
72290,0
77274,1
68921,0
41926,0
44061,0
130514,1
30749,0
37139,0
99075,0
124866,0
49050,0
21534,0
45665,0
129133,0
890,0
56547,1
53364,0
132097,0
102451,0
49403,1
137720,0
39368,0
75763,0
58686,0
108063,0
42761,0
71371,0
124511,0
92208,1
98506,1
24344,0
72245,0
122291,0
53690,0
57399,1
88298,0
53485,0
131472,0
15569,0
62657,0
25438,0
45687,0
28649,1
93349,0
101589,0
84444,0
93486,1
86997,0
63269,1
37201,0
98528,1
136664,0
139884,0
11860,0
21411,0
123300,0
87091,1
31449,1
86099,0
79937,0
78389,0
137862,0
25266,0
40830,0
116314,1
58781,0
45241,0
53462,0
28752,1
19280,0
92386,0
12120,0
140330,0
22757,0
66520,0
139730,0
30852,0
29456,0
108801,0
103216,1
73895,1
114631,0
81808,0
125309,0
39077,0
111105,1
51418,0
98762,0
131736,1
26868,0
86715,1
119844,0
59903,0
59494,1
112735,0
89124,0
24841,0
88866,0
124330,0
105144,0
135396,1
95292,0
45028,0
101392,0
4742,0
49894,0
54678,0
74823,1
107993,0
46776,0
80388,0
6759,0
116483,0
72186,0
84763,1
111283,0
101314,1
107754,0
80308,1
120151,0
124258,0
32394,1
56476,1
42830,0
16479,1
41640,0
72798,0
132494,0
53131,1
129389,0
72745,0
29761,0
70255,0
53295,0
40609,0
89620,0
63611,0
105061,0
122333,0
45567,0
112880,0
33619,0
55613,0
112501,0
135696,0
110814,1
74465,0
56346,0
96231,0
88215,0
34645,0
129296,0
1267,0
28557,0
31173,1
62118,0
56839,1
115187,0
15327,0
120705,0
131663,0
40535,0
119863,0
8163,0
12961,1
133598,0
6373,0
54083,0
50783,0
42801,0
118709,0
9564,0
114052,0
80889,0
119509,1
66041,0
2322,1
44879,0
124096,1
105304,0
127358,0
36782,0
32272,1
909,0
110857,1
61756,0
125175,1
65226,0
50533,0
58112,1
138542,1
76776,0
103170,0
29251,0
114864,0
95641,0
56711,1
64935,0
52057,0
68672,0
81049,0
12719,0
107592,0
104686,0
127398,1
116976,0
59785,0
21874,0
68285,0
33669,0
132755,0
115897,0
16932,1
97422,0
94740,1
58201,0
135472,0
131674,0
96995,0
92492,0
25503,0
118220,0
72552,0
128007,0
97595,0
97550,0
29949,1
27178,1
42887,0
74597,0
129902,0
42691,0
47987,0
54927,1
104921,0
4102,0
50470,0
13956,1
127933,0
66924,0
20151,0
92271,1
112180,1
131485,0
61078,0
101830,0
46217,0
59696,1
92954,0
21869,0
118719,0
119051,0
126742,0
108301,0
95675,0
69392,1
102359,0
81282,1
88207,0
83804,0
126514,0
71935,1
51178,0
8332,0
84307,0
58646,0
8695,0
17389,0
97212,0
70623,0
103377,0
3383,0
49083,0
69561,0
91054,0
81788,0
76801,1
7146,0
67225,1
88281,0
139100,0
88065,0
110424,0
18044,0
30534,1
4037,0
9200,0
36730,0
123304,0
115894,0
102983,0
32912,1
41816,0
78700,0
73180,0
5076,0
30412,0
30039,0
54345,0
87968,1
138745,0
76430,0
67882,0
99818,1
138521,0
128963,0
97554,0
47894,1
115748,0
22671,0
49440,0
71195,0
126411,1
56847,1
2348,1
36668,0
9710,1
9491,0
136071,0
139035,0
48162,0
84859,1
112649,0
42397,0
12778,0
61180,0
64246,0
13942,0
77826,0
22635,0
82999,0
106488,1
26076,0
78063,0
105011,0
126364,1
63560,0
97930,1
7940,0
56000,0
16030,0
22835,0
62982,0
18705,1
7627,1
96887,0
118534,0
86406,0
41128,0
11275,0
20469,0
27844,0
128813,0
103305,0
58046,0
88045,0
70545,0
21107,1
33687,0
108713,0
39132,1
14000,0
89444,1
68808,0
26950,0
34076,0
46151,0
23104,0
130324,1
119755,0
65517,0
93609,0
38970,0
10786,1
44087,1
24786,0
7480,0
52119,0
82370,0
86552,0
71481,0
34594,0
101441,0
53656,0
8267,0
47266,0
57178,0
40755,0
4016,1
51114,0
19946,0
32311,0
99431,0
35916,0
35936,0
59324,0
27748,0
72527,0
111687,0
120090,0
82345,0
76708,0
73265,0
61203,1
69260,0
87197,0
21183,0
68040,0
86398,0
19256,1
72493,0
31142,0
137721,0
118418,0
104386,0
37080,0
132039,0
3271,1
115178,0
123898,0
127557,0
137183,1
56269,0
60301,0
132761,0
58451,0
128978,0
12443,0
17337,0
40282,0
43254,1
30288,0
50581,0
86497,0
57943,0
26834,0
42064,0
44334,1
89044,0
132959,1
135999,0
30055,0
66058,0
18839,0
21729,1
73398,0
96205,0
96164,0
132453,0
73665,0
9119,0
105485,1
125953,0
104587,0
36901,0
23229,0
103895,0
71931,0
91441,0
42977,0
115634,1
116242,0
70398,0
39879,0
82966,0
39115,0
94294,0
137488,0
18863,0
20037,0
88704,0
117484,1
65102,0
119387,0
7153,0
25509,0
59461,0
16296,0
17995,0
102510,0
118120,0
81665,0
28463,0
50818,0
93897,0
66097,0
58334,0
3447,0
46987,0
12463,0
17918,0
97288,0
71717,0
26117,0
88504,0
116657,0
88401,1
131311,0
102715,0
13896,0
39282,0
21949,0
70601,1
107677,0
95639,0
130789,0
6339,0
101360,0
100020,0
12134,0
18764,0
75691,0
118348,0
136466,1
40291,0
134748,0
44380,0
88624,0
63186,0
54967,0
110757,0
118533,0
34488,0
33975,1
48379,0
63483,0
99846,0
74410,0
88960,0
7774,0
92453,1
10265,0
45172,0
128638,0
68119,1
102118,0
2111,0
77602,0
129191,0
100153,0
35674,0
38668,0
105883,0
100680,0
55610,0
9747,1
10314,1
5558,0
101206,0
27646,0
93565,0
116765,0
79642,0
76106,0
28717,0
69578,0
137029,0
19041,0
110555,0
120837,0
37758,0
67462,0
19730,0
54319,0
39409,0
56904,1
13015,0
47178,0
59534,0
90441,0
73231,0
105377,0
109362,1
139627,0
73792,0
51250,0
1162,0
115224,0
35445,0
17530,1
64567,1
127004,0
112952,0
133963,0
40530,0
114269,0
79477,0
34797,0
16461,0
98415,0
102877,0
35158,0
9918,0
66222,0
79832,0
61663,0
61134,0
43869,0
95419,0
99012,0
82303,0
45910,0
90210,0
119363,0
87829,1
73317,0
87775,0
93971,0
79562,1
127814,0
22060,0
38201,1
1052,0
72884,1
30458,0
101817,0
73696,0
42508,0
112282,0
54156,1
48729,0
43241,0
17963,0
34595,1
97819,0
121891,1
71918,1
43592,1
137950,0
33444,0
17209,0
59711,1
50882,0
115584,0
124825,1
72247,0
30912,0
126049,0
417,1
92091,0
127125,0
72450,0
79058,0
57575,0
94456,0
119847,0
37429,0
57457,0
34663,0
16288,0
104793,0
113143,0
12596,0
94888,0
43403,0
20740,0
16805,0
113489,0
54683,0
106064,0
137338,0
84677,0
73727,0
116887,0
812,0
49619,1
23107,0
23344,0
48077,0
118390,0
112958,0
46909,0
101873,0
19167,0
46842,0
124864,0
27600,0
122831,0
30014,0
64541,0
100256,0
83372,1
92397,0
136474,1
105981,0
17790,0
67957,0
138894,0
132994,0
97190,0
86508,0
82267,0
84857,1
2189,0
50667,0
76768,0
138920,0
122687,1
99246,0
108291,0
72695,1
104795,0
122298,1
83765,0
106659,1
18539,1
77054,0
112844,1
58438,0
109873,0
44708,0
25832,0
38087,0
138171,0
34212,0
105474,1
39463,0
103392,0
61937,0
46678,0
79178,0
48131,0
43179,0
129243,0
5009,0
88834,1
12957,0
24398,1
140681,0
119815,0
28190,0
96445,0
128816,1
89548,1
138867,0
75372,0
118701,0
96680,0
89350,0
17398,0
16129,0
114078,0
34280,0
118784,0
53771,0
129411,0
10113,0
106584,0
54818,0
99249,0
121734,0
25339,0
33296,0
24828,0
138307,0
90855,0
3405,0
22927,0
54793,1
94554,0
135838,0
29387,1
84148,0
132595,0
34403,0
55284,0
105401,0
46826,0
86404,0
26530,1
87057,0
26692,0
38732,0
9857,0
36207,0
109868,1
77919,0
59776,0
122686,0
99508,0
23538,0
9518,0
73024,0
107031,0
111204,1
62295,0
89563,0
22039,1
58326,0
28646,0
78880,0
29518,0
104334,1
76989,0
111579,0
140389,0
100966,0
2611,0
9867,0
74720,0
7492,0
26476,0
90112,0
107066,0
28548,0
121490,0
3298,0
119480,0
103338,0
106345,0
139933,0
119689,0
3078,1
135238,1
29712,0
81659,0
129871,1
67624,0
20313,0
100118,1
30103,0
77684,1
11109,0
97600,1
67839,0
35609,0
32834,0
41311,0
18418,1
129776,0
26541,0
8580,0
99338,0
56210,0
89741,0
21996,0
136452,0
138909,0
136625,0
22742,1
122781,0
26199,0
85325,0
91718,0
78666,1
31359,0
134040,0
50085,0
27736,0
62963,0
40306,1
67235,0
76438,0
43985,0
109854,0
56167,1
98453,0
124546,1
135984,0
95992,1
57768,0
57989,0
24868,0
94649,0
57024,0
13718,0
8602,0
36558,0
133576,1
78785,0
89394,0
420,1
4305,0
107023,1
120750,0
36567,0
79246,0
90564,0
7163,0
29732,0
63935,0
31846,1
54485,1
111941,0
78832,1
12296,0
55926,0
138177,1
26591,1
117652,0
75823,0
95643,0
58925,0
136602,0
19914,0
115752,0
42227,0
109720,1
17628,0
26724,0
48280,1
37724,0
72707,1
131046,0
15062,0
76019,0
100543,0
101609,1
126707,0
26500,0
121515,0
123844,0
59137,0
55514,1
86693,0
90531,0
66225,0
50855,0
1651,0
39647,1
24935,0
87090,0
32033,0
47671,0
12905,0
22679,0
49518,0
52347,0
133245,0
42653,0
125581,0
63769,1
36137,0
37534,1
63531,0
126300,0
77766,1
33477,1
79587,1
108018,0
8792,0
101379,0
21056,0
55124,0
11647,0
96346,0
25379,0
31314,0
109633,0
128340,0
124034,1
31918,1
847,1
84661,0
60131,1
72489,0
26045,0
41226,1
77935,0
124287,1
60821,0
24939,0
118437,0
101851,0
89822,0
135832,0
134537,0
80044,0
43589,0
56229,0
106124,0
6206,0
49029,1
58707,0
137411,0
76529,0
30254,0
39703,0
82594,0
82149,0
82512,0
36586,0
74568,0
99486,0
134232,0
63892,0
32160,0
26248,0
22409,0
132276,0
33378,0
27000,1
67047,0
128607,1
51483,0
52501,0
9432,0
1743,0
39660,0
128263,0
75224,1
44907,0
13253,1
46370,0
26921,0
89371,0
92465,0
114714,0
106940,0
86087,0
85198,0
67565,0
115850,0
35992,0
49369,0
136895,0
102349,0
68174,0
82143,0
23316,0
125555,0
39090,1
130315,1
113761,0
130931,0
126327,0
130211,0
81371,0
67797,0
63787,0
21060,0
92087,0
100820,0
14869,0
27361,0
38518,0
131154,1
108031,1
25570,0
106878,0
131929,0
5685,0
115135,0
88186,0
7155,1
74179,1
126444,0
779,1
113906,1
99092,1
65446,0
53043,0
41206,1
134652,0
127224,0
37194,0
31848,0
133996,0
55247,0
115397,0
46871,0
72861,0
46822,1
124796,0
72714,0
84782,0
116990,0
61854,0
40320,1
107177,0
39214,0
139361,0
113229,0
98889,0
18091,0
73295,0
58932,0
97895,1
129881,0
13371,0
42585,0
133827,1
67635,0
128923,0
70341,0
31286,0
105831,0
82550,0
91799,0
48693,0
137859,0
61276,0
115728,0
33565,0
45805,1
44284,0
107476,0
33127,0
120201,0
105885,1
135295,0
71292,0
114213,0
68665,0
74131,1
94645,0
107567,1
1921,0
138420,1
104365,0
118990,1
124050,0
7902,0
33719,0
76656,0
122794,0
35417,0
41104,0
31086,0
51347,0
87248,0
126829,1
88049,0
78364,0
10398,0
40290,0
130287,0
41620,0
95656,0
44267,0
15263,0
65426,0
27801,0
77664,0
18240,0
40393,0
76284,0
89290,0
140240,1
77941,0
97222,1
104010,0
57997,1
73249,0
1382,0
46879,0
34933,0
85767,0
129924,0
41157,0
134551,0
25272,1
133745,0
126418,0
75956,1
138492,0
31726,0
116569,0
74879,0
50447,0
136799,0
42488,0
54237,0
104482,0
75172,1
63478,0
117863,0
114395,0
20579,0
106379,1
49909,0
116496,0
62431,0
25250,1
13294,0
120579,0
106638,0
105085,0
25197,0
55570,1
51161,1
63857,0
5969,0
7869,0
73592,0
119816,0
57239,0
47495,0
84069,0
33323,0
71981,0
114880,0
100436,0
84998,0
116747,1
45069,0
123648,0
11955,0
49689,1
31246,0
50193,0
37776,1
32822,0
11960,0
68717,0
25902,1
122071,1
125365,0
31137,0
124901,0
67941,0
124016,1
94908,0
113333,0
48824,0
88296,0
134464,0
64370,0
13709,1
107426,0
61199,0
124573,0
98302,0
7705,0
32745,0
89495,0
136358,0
73500,0
38125,0
42783,0
3265,0
73072,0
137953,0
39275,0
64097,0
58157,1
88477,1
43470,0
124226,0
112527,0
8171,0
108561,1
54810,0
30405,0
30943,1
54733,0
47612,0
122664,0
115738,0
115533,0
6622,0
28359,0
46407,0
80624,0
58610,0
69606,0
125725,0
100978,0
39849,1
91208,0
23502,0
37835,0
116528,0
1805,0
95302,1
134123,0
71979,0
22050,0
86665,0
128641,0
70812,0
6985,1
24046,0
40135,1
103684,1
99593,0
98965,0
5633,0
36127,0
75151,0
44496,0
17685,0
63429,1
138626,0
67592,0
87587,0
133153,0
67090,0
43466,0
81628,0
137415,0
71677,0
3358,0
74111,1
13844,0
120794,0
137912,0
1703,0
118320,0
7875,0
27257,0
72781,0
31212,1
81081,1
47827,0
58659,0
126247,0
122286,1
54508,0
29762,0
62998,0
96394,0
81260,0
117965,0
106833,0
2215,1
6752,1
55969,0
49008,0
35344,1
6033,1
115690,1
15396,0
58994,1
133635,1
122643,0
65481,0
56649,0
138864,0
754,0
70361,0
128370,0
121808,0
37782,1
127175,0
105722,0
33663,0
32024,1
90689,0
90182,0
100757,0
113596,1
73196,0
118452,0
104233,1
47932,0
75188,0
39264,1
31203,0
115172,0
127020,0
21957,0
94965,0
75115,0
59691,0
71143,0
119883,0
935,0
18972,0
45893,0
18203,0
134394,0
86399,1
64706,0
19479,0
19671,0
93462,0
12903,0
36704,1
130117,1
48927,1
111260,1
42414,0
25744,1
108557,0
77866,1
107789,0
64252,0
97748,0
45734,0
55838,0
4915,0
120340,1
90258,0
125414,1
64499,0
2076,0
62458,1
135906,0
40955,0
4213,0
96651,1
123261,0
26805,0
106866,0
101635,0
4242,0
106434,0
60981,0
116264,0
85931,1
22779,0
60424,0
96159,0
138190,0
117754,0
101908,0
60606,0
107670,0
84576,0
28534,0
51259,0
47757,0
92306,0
14649,0
74200,0
10707,0
60861,0
62599,0
85822,0
91135,0
55199,0
88626,0
88382,0
110071,0
31242,1
61975,0
125619,0
49189,0
31230,0
130524,0
79824,0
82513,0
84108,1
140338,0
137305,0
57286,0
62355,0
61246,0
66168,0
18147,0
15248,0
8315,0
82384,0
23953,0
73525,0
63879,0
52237,0
10651,0
93269,0
133948,0
71543,0
91421,0
133794,0
97344,0
113481,0
31806,1
32693,0
81720,1
119036,0
4968,0
137207,0
95145,1
38333,0
35095,0
85636,1
857,1
8709,0
61256,0
103336,0
61992,0
109547,1
108449,1
99831,0
63401,0
127694,0
56518,0
121532,1
83639,0
133276,0
97394,1
93423,0
97784,0
68036,0
113586,0
65941,0
18877,0
86598,0
3479,0
30768,0
135893,0
67035,0
128909,0
57539,0
129876,0
114189,0
23284,0
102362,0
67470,0
121818,0
60914,0
8808,1
91978,0
5580,1
90052,0
54328,1
110862,1
55612,0
60126,0
36407,0
123732,0
125996,0
14364,0
115665,1
63125,0
91509,0
123625,0
44661,0
17486,1
114238,0
120285,0
42804,1
132390,0
38716,0
23871,0
45109,1
136101,0
122982,0
57700,0
25078,0
83430,1
124541,0
97093,0
117211,0
31211,0
111177,0
138895,0
6293,1
83703,0
8706,0
94614,0
55226,0
87173,1
40521,1
70522,0
139988,0
90331,0
99410,0
70762,0
12871,1
96066,0
137302,0
33942,0
136809,0
104152,0
48296,0
100838,0
49311,0
11853,1
44808,0
82759,0
9932,1
113835,0
115433,0
49600,0
129810,0
80976,0
7490,0
69506,1
16837,0
129745,0
11221,0
2298,0
87586,0
90452,0
94868,0
71955,1
70802,1
120985,0
128921,0
42849,0
59677,0
5223,0
75785,0
41919,1
124042,0
51417,1
61475,1
114767,0
129834,0
95297,0
107207,0
117096,0
23885,0
76965,0
81084,1
85891,0
62895,0
105012,0
8908,0
106976,1
95420,1
10392,0
42568,0
60577,0
121888,0
72040,1
32705,0
126087,0
125178,1
137548,0
19657,0
66891,0
128587,1
71947,0
46680,1
84299,1
97637,0
122169,0
24179,0
58308,0
22346,0
45412,0
70137,1
29531,0
83373,1
99654,1
131508,0
98792,0
38894,0
15910,0
76895,0
36064,0
111702,0
29133,1
100528,0
96949,0
794,1
88075,0
49148,1
89556,0
104924,1
127506,0
99514,1
59130,0
65044,1
45347,0
96121,1
88702,0
136098,0
72612,0
42427,0
127293,0
86276,0
13560,0
53575,0
94371,1
77117,0
52376,0
96846,0
58077,0
99540,0
88699,0
106242,1
69934,0
81332,0
95545,0
86805,0
91379,1
26078,0
127633,0
9087,0
133888,0
22741,0
13242,0
42105,0
50781,1
76798,0
74219,0
82525,0
119717,0
89668,0
45952,0
32150,1
110540,0
99009,1
130049,0
89850,0
105713,0
100357,0
61677,0
116558,0
58660,1
65880,0
119933,0
104699,1
108064,0
69970,0
138366,0
40842,0
111472,1
127331,0
78068,0
35263,0
132697,0
37155,0
55095,1
3059,0
40477,1
47652,0
49181,0
104423,0
73803,0
81753,0
27369,0
34926,0
6254,0
90333,0
28220,1
18963,0
120426,0
23087,0
75086,1
683,0
27542,0
134083,0
111033,0
49633,0
103258,0
127804,1
48242,0
101089,1
112621,0
18183,0
132861,0
115031,1
25530,0
85053,0
128522,0
83582,0
11057,1
78892,0
14845,0
6922,0
60065,0
32092,0
35823,0
55940,0
62398,0
124459,0
57808,0
71608,1
92481,0
87443,0
14494,0
86799,0
121837,1
127207,1
136192,0
55040,0
55672,1
28913,0
60165,1
41211,0
98457,0
28208,0
86120,0
36068,0
78275,0
65653,0
54518,0
68914,0
136659,1
84097,0
8069,0
90783,0
17355,0
117419,0
90993,0
18474,0
22832,1
86037,0
4579,0
113932,0
63747,1
69560,0
135798,1
55837,0
74694,0
89941,1
23212,0
74251,0
12783,0
58155,0
132000,1
98140,0
84944,0
116531,1
42347,0
78038,0
90891,0
15623,0
138425,0
68183,0
83694,0
56575,1
47080,0
5084,0
107090,0
70197,0
101562,0
135383,1
26414,0
135404,0
77135,1
108160,0
10861,0
63809,0
108902,0
90147,0
133599,0
19898,1
44460,0
132686,0
54554,0
24015,1
77835,0
5343,1
79865,0
117978,0
56421,0
60793,0
70239,0
45779,0
39907,1
87237,0
39192,0
109922,0
6688,1
113108,0
56069,1
72622,0
77597,0
6632,0
139795,1
1076,0
106408,0
39125,0
119992,1
26733,0
28361,1
4904,0
37110,0
10461,0
83573,0
114448,0
112750,0
114,0
125466,1
44909,0
95220,0
13218,0
68879,0
85844,0
15458,0
67084,0
103187,0
124933,0
42955,0
133379,0
27719,0
95999,0
89289,0
105364,0
64613,0
108606,0
12579,0
48767,0
47710,0
13589,0
90770,0
25342,0
72249,0
49563,0
123112,0
82887,0
100487,0
138099,1
107912,0
49215,0
42455,0
70991,1
91835,0
100185,0
9719,0
112758,0
80712,0
11183,0
74194,0
55732,1
31638,0
132732,1
60352,1
138174,1
115312,0
59178,0
49507,0
137450,0
100516,0
90729,0
40248,0
53672,0
65478,0
118089,0
48127,0
43992,0
21969,0
119367,0
60808,0
118895,0
70489,1
91766,0
91381,0
73323,0
42410,0
46349,0
130245,0
29604,0
119531,0
87618,0
42502,1
81890,0
10400,1
55024,0
25987,0
120398,0
68771,0
81815,0
49861,0
2209,0
127987,0
103737,0
94590,0
80509,0
110696,0
23868,0
6891,1
73569,0
12548,0
129637,0
46562,0
85743,0
115920,0
92094,0
76850,0
55173,0
49053,0
70485,1
140048,0
6375,0
139974,0
729,0
70540,0
1852,0
60542,0
19325,0
120415,0
13565,0
22514,0
131382,0
102788,0
114340,1
4071,1
136419,0
79529,0
98202,1
62115,0
51278,1
125991,0
104829,0
106848,0
112672,0
14550,1
9950,1
35431,0
1750,1
105288,1
82672,0
94749,0
56684,0
42375,0
110544,0
41408,0
25485,0
100792,0
33904,0
103278,0
95844,0
69211,0
81670,0
113748,0
105433,0
61578,0
8382,0
115547,1
35851,1
36765,0
101862,1
85693,0
92564,0
33820,0
57381,0
130927,1
14201,0
12594,0
115515,0
137063,0
41173,0
5603,1
30401,0
75758,0
131413,0
51865,0
26832,0
104584,0
108825,1
65282,0
67059,0
111046,0
15839,0
38782,0
37228,0
120386,0
120166,1
133177,0
127265,0
77209,0
73762,0
41722,0
127600,0
24777,0
77740,0
83336,0
133829,0
91012,0
126055,0
69066,0
88503,0
78931,1
74498,0
114407,0
18254,0
99830,0
87180,1
98790,0
74654,0
87471,0
137827,0
85967,0
131491,0
122012,0
36047,1
140571,0
22391,0
126738,0
84469,0
137996,0
80689,0
5794,0
6098,0
44040,0
2246,0
13436,0
101988,0
58542,0
110874,0
66674,0
24528,0
25240,0
56452,0
60483,1
60041,0
138048,0
45659,0
128308,0
120784,0
73917,0
24651,0
57956,0
51156,0
107212,0
17556,0
81237,1
137299,1
73777,0
20848,1
28184,0
130601,0
70196,0
128974,0
126693,1
123391,0
90784,0
126230,0
123754,0
62862,0
18997,0
126016,0
2578,0
71250,0
24113,0
96169,1
43839,0
103573,0
108653,1
130116,0
113171,0
140656,0
84455,0
451,0
22989,0
17057,0
78024,0
115422,0
83032,0
125814,0
64448,0
60957,0
48060,0
121226,0
64633,0
68860,0
38887,0
80625,0
108624,0
54472,0
18388,0
86439,0
42269,1
50780,0
20935,0
4600,0
35658,0
111116,0
44201,0
75391,0
99157,1
108927,1
11231,1
49534,0
125861,0
69547,0
138230,0
35261,0
113661,0
116475,1
21160,1
94454,1
110873,0
80167,1
104900,1
59512,0
86534,0
65042,1
45082,0
15529,0
48791,1
131172,0
135522,0
66940,0
100956,1
49074,0
132582,0
47376,0
111571,0
68705,1
126420,0
100292,0
34155,0
47243,1
108324,0
78135,0
41765,0
92907,0
50710,0
73341,0
2019,0
96753,0
81375,0
128288,0
139169,0
73476,0
85419,0
24076,0
37657,0
136364,0
114612,0
92452,0
42283,0
129435,0
118326,0
56437,1
43697,0
88496,0
85362,1
90225,0
10496,1
46777,0
11243,0
68408,0
66686,0
96811,0
53478,0
94246,0
118875,0
81655,0
65269,0
6464,0
15804,0
97852,0
38687,0
52283,0
79086,0
18866,1
81563,0
2978,1
123043,1
10520,1
13477,0
105633,0
73524,0
53515,0
27617,0
129090,0
15087,1
40952,0
126383,0
92574,0
120664,0
36255,0
80521,1
84114,1
66888,0
53211,0
120988,0
35910,0
36378,0
6059,0
2740,0
30949,0
120524,0
126080,0
17625,0
10812,0
102193,0
13934,0
123195,0
102592,1
58347,0
63916,0
76113,0
29644,0
83278,1
41121,0
7295,0
70824,0
129302,0
106698,1
113157,1
44606,0
104517,0
100015,1
103615,0
22108,0
42689,1
54493,0
98336,0
11586,0
37505,1
138341,0
9388,0
106122,1
8766,0
101853,0
108109,1
121117,0
114511,0
53006,0
56186,0
49688,0
55330,0
80335,0
68979,0
31368,0
31413,0
29265,1
116856,0
110149,0
59304,0
69972,0
33003,1
124012,0
83990,0
18644,0
16197,1
132835,0
85659,0
134409,0
114599,0
44177,0
123664,0
54221,0
125275,1
41247,0
60074,0
54532,0
100676,1
127202,0
121344,0
81404,0
15896,0
90282,0
21513,0
23043,0
84261,0
10282,0
27520,0
37234,0
103667,1
63760,0
11663,0
340,1
23608,0
5625,1
35571,0
49410,0
27991,0
76352,0
93163,0
48847,0
77820,0
87071,0
131404,0
47529,0
34710,0
138898,0
21244,0
73324,0
83536,0
51090,0
53314,0
83962,1
86806,0
53815,0
103731,0
4969,0
43544,0
74556,0
121511,0
58388,0
140121,0
122801,1
8300,0
71009,0
119386,0
118754,0
15270,0
37933,0
3434,1
115541,0
26784,0
137889,1
89926,0
2357,1
4027,1
120056,0
90457,0
129220,0
14333,0
128147,0
106141,0
30176,1
15033,0
35563,0
28034,1
66830,0
89302,0
133885,0
47026,0
33885,0
85896,1
28272,0
12187,1
19202,0
52574,0
43230,0
138578,0
127043,0
8802,0
22074,0
92264,0
64410,0
65298,0
62414,0
36930,0
103078,1
125864,0
85134,1
53895,1
122816,0
125570,0
63778,0
34377,0
78049,0
110162,0
69254,0
73806,0
119037,0
90679,0
25837,0
95988,0
68354,0
95589,0
50870,0
8357,0
39108,0
123637,0
27995,0
4089,0
46558,1
84406,0
123880,0
129219,0
64149,0
17739,0
84194,0
5538,1
39643,1
128315,0
54169,0
85933,0
8670,0
52879,0
101449,0
77107,0
2054,0
119287,0
19460,0
130624,0
106733,0
42668,0
99900,0
62168,0
40388,0
47789,1
127109,1
87348,0
55382,0
63419,1
8489,1
64921,1
31758,0
56107,0
118853,1
77950,0
95327,0
886,0
45921,1
140451,0
15788,1
70967,1
52732,0
102175,0
39848,0
8573,0
16844,0
122761,0
117795,0
29539,0
34069,0
76202,0
6068,0
6990,1
7669,0
96156,0
100826,0
73082,0
22708,0
114107,1
111635,1
21713,0
20488,0
100335,0
129650,0
133450,1
82196,0
129053,0
10316,0
3065,0
17876,1
9004,0
14074,0
59317,0
6579,0
109246,0
92703,0
65830,0
131717,1
102724,0
124463,0
92129,0
48777,0
116936,1
58805,0
77120,0
81360,0
26635,0
24114,0
2286,0
95256,1
108491,0
64329,0
122375,0
47852,1
75095,0
102069,0
70123,1
75030,1
35643,0
38268,1
74677,0
106723,0
47140,0
11908,0
10357,0
110845,0
122766,0
82469,0
111475,1
56073,0
57443,0
123781,0
8044,1
15938,0
78725,0
33808,0
88010,1
84189,0
41397,0
16234,1
53873,1
37679,0
39233,0
37627,1
21515,0
63372,0
70237,0
22998,0
26573,0
11754,0
10258,0
118207,0
5220,0
103536,1
20495,0
21222,0
10417,0
106168,0
40537,0
25958,0
132968,1
36831,1
82251,0
61370,0
137080,0
68431,0
84891,1
136420,0
127775,0
56058,0
7147,1
111903,1
38185,0
20817,0
116679,0
2854,0
84974,0
35412,0
1929,0
15267,0
104091,0
111927,0
81066,0
77861,0
125134,0
137711,0
85020,0
64129,1
124122,0
49182,0
52011,1
94696,0
137246,0
7773,0
68736,0
48169,0
139565,0
52366,0
5099,1
37859,0
139335,0
3270,1
91843,0
126718,0
14070,1
116858,0
115063,1
115826,0
44476,1
47819,0
135621,0
103017,1
43587,0
6044,0
11998,0
24009,0
14776,0
39964,0
81091,0
89132,0
132101,0
86621,0
16039,1
132451,1
107463,0
104012,0
106491,1
17096,0
57913,0
18368,1
80259,0
105928,0
15629,0
69522,0
139510,0
81300,0
80076,0
92846,0
72790,0
135718,1
32859,0
55352,0
54224,1
136510,0
79842,0
71626,0
94315,0
87581,1
54655,0
66917,1
39767,0
52723,0
114925,0
123550,1
55718,0
91603,0
92945,0
7041,0
75710,0
97747,1
109305,0
74569,0
39881,0
56218,0
19643,1
29965,0
14205,0
124446,0
21674,0
70388,0
98483,0
130932,0
18061,0
55731,0
37236,1
41085,0
75834,0
71555,0
12070,1
137589,0
132514,0
102660,0
43626,0
79234,0
4328,0
105600,0
94716,0
87643,0
40525,0
8037,0
110514,0
57744,0
104969,0
121629,0
12674,0
13440,0
16450,0
30766,1
109026,0
102241,0
9874,0
49007,1
30059,0
118457,0
60826,0
96123,1
18193,0
137789,0
13187,0
21847,0
133934,0
131566,1
60337,0
114318,1
31564,0
126700,0
4113,1
116262,0
73152,1
76247,1
34176,0
66318,0
98130,0
95456,0
117003,0
40087,0
38801,0
56030,0
13189,0
109924,0
77885,1
110265,0
140132,0
85793,0
125874,0
22149,0
97816,0
65851,0
132867,0
118823,0
34323,0
103778,0
138512,0
27876,0
92121,0
69521,0
26909,0
5035,0
120504,0
67412,0
61778,0
17991,0
77244,0
73939,0
108905,0
102243,0
76116,1
118675,0
23410,0
22628,0
105150,0
1999,0
13938,0
56952,0
26416,1
101105,1
132184,1
12357,1
117983,0
31558,0
129062,1
53189,0
22697,0
47405,0
123710,0
108504,0
17717,0
31379,0
56293,1
130830,0
20920,1
128357,0
115228,0
135468,0
44426,0
78395,0
117377,0
101093,1
30649,0
127520,0
88829,0
94374,1
34650,0
24006,0
17980,0
71520,0
29922,0
17766,0
36545,0
72402,0
56943,0
41232,0
113642,1
138936,0
52967,0
136373,0
72248,1
119467,1
25721,1
27608,0
31952,1
80516,1
61848,0
61039,0
26556,0
110477,0
45756,0
38005,0
67697,1
22221,0
131423,0
123397,0
33805,0
59765,1
67296,0
19822,0
105843,1
73819,0
77776,0
129909,0
81037,0
85527,0
7698,0
88005,1
30826,1
26109,0
114164,0
88715,1
59919,0
21217,0
41303,0
89473,0
39272,0
114455,1
86460,1
108295,0
69738,0
42238,0
87287,0
120368,0
50916,0
9139,0
101116,0
8656,0
110385,0
118349,1
87109,1
102840,1
130363,1
78610,1
48557,0
103238,1
72898,0
10185,0
14195,0
46755,0
134801,0
42964,0
110435,0
4070,1
125013,0
97976,0
71961,0
89587,0
1317,0
103693,0
3813,0
85873,0
119478,0
61154,0
21329,0
64259,0
51596,0
43634,1
129502,0
82300,0
99764,0
560,0
111479,0
22858,0
41508,0
96117,0
44203,0
113832,0
27691,0
872,0
121752,0
67337,0
68150,0
36345,0
57903,0
54536,0
30652,0
112046,0
102786,0
72394,0
75649,0
88256,0
76657,0
27336,1
41639,0
96503,0
35634,0
47,0
32736,0
121782,0
72198,0
5848,0
62476,0
56136,0
19755,0
138880,0
78355,0
41077,1
40588,0
75024,0
140141,0
93379,0
3990,0
70064,0
97843,0
106243,1
8919,0
47741,0
139623,1
12326,0
98738,0
23523,0
42117,0
32183,0
127225,0
107990,0
65049,0
20638,0
71517,0
62831,1
85813,0
85988,0
57552,0
131397,0
140670,0
38352,1
113552,0
115654,0
136924,0
115705,0
101330,0
95952,0
137325,1
82698,0
18758,0
116814,0
8901,0
65607,0
116943,0
86956,0
4164,0
37826,0
56692,0
55682,0
5303,1
52592,0
121281,0
138102,1
118606,0
126555,1
35850,0
31214,1
97380,0
18093,0
100594,0
6311,0
114452,0
69557,0
40064,0
125711,0
48143,0
75910,0
13487,0
72371,0
113291,0
50082,0
110108,1
51839,0
36220,0
79,0
139512,0
105199,0
3939,0
35845,0
136553,0
105178,0
104121,0
17185,0
15775,0
14185,0
50368,1
96138,0
116462,0
112121,0
107612,0
124318,0
126690,1
49044,0
29437,1
69915,0
1697,0
3406,0
56407,0
40194,0
44629,0
86075,0
10793,0
123128,0
67799,1
94513,0
13391,0
129176,0
87647,0
84874,0
70474,0
20681,0
34631,0
69243,0
111319,0
78701,0
4111,1
37165,1
83003,0
29870,0
66943,0
98069,0
74953,0
122466,0
114342,0
108892,0
2911,0
113011,0
119011,0
30570,1
66757,1
38202,0
41998,0
43193,0
47165,0
58938,1
90495,0
70210,0
29886,0
68962,0
127668,0
101680,1
7695,0
23899,0
133493,0
32330,0
26392,1
19824,0
135912,0
38564,0
114251,0
42713,0
135092,1
23315,0
18190,0
20498,0
25786,0
17418,0
51797,1
2554,0
102052,0
132050,0
100057,0
109890,0
76384,0
88881,0
114095,0
73368,0
69252,0
122701,0
128057,1
68338,0
103011,0
63936,0
13828,0
56,0
70428,0
96448,0
120570,0
63111,0
105795,0
121971,0
98858,0
53867,1
30884,0
138395,0
20553,0
79970,0
14246,0
115218,0
131831,0
28233,0
120230,0
107184,0
54601,0
138743,1
10841,0
77644,0
54314,0
110844,0
65752,1
78867,0
73229,0
99730,0
98359,0
81993,0
76936,0
120310,0
43905,0
24781,0
36862,1
115256,0
70407,0
18037,0
128399,0
135758,1
83045,0
130309,0
123729,0
66411,0
35707,0
102303,0
63265,0
124314,0
12193,0
42625,0
101856,0
85678,1
48446,0
117283,0
76145,1
35170,0
83258,0
70860,0
22808,0
102222,0
46357,0
18617,0
140548,0
78614,1
128876,0
27116,1
118111,0
79164,0
59830,1
11873,0
27334,0
11893,1
129140,0
40493,0
32747,0
63460,0
82767,0
52436,0
130094,0
36100,0
33462,1
138327,0
3257,0
20390,0
17752,0
116058,0
106051,0
76060,0
29234,0
84518,0
57171,0
79868,0
90271,0
100389,0
82860,0
50218,0
78679,0
34830,0
135542,0
98163,0
18345,0
38440,0
36789,0
13916,0
108087,0
19471,1
115755,0
57480,0
22906,0
106133,0
73560,0
123847,1
96784,1
15745,0
110226,0
94710,0
72625,0
21547,0
78286,0
128776,1
16074,1
40586,0
82496,1
120838,0
120810,0
32825,0
26911,0
5225,0
30588,0
71728,0
83569,1
117298,0
136444,1
86504,0
96106,0
59907,0
36317,0
138059,0
107658,1
52316,0
31503,0
55314,1
65109,0
13735,0
25493,1
129253,0
91086,0
72703,1
9648,1
122136,1
99381,0
74490,0
51039,0
30243,0
52724,0
98653,0
3920,0
11153,0
127601,0
127806,0
37732,0
125064,0
124467,0
37546,0
35077,0
32893,0
25028,0
22745,0
106506,0
25283,0
72988,1
84474,0
82171,0
58699,0
33688,1
17369,0
1909,0
117372,0
50559,1
37007,0
117334,0
10309,0
140180,0
71050,0
112779,0
112465,1
57132,0
29254,1
126145,0
139041,0
135116,0
52765,1
119856,0
44257,0
40515,0
59999,0
37969,0
30957,1
138663,1
50921,1
48175,0
132107,0
57622,0
73057,0
137835,0
24858,0
13082,0
58255,0
12668,0
113158,0
24840,0
35600,0
30966,0
39320,0
133646,0
36505,0
16544,0
47812,0
103429,0
125516,0
14775,0
78967,0
45612,0
12468,0
86103,0
50383,1
112759,0
138862,0
48714,0
85493,0
59481,0
36907,1
12762,0
121456,1
48588,0
73683,1
61075,0
52647,1
29362,0
121942,0
56924,0
129269,0
61633,1
140496,0
55311,0
68237,0
74047,1
103162,0
79674,0
114937,0
111645,0
8212,0
88053,0
39496,0
40864,0
92738,1
69199,0
86112,0
96407,0
65744,0
99553,0
60822,0
21188,0
17622,1
140375,0
22297,0
128254,0
104234,0
135058,0
36533,0
56833,0
51846,0
39571,0
138185,0
56430,0
97535,0
78478,0
91023,0
72037,1
94511,1
133795,0
134909,1
122841,0
48624,1
123804,0
3161,0
117554,0
58194,1
115093,1
67502,0
93939,0
81635,0
3900,0
99729,0
53918,0
58528,0
46895,0
47735,1
40630,0
93869,0
98250,0
5958,1
136622,0
131177,0
4783,0
139134,0
15297,0
18664,0
43352,0
115900,0
120954,1
78507,0
114800,0
46526,0
45848,0
113737,0
122263,1
11987,0
9573,0
94427,1
12777,0
97074,0
97049,0
69051,0
55558,1
70922,0
21045,1
129567,0
13736,1
68529,0
124846,0
71194,0
5268,0
47386,1
37852,0
44981,0
43176,0
25853,0
32903,0
75643,0
66063,0
89407,1
79161,0
114748,0
78159,0
86795,0
55134,0
93997,0
90951,0
120039,0
28294,0
7759,0
78851,0
86875,0
52886,1
124030,0
8512,0
44101,0
95620,0
82533,0
58275,0
43368,1
84637,0
121310,0
76578,1
72388,1
18386,0
50234,0
23376,0
28354,1
104057,0
60512,0
118427,0
120463,0
13001,0
134309,0
79719,1
46723,0
31729,1
68592,0
102607,1
100890,0
32683,0
91356,0
22285,0
63959,0
60191,0
3905,0
81938,0
126369,1
75723,0
121804,0
31725,0
122958,0
112896,0
13058,0
92663,0
48390,0
69734,0
111083,0
11155,1
5955,0
103219,0
132558,0
15283,0
38092,0
55190,0
92006,0
113735,1
47241,0
21587,0
27566,0
140064,0
50774,0
65683,0
103795,0
7935,0
89108,0
56451,0
64563,0
45105,0
111905,0
130943,0
16116,0
14858,0
55277,1
118820,1
21224,0
115168,0
11584,1
140422,0
89442,0
39603,0
9315,0
17292,0
83138,0
39628,0
26074,0
31789,0
134402,1
43431,1
44846,0
24378,0
19259,0
45045,0
106705,0
727,1
50418,0
74824,0
76567,1
130221,0
13461,0
45882,1
58758,0
10668,1
2350,0
107394,1
67094,0
137873,0
8142,0
83188,0
32335,0
111152,0
74450,0
129301,0
30093,0
99142,0
22123,0
122626,0
48084,1
136672,0
37255,0
88061,0
112951,1
70884,0
25196,0
129074,0
78379,1
20314,0
80241,0
44555,1
62952,0
116072,0
91614,0
28172,0
125815,0
57275,0
82220,0
139460,0
13809,0
103642,0
82145,0
93900,0
118985,0
12041,0
127113,1
76135,0
55053,0
81620,0
43140,0
96146,0
105048,0
131797,0
66731,0
88886,0
6496,0
94601,0
73888,0
11594,0
3026,0
32415,0
131963,0
29643,0
29824,0
95757,0
52365,0
95214,0
4624,1
82028,0
75513,0
100955,1
83718,0
57668,0
1280,1
92430,0
112583,0
70556,1
1322,0
37763,0
67584,1
18457,1
58054,0
65660,0
110827,0
64492,0
109262,0
116871,0
55958,0
140442,0
13749,0
31190,0
32902,1
32939,0
124291,0
86624,0
96437,1
60182,0
49282,0
32842,0
43212,0
88746,0
93824,1
43913,0
39874,0
105249,0
46286,0
119373,1
92879,1
105524,0
61069,0
71178,0
82630,0
121720,1
8160,0
89631,1
61237,0
16804,0
112519,0
107271,0
138803,1
1648,1
62555,0
48354,1
13782,1
57690,0
37785,0
65692,0
136599,1
101737,1
136427,0
29937,0
35409,0
90350,0
121111,1
101257,0
92274,0
81615,0
134424,0
137718,0
67706,0
13293,0
24081,0
115418,0
65836,0
138883,1
28948,1
16866,0
26241,1
54108,0
119915,1
17142,0
36404,0
49596,0
18682,0
66072,0
69271,0
81820,0
118870,0
10675,0
23072,0
4169,0
83417,0
45852,1
66016,0
89449,0
27282,1
124081,0
22929,0
80036,0
98552,0
87285,1
12942,0
131288,1
9345,0
53432,0
106475,0
4319,0
9799,0
24993,1
114028,1
125946,0
6757,0
49069,0
9436,0
121327,0
84231,0
95691,0
54743,0
6443,0
113443,0
140445,0
56052,0
120857,0
83641,0
103291,1
64799,0
101975,0
61705,0
91157,1
14887,0
98156,0
58240,0
35697,0
7918,0
121576,1
91069,1
35520,1
104919,1
111708,0
73951,0
60562,0
66971,0
51080,0
94232,0
111163,0
24211,0
130364,0
53668,0
62904,0
137232,1
23722,0
138063,0
66110,0
11118,0
118795,0
100984,1
134873,0
77741,0
76045,0
4726,0
38747,0
15228,0
17384,0
52197,0
127239,0
32189,0
123339,0
108721,0
84774,1
44579,0
83881,0
62214,0
74190,0
139101,0
61865,0
82682,0
113051,0
15742,0
47970,0
53864,1
129805,0
84110,0
67953,0
121779,0
1707,0
66751,0
70603,0
55843,0
93889,0
42376,0
101080,0
83743,0
116477,0
35901,0
55268,0
53848,1
69240,0
101189,0
61741,0
103529,0
75012,0
14106,1
48643,0
33438,0
28200,0
96043,0
42730,0
3417,0
44697,0
32807,0
78799,0
108709,0
104306,0
65393,0
78217,0
133521,0
48198,1
58433,0
130552,1
131972,0
121194,1
88995,0
10751,1
2553,0
64266,0
69902,0
84758,0
36812,0
28974,1
19073,1
87561,0
71821,0
119878,0
93669,0
120610,1
15299,0
100520,0
86184,0
25315,1
122984,0
29580,0
10780,0
108967,1
133182,0
114104,1
119529,0
8337,0
137872,0
129002,0
97658,0
3127,0
14042,0
84484,1
5457,0
95072,1
100664,0
95741,0
58375,0
74274,0
216,0
62162,0
113535,1
46432,0
135179,0
61004,0
85080,1
93533,0
67176,0
34027,0
98521,1
107365,1
112066,0
52987,0
66543,0
18027,0
21662,0
84981,0
115750,1
7037,0
110739,0
126811,1
34796,0
16838,0
23865,1
106266,0
95555,1
106415,0
112301,0
26793,0
79062,0
93863,0
139463,0
139961,0
60784,0
92077,0
92626,0
55283,0
112308,0
78644,0
30969,0
52645,0
39567,0
82756,0
134535,0
61584,1
55628,0
30034,1
119503,1
37691,0
11026,0
114116,0
104463,0
13602,0
85715,0
6952,0
3863,0
124870,0
126372,0
49479,0
103835,0
76900,0
118846,0
1639,0
33031,1
139177,0
51644,0
119314,0
110188,0
64900,0
138744,0
396,0
99049,0
10640,0
87239,0
115591,0
125639,0
20672,1
107821,0
77614,0
115096,0
138563,1
113972,0
71360,0
61184,0
92183,1
40146,0
77392,1
5677,0
80935,0
89916,0
56422,0
41476,0
127642,0
109452,0
92791,0
94466,1
9351,0
64569,0
34733,1
78939,0
36783,0
79554,0
116161,0
60272,0
32593,0
118617,0
119213,1
63325,0
138167,1
80137,1
50749,0
108745,0
56707,0
16799,0
42431,1
108419,0
56633,0
100127,1
58394,0
54063,0
96095,1
2585,0
80327,0
106540,0
72755,0
107222,0
106245,0
128751,0
53457,0
6336,0
63001,1
71010,0
49417,0
77005,1
45543,0
109852,0
20290,0
51723,0
56548,0
13625,1
57037,0
15334,0
65505,0
4379,1
86536,0
29425,0
112627,0
67892,0
92380,1
136716,1
38265,0
10875,0
5669,0
98094,0
79561,0
126608,0
31028,1
76697,0
94819,0
68189,0
123946,0
5315,0
133811,0
97804,0
124184,0
5179,0
137433,0
90442,1
2827,0
88853,0
139768,1
69417,0
138701,0
21161,0
118304,0
95330,0
563,0
90304,0
103728,1
114249,0
40764,0
15530,0
30850,1
98309,0
12319,0
67948,0
98,0
87392,0
104180,0
68219,0
6036,0
8107,1
125576,1
22950,0
93266,0
124329,0
23163,0
33492,0
64314,0
55701,0
47001,0
134834,1
125065,0
22527,1
58221,0
115893,0
119760,0
62107,0
42360,0
66805,0
39923,1
37483,0
102726,0
132012,1
45011,0
106311,0
54391,0
119552,0
126691,0
72976,0
575,0
3466,1
36262,0
139006,0
116101,1
104504,0
48929,0
82023,1
89787,1
69024,0
35021,0
113275,0
134522,0
58233,0
11072,0
60241,1
136648,0
119331,0
33929,0
66978,0
135882,0
66894,0
75436,1
134117,0
100726,0
15667,0
73225,0
37452,0
100300,0
100344,0
139248,0
71081,0
93710,0
85416,0
20925,0
30322,0
131305,1
227,0
133064,0
123665,0
54499,0
80410,1
112462,0
75168,0
38661,0
8538,0
129281,1
83381,0
120199,0
4825,0
95976,0
18400,0
18467,1
50197,0
12141,1
75883,0
32256,0
20351,0
120413,0
100114,0
63564,0
7589,0
119180,0
38916,0
127140,0
45089,0
31840,0
100817,0
105289,0
63329,1
138380,0
98722,1
32136,0
97229,0
39534,0
84988,0
11802,0
118379,0
83349,0
22613,0
136330,0
52139,0
123576,0
131119,0
123047,0
27866,0
30671,0
57627,1
98335,0
31850,0
25507,0
48475,0
99215,0
91996,0
44833,1
27063,0
1436,0
2937,0
49651,0
83792,1
23158,0
107826,0
26012,0
15109,0
39748,0
13875,0
136770,0
5412,0
23408,1
92367,0
32130,0
32869,0
102205,0
8841,0
82226,0
118574,0
100923,0
87159,0
79759,0
46255,0
68379,0
77672,0
18272,0
3339,1
73609,0
35013,1
131650,1
22228,1
40082,1
139710,0
108620,0
14036,0
63847,0
63146,0
87210,0
47984,0
66205,0
127657,0
59989,0
80121,1
71282,1
108701,0
21078,0
39017,0
87353,1
3512,0
41814,1
10395,0
95366,0
45656,0
112450,0
78844,0
3734,0
34305,0
118967,0
83769,1
93301,0
111211,0
69097,0
59551,0
94451,0
10549,0
21986,0
97037,0
58263,0
121323,0
123173,0
38949,1
79932,0
26087,1
32018,0
75870,0
109011,1
108189,0
30740,0
56609,0
118645,0
46740,1
62003,0
138141,0
68913,0
54983,0
92395,0
15240,0
90115,0
80079,0
79271,0
21943,0
54189,0
132993,0
125135,1
130165,0
45740,0
13501,0
124521,1
13128,0
111006,0
114537,0
74726,1
82222,0
16854,0
53652,0
64950,0
10822,0
76191,0
113874,0
103853,0
36771,0
130529,1
55846,0
97936,0
85255,0
58665,1
85257,0
74003,0
105869,0
92767,0
72555,0
83861,0
60548,0
42172,0
51829,1
23697,0
70092,0
102520,0
116468,0
17205,0
8692,0
69322,0
23130,0
96093,0
124561,0
25986,1
131379,0
11946,0
99287,0
62649,0
85972,0
14686,0
36645,0
45555,0
99891,0
16809,0
20418,0
132368,0
45445,0
33624,0
111615,1
104150,0
59863,0
97541,0
47264,0
31437,0
89872,0
36979,0
17855,1
118020,0
59186,0
104971,0
123542,0
8055,0
49671,0
120207,0
100654,0
68677,0
76999,1
107002,0
98387,0
46642,0
118029,1
29318,0
45278,0
53816,0
88334,0
86745,1
83674,0
25039,0
100430,0
9567,1
21909,0
18305,0
28001,0
35971,0
54986,1
100552,0
120445,0
101714,0
27237,1
68070,1
37539,0
63517,1
73911,0
122780,1
118715,0
86654,0
58829,0
94086,0
102183,0
61958,0
84320,0
49948,0
53281,0
105708,0
14276,0
22368,1
139411,1
6307,1
33525,0
40187,0
69220,0
66799,0
140066,0
100138,0
66875,0
80621,0
26023,0
59115,0
81086,0
73175,1
48372,0
50861,0
11090,0
63056,0
99374,1
77889,0
12949,0
24652,1
101836,0
44207,0
42702,0
104368,0
112988,0
97483,0
135779,0
47258,0
52746,0
136104,0
19070,1
47394,0
65612,0
71271,0
21140,1
128064,0
55185,0
40994,0
31460,0
72269,0
125646,0
476,0
139616,0
25814,0
105659,1
12613,0
1489,0
25058,0
3325,1
54492,0
73694,0
28987,0
97367,0
78096,1
66209,0
77286,0
21783,0
4186,0
10656,0
132967,0
63081,0
8554,1
50058,0
27338,0
34861,0
46468,0
83901,0
134990,1
19971,0
46840,0
39533,0
86933,0
116520,0
94563,0
62470,0
5000,0
103321,1
79729,1
77232,0
72100,0
4354,0
77170,0
38313,0
32540,0
120640,0
10441,0
67026,0
24689,1
128853,1
20959,0
57594,1
4988,0
133163,0
116239,1
27526,0
17885,0
8170,0
73009,0
56380,1
59203,0
125910,0
139989,0
136840,1
72996,0
10738,0
6217,0
34159,0
137661,1
95981,0
31598,1
15977,0
16889,0
61727,0
40669,0
132456,0
118838,0
52156,0
4096,0
114658,0
126258,1
89804,1
58294,1
35177,0
17237,1
73652,1
41294,0
104872,1
79699,0
94058,0
85558,0
28405,0
10588,0
49042,0
85368,0
132211,1
67079,0
103026,0
38063,0
338,0
133179,0
90201,1
135964,0
29185,1
119762,0
39870,0
28968,0
92563,0
64939,1
4887,0
14086,0
65300,0
99002,0
113720,0
28380,0
34116,1
7283,1
76262,0
85282,0
47145,0
109160,0
1081,0
59437,0
36798,0
118301,0
111403,1
95957,0
14797,0
64181,0
97646,1
97461,0
6988,0
100684,1
66557,0
135938,0
129706,0
128478,0
43036,0
21927,0
43765,0
83359,1
24237,0
27439,1
67493,0
24063,0
78058,0
26397,0
69733,0
11752,0
113935,0
90725,0
110704,0
90438,1
21981,0
4514,0
61346,1
89094,0
136804,0
80777,0
4106,0
105295,0
32004,0
29303,0
18432,0
68576,0
50669,0
86593,0
93882,0
4073,0
72181,0
137561,0
84201,0
119038,0
50402,1
136468,0
101814,1
17207,0
84157,0
36543,0
39656,0
109877,1
52136,0
75396,0
6468,0
65001,0
32369,0
123103,1
92832,0
62376,0
59787,0
111756,0
51396,0
39412,0
76535,0
22647,0
68870,0
17888,0
45896,0
121574,0
28878,0
58488,0
119279,1
16193,0
17223,0
119537,0
108725,0
76774,1
86936,1
18188,0
118043,0
15751,0
58641,1
14939,0
9832,1
72888,0
138459,0
108782,0
47044,0
71456,0
88897,1
87025,0
759,1
26806,0
58720,0
66457,0
129800,0
26233,0
33945,1
21580,0
16457,0
26478,0
19883,0
103184,0
87516,0
25539,0
131615,0
96222,0
49974,1
70542,0
68054,0
6838,1
13152,0
118866,0
82340,0
36633,1
25531,0
94305,0
74743,0
110674,0
37319,0
63040,1
137704,0
59110,0
122692,1
111674,0
104336,0
19435,0
3598,0
80387,0
92450,0
109721,1
133462,0
80246,1
122295,0
28846,0
132149,0
55432,0
56443,0
100682,0
22260,0
96380,0
22287,1
65365,0
96241,1
62909,0
140333,1
36724,0
55050,0
87147,0
98997,0
99340,0
70207,0
133875,0
57292,1
100519,0
115792,0
75268,1
61867,0
139051,0
131137,1
32631,0
84041,0
13748,0
101047,0
111063,0
119474,0
72541,1
14010,0
89109,0
20147,1
13369,0
108660,0
93408,0
57652,0
124233,0
102972,0
131208,0
100568,0
8095,0
51086,0
4715,1
25573,0
80103,0
36249,0
62746,1
9933,0
19328,0
35195,0
108848,0
82182,0
110142,0
43386,0
59274,1
15764,0
25034,0
38212,0
41562,0
62956,0
83809,0
61654,0
37728,1
22088,0
70416,1
72502,0
93281,0
12241,1
4255,0
109973,1
1105,0
74329,0
127402,0
52203,0
34656,0
77172,0
123353,0
37042,1
30616,0
14656,0
114538,0
41020,0
46844,0
88598,0
136039,0
26317,0
6088,0
106357,1
122815,0
113405,0
76592,0
28504,0
9983,0
125529,0
62643,1
64804,0
83084,0
61583,0
94369,1
5888,0
115104,0
73048,0
125928,1
12459,1
13538,0
60433,0
95765,1
20673,0
14344,0
62544,0
35270,0
50844,0
82059,1
48413,0
73629,0
121870,0
100030,1
5126,0
31878,0
71791,0
17103,0
72013,0
77918,0
4592,0
130096,0
49005,0
81006,0
132815,0
54646,0
18518,0
88498,0
78970,0
127742,1
1234,0
66568,0
1531,0
39682,0
89425,0
133941,0
15756,0
115612,0
51087,1
105242,0
83877,0
85414,0
54072,0
7565,1
59817,0
33782,1
116671,0
130850,0
127930,0
32103,0
87288,0
51223,1
84812,0
132086,0
97039,1
83982,0
45691,1
52069,1
88100,0
67763,1
106706,0
2374,0
102028,0
92706,0
54679,1
134065,0
43054,0
125120,0
45003,0
118458,1
25779,0
91507,1
62005,0
107468,0
79652,0
68926,0
140339,0
85374,0
55341,0
39794,0
133916,0
8060,1
82652,1
73693,0
69765,0
101750,0
104821,0
72319,0
27102,1
56722,0
34504,0
61661,0
111307,0
104989,0
17360,0
125738,0
30726,1
7624,0
133313,0
85170,0
140610,0
39464,0
76470,0
61518,0
80711,0
43751,0
94099,0
5272,0
78373,0
137502,1
114039,0
39219,0
115645,0
124275,0
56900,0
129031,0
107743,0
104565,1
33069,1
51443,0
16569,0
2581,1
79488,0
92,0
92735,0
27742,0
72224,0
118769,0
38243,0
13830,1
70408,1
65792,0
65588,0
49180,0
26081,0
46761,0
85409,0
137226,0
102565,0
47110,0
88329,0
14789,0
84125,0
49251,0
96882,1
44722,1
40438,0
139983,1
4728,0
64310,0
74982,0
66565,0
33918,1
49392,0
123697,0
65309,0
43312,0
79632,0
124868,1
68084,0
68101,0
123691,1
59029,1
138455,1
17917,0
36616,0
53074,0
137377,0
100179,0
56939,0
80791,0
138074,0
9498,0
2361,0
101214,0
129653,0
128366,0
133430,1
97801,0
34890,0
15011,0
91748,0
114282,0
4593,0
34528,0
110990,1
121357,1
115416,0
122847,0
92829,0
131166,0
99083,0
98880,0
35509,0
91307,1
118787,0
660,1
49673,0
86697,0
127092,0
23257,0
48555,0
56013,1
80468,1
96795,0
93756,0
78954,0
96579,0
40122,0
46626,0
79568,0
1331,0
102009,0
41114,0
126799,0
72204,1
124905,0
34024,0
36450,0
56292,0
2207,1
59398,0
137139,0
72432,1
47618,1
132596,0
91971,0
87605,1
9135,1
135684,0
131539,0
101699,0
44468,0
98855,0
18589,0
74026,0
130091,0
41705,0
112387,0
87593,0
28837,0
44438,0
52611,1
71466,0
24807,0
134781,0
72389,0
93012,1
10887,0
69666,0
74535,0
94151,0
94996,0
91632,0
55023,0
70773,0
50006,0
21054,0
3239,0
81676,0
3261,1
131664,1
78021,1
85216,0
1037,0
52003,0
13649,1
50227,0
34983,0
41487,0
78953,1
125155,1
48552,0
12438,0
40925,0
42776,1
5094,1
110350,0
3453,0
52219,0
110587,0
76666,0
22348,0
32366,1
63559,0
129257,1
101107,0
79304,0
73741,1
48883,0
123492,0
128122,1
19695,1
137910,1
108479,0
101559,0
119765,0
68030,0
115498,0
2125,0
53072,1
36820,0
19327,1
62450,0
114279,0
18553,1
103259,0
132535,0
126009,1
118206,0
82609,0
122457,1
91365,0
41606,0
82511,1
123220,0
24202,0
16841,0
136837,0
75850,1
27700,0
125242,0
79031,0
91523,0
81698,0
20159,1
121201,0
133954,0
115642,0
45509,1
46603,1
109451,0
80377,0
47071,0
73845,0
42119,1
88089,0
80720,0
72720,0
101245,0
72689,0
29920,0
120137,0
30141,0
109864,1
109389,0
47268,0
75401,0
90733,0
27712,0
50080,0
62885,0
51661,1
4907,0
46594,0
93950,0
55388,0
79807,0
67680,0
132472,0
107137,1
3173,1
78345,0
103423,0
65048,1
3211,1
92701,0
106180,1
73146,0
88684,0
9776,0
53267,0
65903,0
77654,0
65473,0
117612,0
29993,0
124926,0
40458,0
8213,0
13662,0
49711,0
1242,0
54603,0
135982,0
11687,0
119512,0
51683,1
63736,0
34458,1
38409,0
107192,0
2373,0
98110,0
58485,0
17211,0
47666,0
65003,0
1432,1
99783,1
71958,0
8005,0
33044,0
101227,1
79010,0
43087,1
105785,1
36859,0
54581,1
80774,0
88080,1
3847,0
26931,0
130794,1
59287,0
17659,0
27761,0
133741,0
115638,0
59210,0
30700,1
62075,0
47951,0
139434,0
32615,0
2919,0
35421,0
85292,0
37840,1
48532,0
74000,0
27142,0
10210,0
1509,0
43503,0
76639,0
121951,0
107653,0
21673,1
47635,0
101347,0
25680,1
109102,0
71532,0
20542,0
51800,0
90641,1
31629,1
11652,0
4219,0
131685,0
114207,0
47348,1
118281,1
16078,0
117576,0
86162,1
121801,0
74256,0
68301,0
113077,0
121597,0
121011,0
131942,0
140391,0
15001,0
9912,0
43495,0
9239,1
6976,0
65813,0
40716,0
55476,1
60641,0
31524,0
128850,0
75733,0
18054,1
42460,0
131953,0
137958,0
39116,0
117151,0
100373,0
101576,0
24789,0
41436,0
115724,0
93982,0
37981,0
126782,0
133260,0
139214,0
27245,0
2701,0
106852,0
41550,0
9497,0
107330,0
57978,0
63992,0
47180,0
132075,0
113684,0
133463,0
136972,0
93200,0
59890,0
61634,0
137289,0
14868,1
31770,0
111228,0
75755,0
128358,0
138824,0
11542,1
86216,0
98218,0
92526,0
80738,0
103596,0
28231,0
23683,1
8974,0
79685,0
38906,1
48736,0
92589,0
54571,0
25529,0
81195,0
67744,0
90848,0
2327,0
48020,0
92420,0
10442,1
139357,1
47559,0
123310,0
106438,0
44302,0
17035,0
121218,0
60590,0
42266,0
83211,0
26764,0
46927,1
102398,0
12479,0
43568,0
60194,0
81942,1
98379,0
34083,0
95657,0
132699,0
9941,0
47967,0
74278,0
130714,0
104465,0
36050,0
67547,0
137357,0
61931,1
131390,0
102754,1
91386,0
3411,1
35795,0
123881,0
100861,0
25361,0
135854,1
30627,0
88827,0
114096,0
100600,1
14993,0
48554,1
80068,0
87897,0
66918,1
19276,0
125785,0
102506,0
19727,1
95749,0
75371,0
117134,1
1336,0
123976,1
65208,0
138474,0
67328,0
116906,0
77615,0
48274,0
17171,0
1177,0
103801,0
42297,0
111596,1
36666,0
113056,0
51062,0
91641,0
1914,0
23976,1
64176,0
1659,1
21772,0
77777,0
42617,0
12153,0
10200,0
726,0
21439,1
38302,1
88675,0
14261,0
27726,0
57366,1
86748,1
77979,0
76001,1
48997,0
102816,1
104034,0
30862,0
8001,0
130936,0
2168,0
73376,1
131111,1
27173,0
22063,0
75039,0
140512,1
23298,0
104752,0
37432,1
85033,0
56234,0
42473,0
110230,1
431,0
119430,0
102667,0
103792,1
5238,0
138249,0
114060,1
95029,1
91359,0
133776,0
55460,0
133204,0
38442,0
24128,0
107662,0
61002,0
4207,0
46309,0
115214,0
57459,0
103390,1
124243,0
65498,1
113139,0
55549,0
102453,0
27734,1
48688,0
132950,0
36797,0
62884,0
33547,0
132138,0
29441,0
21034,0
91837,0
139198,0
27120,0
71798,0
114042,0
40820,0
7246,0
97175,0
47160,0
6262,0
59373,0
27743,0
103230,1
81170,0
122531,0
93390,1
2052,0
44788,0
68346,0
119299,0
110185,0
98634,0
56918,0
75991,0
14487,0
100413,0
99505,0
8957,0
77281,0
89369,0
94556,0
2075,0
5168,1
114785,0
71668,0
97996,0
70610,0
107801,0
4000,0
35915,1
79656,0
90198,0
72626,0
137620,0
126685,0
116880,1
100558,1
15498,0
106253,0
106583,0
96137,0
78102,0
31372,1
99022,0
133766,0
65837,0
85840,0
135587,0
12494,0
41747,0
29723,0
110805,0
119789,0
42029,0
101432,0
129026,0
36773,0
125023,1
88463,0
124955,0
69437,0
72192,1
14726,0
72280,1
23387,0
90947,0
123686,0
4472,0
57272,0
24238,1
53113,0
71190,1
130583,0
103240,0
28318,0
57993,0
122279,1
35112,0
37241,0
71578,1
33118,0
45933,1
50542,0
41827,0
8535,0
140222,0
57319,1
102461,0
72152,0
100624,0
73498,0
125884,1
99063,0
14974,0
64098,1
75098,0
16801,1
47986,0
9909,0
27532,0
53173,1
102082,0
3290,0
120565,0
840,0
106143,0
130734,0
79006,1
45205,0
44922,0
57787,1
13871,0
19017,1
25673,0
41160,0
105435,0
36384,0
53957,0
64135,0
127406,0
58051,0
57263,0
915,0
65459,1
87696,0
2944,1
38258,1
24454,0
74625,0
63660,0
41626,0
94430,0
60305,0
96633,0
65977,1
111528,0
7954,0
132711,0
9774,0
116114,0
127957,1
66756,0
48116,1
62698,1
40286,0
68262,1
83346,1
99905,1
13969,0
123763,0
105932,0
4985,1
39361,1
125227,0
71743,0
102207,0
14343,0
101165,0
25550,0
21777,0
63078,0
7111,1
9086,0
70185,0
65664,0
95979,0
35671,0
38119,0
134403,0
105980,0
94785,0
19745,0
89832,0
43889,0
57809,0
53207,0
52855,0
69526,0
120260,0
55900,0
6932,1
136947,0
25848,0
23147,0
12486,1
130926,0
69822,0
70966,0
52547,1
136416,0
95838,0
92579,0
102751,1
114268,0
28877,0
35302,0
97115,0
123503,0
79803,0
214,1
7306,1
22299,0
38848,0
128215,0
50374,0
65743,0
133296,0
120509,1
101260,0
62381,0
23231,0
91229,1
48787,0
103254,1
50717,1
38606,0
52383,1
128620,0
5341,0
130792,1
116416,0
56810,0
20112,1
139759,0
4756,0
19056,0
92710,1
79776,0
4,0
26857,0
75543,0
22250,1
56864,0
58084,0
98436,0
83419,0
111661,0
61143,0
73223,0
137355,1
39651,0
20300,0
23713,0
65528,0
77474,0
134582,0
7014,0
137128,0
5737,0
76095,0
33845,0
72716,0
101888,0
45982,0
31403,1
134209,0
3669,0
29915,0
266,0
78158,0
78643,0
53512,1
23304,0
21285,0
7990,0
13370,0
75896,0
45892,0
104519,0
95038,1
86900,0
101100,1
93400,0
56039,0
129730,0
26870,1
2763,0
64004,0
5695,0
126097,0
80248,0
127447,0
54079,0
5545,1
5449,0
85317,1
18111,1
98912,0
37185,1
73544,0
139501,0
15972,0
95340,0
31771,0
29682,0
57095,0
39904,0
35147,1
137434,0
79838,0
37262,0
100011,0
71976,0
72991,1
99699,1
9685,0
44717,0
84081,1
102449,0
66121,0
96250,0
59914,0
10652,0
102674,0
73184,0
129626,0
133114,0
95850,1
18084,0
88199,0
93702,0
21047,0
36442,0
29538,0
135428,0
58535,0
111884,0
7798,1
32958,0
121275,0
23473,0
51362,0
124364,0
49409,1
32317,0
47813,0
92384,0
115991,1
55106,0
87337,1
36321,0
117467,0
73529,0
121442,0
41531,0
131427,0
92941,0
60702,0
84732,1
49543,0
2450,0
84848,0
10507,0
72440,0
72484,0
60123,1
33250,1
94855,0
138345,0
12043,0
130429,0
37447,0
79365,0
54396,0
37148,0
31727,1
1118,0
134619,0
69085,0
26660,0
9816,0
104785,0
90167,1
119027,1
59093,1
40232,0
57093,0
17878,0
4002,0
23595,0
62456,0
39260,0
125943,1
42457,0
17495,0
39994,1
56240,0
41900,0
42892,0
31013,0
107813,0
4006,1
93838,0
7855,0
99056,0
136184,0
107488,0
27324,0
30708,0
109213,0
55071,0
136917,0
105498,0
133955,0
92422,0
88193,0
57573,0
94966,0
105469,0
87403,0
80150,1
71616,0
55228,0
20860,0
32954,0
136939,0
64064,0
104362,0
17892,0
55072,1
66171,1
10249,0
32456,0
70629,1
101303,1
124593,1
38709,1
7046,0
89257,0
80423,0
76027,1
88998,1
88674,0
130901,0
127483,0
56535,0
26956,0
110408,0
30961,0
103094,0
127474,0
45448,0
21883,0
44430,0
113766,0
109468,0
234,0
32546,1
93439,0
18915,0
87584,1
45597,0
109818,0
112786,0
102873,0
34705,1
111275,0
49404,0
120362,0
27315,0
68634,0
82877,1
129149,1
18593,0
19712,0
86147,1
128784,0
111213,0
125330,0
126866,1
67402,1
134132,0
55181,0
15119,0
42149,0
45252,0
88262,0
45558,0
136255,1
102954,0
84563,0
98533,0
100317,0
94811,0
88501,0
52411,0
41830,0
50791,0
90231,1
74623,1
96828,0
98960,0
129346,0
74192,0
30997,0
95827,0
67291,0
11885,1
23129,1
85787,0
118601,0
118440,0
71453,1
91691,1
5129,1
122114,0
88113,0
59854,0
8867,0
11545,1
115702,0
7309,0
11507,1
122706,0
24477,1
89966,0
78688,1
66844,0
51215,0
95907,0
1780,1
99365,0
25656,0
70914,0
31104,0
32696,0
134442,0
134855,0
56841,0
66529,0
128552,0
121334,0
137254,0
120433,1
31092,0
28324,1
18821,0
108349,0
109218,0
60214,0
123597,0
121768,0
79816,0
131498,0
139408,0
25919,0
5903,1
7274,0
73598,0
71265,1
120835,0
76500,0
10525,0
112791,1
106348,0
52639,0
135538,0
17148,1
128781,0
112660,0
53940,0
89782,0
31263,0
134182,1
18708,0
136658,0
57214,1
54388,1
54464,1
75548,0
71589,0
75920,0
6476,1
30684,0
30764,0
92161,0
3764,0
8501,0
13193,1
38221,0
48335,0
137172,0
24937,1
21043,1
39225,0
112607,0
137165,0
73460,1
46450,0
56757,0
50703,1
106812,0
136714,1
24732,0
4623,0
37527,0
7308,1
49318,1
80936,1
137333,0
109518,0
89575,0
28732,0
16558,0
57047,0
1144,0
90913,0
76760,0
114690,0
110442,0
127767,0
49510,0
28263,0
68039,0
33858,0
138295,0
112506,0
13744,0
11868,0
30798,0
63540,0
119271,0
135153,0
103685,1
78142,0
12370,0
12950,1
98766,1
8735,0
54114,0
94869,0
12210,0
91682,0
49930,0
88017,0
53865,0
99757,0
80173,0
29327,0
52569,0
17139,0
39429,0
105367,0
19593,0
72414,1
36091,0
138294,1
132127,0
69483,0
100270,1
7951,0
63336,0
84652,0
57976,1
36519,0
52061,1
117513,0
27714,0
120077,0
52351,1
108970,0
23042,0
5957,0
125110,1
70626,0
47832,0
6135,0
70606,0
92408,0
53568,0
58018,0
59391,0
47660,0
56191,0
61255,1
32142,0
133197,0
65536,1
78301,0
78410,0
981,0
44328,0
49950,0
39413,0
41257,0
130628,0
23200,0
21800,0
114777,1
138645,0
23105,0
44318,0
129699,0
21475,0
91627,0
82763,0
93549,0
39384,0
51587,0
45292,1
265,0
80630,0
138231,0
65031,1
38465,0
130217,0
8400,0
133290,0
93264,1
132789,0
6255,0
101251,0
50124,0
91897,0
49844,0
51668,1
21601,0
31466,0
133314,0
75689,0
54399,1
127366,0
63949,0
4209,0
61623,1
118261,0
105816,0
76058,0
18319,0
109644,0
8331,0
98226,0
131187,0
22608,0
98288,0
41724,0
100797,0
106293,1
84927,0
83214,0
130360,1
128892,0
6284,1
121972,0
39634,0
128015,0
22798,0
31982,0
122699,0
43229,0
46052,0
84932,1
11381,0
59520,1
120058,0
64987,0
23013,0
137258,1
34625,1
82979,0
139610,0
135042,1
122520,0
28070,0
102420,0
135016,0
77556,0
292,0
101001,0
37283,0
89298,0
83255,0
99766,0
137643,0
24876,0
80043,0
93726,0
104755,0
74039,0
71661,0
66655,0
121073,1
24869,1
7709,0
432,0
12493,0
129387,0
34503,0
79496,0
116735,0
85021,0
110165,0
23193,0
124010,1
73268,0
54275,0
134314,0
103097,1
29895,0
76802,0
12604,1
66057,0
19292,1
109252,0
122210,0
35681,1
109603,1
8710,0
66498,0
130761,0
51932,1
64753,0
95441,0
38529,0
79511,1
84584,0
122868,0
41195,0
123080,0
123332,0
62073,0
18501,0
137312,0
81271,0
57247,1
112037,0
132476,0
106590,0
125429,0
10427,0
95357,0
10189,0
133175,1
111448,1
30259,0
73462,0
78028,0
16205,0
6355,0
61739,1
88514,1
94078,0
56686,0
133012,0
19137,0
53264,0
87735,0
77778,0
129942,0
24837,0
129585,0
82912,0
59747,0
89641,0
133279,0
75280,0
95718,1
85025,0
2490,1
74041,1
111251,0
17537,1
38351,0
74114,0
8098,0
109365,0
95772,0
71871,0
138659,0
70054,0
136851,0
101459,0
51102,0
33574,0
64520,0
59727,0
59709,0
84971,0
105964,0
20922,0
19979,0
104602,0
75761,0
23474,0
109956,1
101790,1
119579,0
131484,0
90971,0
93611,0
32746,0
92912,1
50952,0
58043,0
75,0
72193,0
78509,1
114324,0
71326,0
48177,0
108671,0
87302,1
62469,0
28867,0
19478,0
108656,0
80129,0
46521,0
8220,0
77084,0
38828,0
110837,0
21044,1
63022,0
13750,0
57246,0
4943,0
73176,0
96162,0
66175,1
41543,0
69120,0
3652,1
55178,0
45158,0
122638,0
17186,0
48872,0
35984,0
87304,1
88257,1
84541,0
33743,0
42626,0
33299,1
38491,0
75269,1
24170,0
103437,0
112305,1
228,0
82098,0
80035,0
19011,0
10578,0
33757,0
134936,0
8279,0
41712,0
131211,0
73722,0
68938,1
120315,0
75521,0
26225,1
120078,0
106139,0
32905,0
128670,0
87084,0
37537,0
72859,0
70434,0
107510,1
101173,0
138325,1
7710,0
9307,0
108529,0
78190,0
108681,0
133623,0
58762,0
24217,0
119105,1
14964,0
73206,0
12298,1
12851,0
99801,0
40068,1
7178,0
135467,0
71170,1
138827,1
75545,0
67062,0
107327,0
52163,0
101002,0
4396,0
386,0
28314,0
30603,0
119671,0
79574,0
91776,1
97714,1
72873,0
18985,0
38103,1
63798,0
77113,1
119918,1
132288,0
48252,0
23416,1
37064,1
26328,0
76582,1
51389,0
72457,0
136618,0
37772,0
119937,0
33257,0
60927,0
14422,1
125133,0
17827,0
51799,0
24280,0
95078,0
34015,0
130678,0
34756,0
128763,0
26114,0
18018,0
69780,0
136878,1
25287,1
87985,0
81298,0
22917,0
13555,0
63327,1
27599,1
132344,0
37967,0
36008,0
138597,1
83454,0
136157,0
93911,1
123208,0
50794,0
23802,0
94566,0
8885,0
72361,0
23373,0
91146,0
47377,1
114062,0
36815,0
49847,0
89522,0
99693,0
94731,0
28227,0
23936,0
132223,0
103150,0
26154,0
122257,1
40360,1
49536,1
3342,0
66683,0
52076,0
73138,0
100625,1
70551,0
94766,0
103841,0
104850,1
43877,0
94859,1
57595,0
107107,1
134997,1
43017,0
138845,0
69815,0
2539,0
120989,1
43439,0
106800,0
53731,0
70336,0
64338,0
46074,1
9285,0
49877,0
111782,0
102443,0
42252,0
14987,0
53619,0
69190,0
65714,0
123474,0
38180,0
33726,0
24205,0
16902,0
38586,0
85082,0
91535,0
122494,0
114674,1
117710,0
122714,0
112803,0
84953,0
14120,0
97178,0
116624,0
46588,0
107775,0
43896,0
15436,0
138172,1
106513,1
520,0
15655,0
81981,0
44173,0
30640,0
137806,0
107438,0
64786,0
22668,0
32724,0
95021,0
111119,0
42175,0
124198,0
47002,0
34515,1
25095,0
54298,1
7333,0
94292,1
112215,0
119332,0
107121,0
95240,0
39883,1
56654,0
52586,0
53878,0
78215,0
90326,0
118672,0
20651,0
129861,0
72655,0
8540,0
106827,0
117641,0
55589,0
127777,0
53631,0
54803,0
137045,0
14299,0
136498,0
134933,0
74423,1
71697,0
33104,0
44969,0
11563,0
88680,0
8401,0
79142,0
61515,0
64321,0
99721,0
104496,0
124088,0
27234,0
87161,0
99919,0
128969,0
139959,0
18558,0
140491,0
102986,1
59931,1
127813,0
29864,0
99231,0
26728,0
88846,0
114406,0
66573,0
95121,0
10515,0
74587,0
122035,0
27479,0
117667,0
38237,1
61576,0
137678,0
861,0
80015,0
44887,0
113529,0
104694,0
135507,1
116399,0
127058,0
17170,0
18448,0
108613,0
16227,0
64638,0
35222,0
130897,0
48179,0
119787,0
132294,0
139834,0
44574,1
50808,0
58761,0
62501,0
109017,0
130858,0
6381,0
12377,0
116565,0
75604,0
138990,0
80989,0
86310,0
90834,0
49163,0
52393,0
122337,0
135158,0
52056,0
118056,0
2589,0
93201,0
90266,0
80520,1
139636,0
45305,0
125340,0
115680,0
53465,0
61588,0
44560,1
69288,0
55599,0
101658,0
20937,1
80781,0
18922,0
47396,1
79044,0
42522,0
111424,0
39729,0
87416,0
103156,0
94008,0
54639,1
28909,0
122783,0
2874,0
77746,0
44384,0
55943,0
137195,0
138337,1
77303,0
2809,0
91195,0
35828,1
129073,0
111102,0
125732,0
50745,0
33397,0
59346,0
35792,0
78127,0
117262,0
109656,1
140526,0
18993,0
5033,0
123039,0
81164,1
129647,0
81471,0
109980,0
63686,1
25248,1
56897,0
18747,0
124007,0
98601,0
40245,0
62968,0
57774,0
114446,1
99113,1
33854,1
95986,0
59990,0
3546,1
133806,0
140094,0
49788,0
135660,0
53354,0
140396,0
42690,0
8951,0
6971,1
51648,0
140239,0
13081,0
35811,0
48463,1
120161,0
78320,0
21080,1
108587,0
125518,0
31858,0
114673,0
67600,0
44226,0
12997,0
73288,0
46422,1
7900,0
20229,1
85272,0
81546,0
94722,0
15018,0
131744,0
70293,0
21231,0
55759,0
85217,1
34566,1
116836,0
44696,0
50588,0
51764,0
53033,0
98451,0
61415,1
44604,0
129461,0
84841,0
8549,0
24933,0
139640,1
11364,0
3555,0
42621,0
98191,0
118661,0
111720,0
16625,0
54552,0
15673,1
18204,1
120298,1
103679,0
103129,1
123012,1
24215,0
42420,1
5253,0
68028,0
71972,1
90622,0
78518,0
110326,0
120079,1
41100,0
64066,0
69627,0
67484,0
136271,0
120622,0
77362,0
34153,0
133739,1
22836,0
98570,0
71399,0
59497,0
69172,0
119655,0
14526,0
21672,0
121166,0
77479,0
18568,0
77324,0
28077,1
51991,0
109297,0
38138,0
134615,1
25122,0
60619,0
123025,0
49963,0
126687,0
97508,0
9742,0
134711,0
46900,0
138886,0
20271,1
4821,0
128740,0
48985,0
14084,1
47305,1
5868,0
137563,0
81437,0
22953,1
15348,0
122320,0
33690,0
29080,0
62923,1
106104,0
12895,0
83136,0
21412,1
65673,0
96479,0
36171,0
88332,0
88645,0
9043,0
22227,0
24048,1
14529,0
122073,0
18003,0
61219,1
137530,0
99192,0
104706,1
131567,0
43920,0
67028,0
67637,1
10946,0
130026,1
72452,0
95316,0
94302,0
62111,0
10791,1
119165,0
18220,0
11862,0
16617,1
110828,0
17044,0
105855,0
96988,0
104029,0
105215,0
6112,0
75451,0
73088,0
26262,0
37582,0
123335,0
90651,0
94863,0
104563,1
16845,0
42803,1
121554,0
99460,0
87558,0
66582,0
96160,0
92601,1
12552,0
107266,1
46363,0
109909,0
111639,1
77068,1
5028,0
64796,1
6906,0
112603,1
59431,0
96153,0
89438,0
38702,1
119296,0
35978,0
116728,0
17053,0
16836,0
7507,0
29512,0
62623,0
29627,0
19177,0
24848,0
78089,0
96443,0
15937,0
48988,1
90636,1
94386,0
114114,0
125113,0
73748,1
107866,0
128148,0
37798,1
46933,0
82532,0
79908,0
104938,0
20306,0
120585,0
135944,0
81878,0
109003,0
9875,1
84895,0
44933,0
102789,0
851,0
95944,0
125125,0
16824,0
20943,0
84293,0
58595,1
132795,0
127760,0
22152,0
75288,0
78189,0
50573,0
15229,0
6899,0
127892,0
89837,0
86043,1
57413,1
49449,1
58871,0
12799,0
74610,1
82081,0
63233,1
63348,0
49546,0
140221,1
110287,0
132520,0
90565,0
23832,1
18099,0
92784,1
132474,1
57101,0
53791,0
55633,0
60572,1
27558,0
76077,0
63415,0
108157,0
45680,0
55859,0
119158,0
42344,0
15625,0
44321,0
114277,0
99983,0
82125,1
101008,0
66928,0
94507,0
108282,0
44120,0
43642,0
110156,0
111372,0
31361,0
52618,0
74883,0
103068,0
92443,1
54686,0
86972,0
63096,1
111938,0
9317,0
70074,0
30271,0
50790,1
61635,0
92145,1
33577,0
34028,0
52295,0
88996,1
12662,0
20593,0
1535,1
19612,0
31493,0
34682,0
30813,0
117162,0
34005,0
126519,0
87330,0
79324,0
124504,0
21298,0
81109,0
68397,0
96658,0
6470,0
27926,1
41824,0
7933,1
89287,0
35539,0
86501,0
56875,1
65202,0
131609,1
128475,0
86068,1
115514,0
111681,0
42153,0
116861,0
118698,0
96721,0
7970,0
62499,0
26191,0
30859,0
30228,0
22675,0
98127,0
21683,0
65224,0
106595,1
120679,0
73636,0
1676,0
45487,0
89360,0
2636,0
132422,0
98233,0
79166,0
31468,0
60626,0
3464,1
64554,0
14251,0
127187,0
37392,0
85460,0
53535,0
42818,0
6149,0
61554,1
32750,0
182,0
4875,0
694,0
5160,0
10662,0
110025,0
103898,0
118482,0
100034,0
22609,1
97597,0
59713,0
123413,1
136741,0
37865,1
99427,0
106797,0
27572,1
46175,0
28123,1
140307,0
45385,0
126947,0
87068,0
114957,0
94901,1
21945,0
24068,0
140123,0
70381,1
66108,1
2153,0
31219,0
15909,1
47985,0
102633,0
30994,0
138811,0
132307,0
98589,0
11207,0
72596,0
93670,0
37593,0
77532,0
85839,0
35977,1
57288,0
16438,0
129144,0
110937,0
97724,0
58630,1
67905,0
100634,0
26472,1
27204,0
90978,0
21156,0
6321,0
121512,0
110256,0
116316,0
68796,0
32296,0
62413,0
70175,1
24863,0
110395,0
100263,0
110290,0
55081,0
32217,0
82295,0
18595,0
124372,1
119006,0
129093,0
53439,0
34100,1
108230,0
96622,0
84709,0
140262,1
21113,0
82577,0
130842,1
113549,0
94197,1
85998,1
48834,0
129452,0
62496,0
119381,0
3797,0
134837,1
12384,0
51140,0
6591,0
20600,0
137974,1
81401,0
109695,0
38151,0
99198,0
57630,0
118873,0
60742,1
70141,0
26903,1
73171,1
44528,0
82324,0
11843,0
49781,0
129897,1
92320,0
88573,0
92967,1
74730,0
81881,0
121500,0
47011,0
75461,1
36367,1
55683,0
140206,0
1261,0
69975,0
55133,0
83781,0
131964,0
7032,1
33882,0
40407,0
15209,0
24295,1
23224,0
129209,1
26021,0
27745,0
90625,0
48290,0
114113,0
61816,0
50558,0
18174,0
129196,1
111527,1
89204,0
5530,0
73653,0
45834,0
64995,0
81880,1
117020,1
19881,0
90272,0
50767,0
130720,1
19095,0
12837,1
38073,0
46683,0
110315,1
92472,0
103609,0
117803,1
97254,0
66967,1
86686,0
106279,1
72461,0
6884,0
67674,0
117444,1
61455,0
121921,0
60251,0
52587,0
89451,0
106211,0
36814,0
83167,0
110708,1
134242,0
85669,1
109098,1
101207,0
114911,0
12073,1
85956,0
99689,0
17468,1
117945,0
87784,0
68281,0
77659,1
31362,0
131721,0
82818,0
90571,0
134472,1
102035,0
307,0
62524,0
17179,0
83168,0
63841,1
109990,0
23312,1
101166,0
108070,1
123185,0
100703,0
109585,0
113237,0
60738,0
17858,0
61225,0
135531,0
75320,0
42049,0
134673,0
26514,0
75876,0
42917,0
5079,0
129929,0
14668,0
58559,1
3420,0
11672,0
17872,0
61753,1
68904,0
33519,0
56468,1
17065,0
110832,0
31574,0
21031,0
47588,1
13209,1
130408,0
122967,0
83380,0
132339,0
71796,0
84504,0
89071,0
110925,0
67509,0
98244,0
94698,0
90669,1
71866,0
84839,0
86205,0
105430,1
3267,0
134576,1
89319,0
120365,1
18730,0
113260,0
43132,1
85629,0
127342,0
111437,0
121938,0
62379,1
91861,0
113880,1
79484,1
40801,0
99756,0
14280,0
120414,0
23303,0
120237,0
4367,0
71437,0
98158,0
5994,0
49207,1
39207,0
42276,0
13533,0
56953,0
63389,0
125520,1
95150,0
5972,0
92959,1
30137,0
77561,1
8319,0
27405,0
41094,1
18277,0
11641,0
31676,1
28137,0
46808,0
35682,0
25650,0
47245,0
107691,1
65262,0
123926,0
69862,0
76620,0
42879,1
125829,0
44950,1
68447,0
22048,0
114108,0
122226,1
103279,0
21252,0
9163,0
59206,0
103357,0
119586,0
66584,0
122146,0
98269,0
90603,0
74640,0
84572,1
82890,0
128545,0
78079,0
133960,0
14810,0
8426,0
85431,0
68306,0
94741,0
112555,0
44994,0
82809,1
45239,1
38652,0
125410,0
42931,0
140674,0
17644,0
101802,0
7446,0
121730,0
134050,0
43586,0
66634,0
99622,0
20109,0
768,0
72492,0
40825,0
118189,0
32538,1
88900,0
82690,0
6361,0
124166,0
35472,1
74572,0
16644,0
78392,0
43620,0
129870,0
117891,1
19381,0
31947,0
73318,0
107882,1
27981,0
9921,0
28620,0
56714,1
108476,0
36428,0
80970,0
70477,0
45696,0
120122,0
87871,1
122282,0
65817,1
136871,0
111393,0
34832,0
106135,1
41369,1
83734,0
100723,1
69792,0
83043,0
102793,0
103141,0
58434,0
23753,0
93970,0
7318,1
57107,0
119238,0
21854,0
120477,0
11042,0
128735,1
121955,0
131870,1
39502,0
26398,0
106554,0
98259,1
53353,0
51992,0
134063,1
37611,0
86136,1
96567,0
123196,0
50270,0
37189,0
112664,0
42903,0
124914,1
57823,0
75341,0
66044,1
96626,0
80982,0
90012,0
92040,0
57898,0
114329,0
69089,0
50182,0
3263,0
18717,1
78676,0
20441,0
35298,1
65164,0
48362,0
134767,0
89507,0
55936,1
62426,0
133411,1
76711,0
124359,0
6908,1
101893,0
129996,0
19075,0
15108,0
57345,0
14640,0
106414,1
83226,0
63295,0
12804,0
19722,0
3518,0
82855,0
38248,0
84680,0
126966,0
2658,0
94638,0
68159,0
42525,0
119633,0
42040,0
122240,0
62927,0
128501,0
14028,0
112804,0
15351,0
43815,0
80133,0
110608,0
46634,0
127815,0
24361,0
16550,0
79921,1
73301,0
32124,0
72475,0
73227,1
29806,0
48813,0
84288,1
27790,0
123136,1
6839,0
20118,0
57600,0
14072,0
122220,0
86804,0
11768,0
111604,0
44742,0
134721,1
4126,1
105090,0
122601,0
103759,0
15759,0
71288,0
10511,1
5355,0
30297,0
57843,0
5445,0
80953,0
100142,0
116342,0
106248,0
126119,1
140432,0
120728,0
60316,0
27952,0
92920,0
7245,0
34140,1
120951,0
115683,0
96848,0
109992,1
30879,0
56842,0
138632,0
2504,0
100188,0
72540,0
55458,0
74538,0
82872,0
50585,1
89622,0
76516,0
50060,0
10704,0
103515,0
33970,0
11952,0
26932,0
106685,0
130520,0
52270,0
32603,0
31591,0
1783,0
64680,0
129624,0
62551,0
19699,0
30882,0
88611,1
93376,0
17460,0
109842,0
18671,0
78755,0
133648,0
62249,0
7469,0
98746,0
121624,0
124552,0
124888,0
48786,0
15853,0
14914,1
63151,0
50145,1
134976,0
94944,1
50109,0
56019,1
131148,0
36438,0
89734,0
54337,0
66311,0
78736,0
53256,0
28226,0
121134,0
84952,1
107467,1
15069,1
99792,0
139797,0
101810,0
97459,0
119928,1
128806,0
20163,0
102731,0
46847,0
137882,0
21119,0
128253,1
60028,0
45868,0
132319,0
19738,0
64267,0
123609,0
57489,0
36956,0
42444,0
135025,0
135909,0
22880,0
28709,0
10857,0
27957,0
39667,0
67277,1
73385,1
16695,1
9322,0
18450,0
24668,0
99877,0
54145,0
118112,0
53166,0
12282,1
36250,1
68303,0
32568,0
92120,1
138598,0
112270,0
17466,0
23026,0
87014,0
54064,0
9161,0
104978,0
26934,0
46443,1
39840,0
107414,1
133227,0
100149,1
87744,1
64486,1
62029,0
132112,1
100796,0
71836,1
136213,0
55592,0
50529,0
43722,0
111919,0
35391,0
118167,0
138516,0
59859,0
43481,0
109674,1
41444,0
73874,0
29542,0
53728,0
25043,0
102055,0
29780,0
80969,0
92633,0
131059,0
23253,0
514,0
139469,0
121530,0
109169,0
122933,1
11018,0
97152,0
82311,1
1528,0
86135,0
29073,0
1961,0
91761,1
3868,0
25033,0
80640,0
37127,0
120707,1
50352,0
30157,0
92947,0
138306,0
86984,0
77782,1
105319,0
126605,1
64366,0
21330,0
18278,1
11182,0
18914,0
97555,0
30953,0
38272,1
88534,0
139823,0
58675,0
44435,0
95059,0
71120,1
13086,0
8290,0
103727,0
68851,0
133408,1
12503,0
96915,0
91972,0
24793,0
101256,0
28830,0
65440,0
37875,0
68681,0
98138,0
85802,0
54041,1
57471,0
70895,0
23051,0
127436,0
111655,0
49343,0
65901,0
100807,1
126529,0
85095,0
60350,0
101077,0
17231,0
111383,0
120434,1
66079,0
57285,0
3191,1
110833,0
131263,0
31108,1
30466,0
5904,0
109694,0
93616,0
104667,0
95959,0
36433,0
46404,0
114510,0
37854,1
118116,0
5873,1
92159,0
80822,0
106206,0
133647,0
116228,0
126365,0
49993,0
23221,0
4385,0
26578,0
89278,0
71186,1
69558,0
17280,0
43376,0
12984,0
121260,0
104497,1
90067,1
76546,0
33708,0
79310,0
10782,0
20191,1
31543,0
90645,1
101320,0
59238,0
2942,0
78017,0
88610,0
99403,1
2952,0
32034,0
31633,0
134359,0
131005,0
104195,0
129136,0
93277,0
5171,0
136879,0
43134,0
13339,0
113517,0
139899,0
5635,0
102641,0
4853,0
97694,0
67195,0
137971,0
80020,0
76363,1
101095,0
61308,0
45370,0
34429,0
19777,1
93961,0
137319,0
86934,1
115305,0
72690,0
67535,1
78955,0
100642,0
68341,0
92760,1
94030,0
107955,0
119898,1
48902,0
34876,0
69674,1
136063,0
49820,0
134195,0
29830,0
116570,0
36197,0
4244,0
13417,0
100280,1
31817,0
36284,0
67249,1
17427,1
64772,0
44466,0
39084,0
114616,0
111623,0
52933,0
66658,0
120430,0
86793,0
85511,1
15700,0
40193,0
4332,0
139400,0
98934,0
99059,0
17680,0
45359,0
49584,1
22753,0
7213,0
28341,0
131734,1
108814,0
35748,1
135633,0
113532,0
44077,0
25200,0
45810,1
1123,0
96480,0
13980,0
24127,0
121475,1
95706,0
24207,1
42709,0
11168,0
108870,0
94699,0
69245,1
30298,0
140688,0
81524,1
72802,0
89684,0
58281,0
80369,1
4584,0
81757,0
47089,0
84169,0
39566,0
8858,1
86413,0
127215,0
73928,1
65326,0
41858,1
6367,0
117588,0
103366,0
93435,1
52562,0
18748,0
14389,0
76467,0
106914,1
23248,0
82046,1
4370,0
110467,0
55114,0
102075,0
19409,1
44675,0
137196,0
61100,0
86568,1
96559,0
101327,0
31578,0
84353,0
109190,0
10051,1
117587,1
96302,0
104831,0
80089,0
99347,0
44819,0
21446,0
35787,0
9691,0
12765,0
96771,0
69791,0
113512,0
31138,0
78932,0
76842,1
110023,0
130993,0
27293,0
27416,1
26422,0
108850,1
92996,0
64304,0
57108,0
51204,0
16349,0
89988,0
37768,0
127732,0
79623,1
85120,0
93746,0
42563,0
58003,0
51710,0
33521,0
121627,0
130810,0
125374,1
82925,0
90647,0
13028,0
84589,0
97562,0
54883,0
123437,0
70423,0
8654,0
10465,0
132541,0
64351,0
85006,1
16333,0
85238,0
82640,0
16024,0
117812,0
130038,0
87857,0
90422,0
114058,1
32895,0
12360,0
125745,0
9821,0
111421,0
93733,0
20734,0
40817,0
31458,1
522,0
64322,0
27171,0
80602,0
21862,0
6701,0
104920,0
53273,0
65197,0
20025,0
131800,0
9934,0
8305,1
103769,0
130657,0
132166,1
68042,0
109287,0
101622,1
83706,0
9484,0
33410,0
102736,0
108132,0
100787,0
37360,0
96769,0
122747,0
121662,1
48196,1
67679,0
24186,1
17008,0
125360,0
24823,0
132302,0
106896,0
56569,1
10985,0
32532,1
16814,1
9728,0
49962,0
10337,0
24279,1
126908,1
24994,0
31568,0
135825,0
139624,0
93501,1
128745,1
97155,0
65100,0
60141,0
119923,1
96220,0
106740,0
65400,1
65222,0
107383,0
68732,0
4083,0
132539,0
2587,0
109604,0
98471,0
7927,0
125817,1
133427,0
57412,0
70740,0
94726,1
79968,0
102837,0
39418,0
101747,0
91095,0
122299,0
6452,0
129145,0
6291,0
109601,0
29333,0
1472,1
49884,0
57109,0
83239,0
50914,1
25199,0
83068,0
74815,0
24428,0
43820,0
123956,0
973,0
48181,1
29713,0
44844,0
27398,0
130998,0
32078,1
14843,0
39743,0
48725,0
135280,0
18206,1
19249,0
94488,0
29805,0
18335,0
33279,0
85543,1
95534,0
92456,0
104341,0
82812,0
71142,0
120894,0
78623,0
135355,1
117189,1
85262,0
72287,0
135442,1
117031,0
63116,0
64224,0
74691,0
138614,0
83277,0
39934,1
16252,0
17937,0
80999,1
55229,0
113675,0
133527,0
90038,1
39674,1
140355,0
103844,1
109256,0
55640,0
64792,0
17945,0
100093,0
26121,1
79168,0
127393,1
28067,0
15773,0
52988,1
122523,0
109220,0
26570,0
4464,0
32307,0
11044,1
111944,0
94878,0
92707,0
14650,0
85466,1
56049,0
16162,0
40356,0
49064,1
119253,0
126011,1
111947,0
130758,0
82322,1
647,0
100825,0
109959,0
138729,0
127067,0
64302,0
85253,1
121191,0
77341,0
79153,0
104904,0
73034,0
52847,0
35541,0
100394,0
58554,0
127390,0
68307,0
20875,0
109914,0
85364,0
117021,0
71018,0
92909,0
91879,0
7665,1
16937,0
140113,0
25891,0
70904,0
136843,0
103456,0
60922,0
3452,0
135530,0
135060,0
40684,0
119976,0
41780,0
24463,0
73484,0
87671,0
54999,0
27629,0
36015,0
38301,0
1178,0
120016,0
65803,1
6651,0
89833,0
489,1
96893,0
95925,0
27250,0
47988,0
130784,0
24054,0
40210,0
98900,0
97469,0
25042,0
136582,0
134330,0
55003,0
40885,1
911,0
62536,0
21543,0
108661,0
32108,0
34284,1
17358,0
39299,0
128520,0
61147,1
20870,0
39165,0
43886,0
75048,1
97625,0
16031,0
28808,0
53249,0
64469,0
110396,0
32055,0
32470,0
49992,0
122961,0
42254,0
65185,0
68782,1
79661,0
9263,0
98537,0
29112,0
35063,0
33144,0
53671,0
120102,0
80146,0
120105,0
109712,0
74785,0
72115,0
64146,0
113403,0
131547,0
115753,1
5668,1
116190,0
24684,0
540,0
70517,0
12916,1
59272,0
55290,0
128782,0
55800,0
30464,0
10818,0
64001,1
131949,0
84565,0
91532,1
111092,0
2616,0
43786,1
16089,0
23811,1
89596,0
91143,0
135145,0
106098,0
124354,0
105588,0
112565,0
50904,0
88290,0
95802,0
66308,1
41135,1
45701,0
66776,0
12201,0
29517,0
130372,0
15920,1
88267,0
17267,0
97135,1
74593,0
135648,1
131765,0
129569,1
125770,0
33196,1
87709,0
36491,1
73703,1
92984,1
5037,0
23265,0
1086,0
61737,0
30323,0
125426,0
2146,1
91008,0
85084,0
13759,0
3677,0
10517,1
69634,1
7926,0
104925,0
10590,0
92972,0
113266,0
78594,0
14436,0
126553,0
109783,0
131770,0
21570,0
49353,0
5159,0
71074,1
124411,0
94832,1
126629,1
136918,0
33270,0
32178,0
111962,0
40400,0
89167,0
94900,0
67287,1
105147,0
29413,0
131728,0
84789,0
75220,0
65379,0
39064,0
28521,0
68045,0
131459,0
30335,1
114309,1
96688,1
86422,0
61204,0
130565,0
54507,0
67557,0
97531,0
121124,0
48843,0
129783,0
14822,0
17464,0
120049,1
73960,0
58106,1
79292,0
116392,1
28988,0
60322,0
14594,0
63929,0
55304,0
22290,0
27611,1
33103,1
10681,0
45170,0
101412,0
90385,0
67534,0
48457,0
104506,0
98752,0
65179,0
67403,0
134661,1
38705,1
12645,0
44773,0
117682,0
132061,0
33352,0
81151,0
95500,0
79681,0
6388,0
12042,0
36577,0
32590,0
116245,0
26026,0
43021,0
90451,0
41860,0
62178,0
125980,1
128987,1
6542,0
105637,0
18463,0
114949,0
17230,0
132952,0
93960,0
104397,0
115988,0
121238,0
107286,0
130969,1
131919,0
125893,0
93279,0
139464,0
92459,0
34225,0
44420,0
140611,0
75693,0
86434,0
28415,0
128787,0
7876,1
64805,0
17088,0
77544,0
133072,0
103224,0
137673,0
43657,0
12091,0
134793,0
124387,0
72488,0
7605,0
48505,0
75064,0
63998,0
61590,0
32274,0
99438,0
103764,0
16715,0
10908,1
96741,1
29947,0
117072,1
72464,0
30716,1
2369,0
24203,0
102663,0
84538,0
10925,1
90204,0
66654,0
54062,0
109624,1
70250,0
89268,0
117773,0
114360,0
110931,0
24336,0
140336,0
135957,0
36647,0
115196,0
87231,0
76858,0
112122,0
54443,0
18389,0
83492,0
24001,0
49261,1
806,0
41131,0
14703,0
69303,1
119824,0
2495,0
132491,1
77688,0
123475,0
56420,0
124756,0
61835,0
89213,0
87309,0
121983,1
37269,0
1673,0
54142,1
80998,0
18101,0
2555,0
101389,1
130488,1
71691,0
76723,0
61579,1
17462,1
71802,0
28944,0
31890,0
41940,0
139550,0
136856,0
66707,0
51452,0
67198,0
130265,1
41258,0
109668,0
36246,0
119777,1
135401,0
21062,0
127285,0
23991,0
16410,0
85274,0
55395,0
56641,0
75714,0
26385,0
13996,0
132817,0
53849,1
48673,1
89994,0
50583,1
14973,0
21165,0
96504,0
61439,0
27898,0
24017,0
41839,1
25220,1
88907,1
82223,0
51509,1
1117,0
63759,0
40946,0
50626,1
92741,0
98492,0
22963,0
132315,0
73383,1
34850,0
27271,0
108985,0
103124,0
97669,0
117183,1
129925,0
103970,0
1146,0
120389,1
23847,0
97450,1
82994,0
14708,0
51261,0
15510,0
111290,0
36209,0
68100,0
59337,1
65348,0
36435,0
102832,0
125040,0
77394,0
78960,0
32097,0
109925,0
21466,0
92140,0
101085,0
49386,1
135618,0
108187,0
128613,1
32579,0
89819,0
131696,0
20880,0
119699,1
111786,0
40558,0
96198,0
79715,0
131683,0
128212,0
87875,0
138114,1
71773,0
128774,0
52716,0
131296,1
33951,0
101496,0
43716,0
86561,0
100318,0
133149,1
109708,0
75624,1
5243,1
109432,0
47491,0
3777,0
112496,0
33938,0
24530,1
77891,0
59259,0
84499,0
63420,0
118581,1
134697,0
122929,1
116884,0
50186,0
22872,0
121394,0
102875,0
74764,0
37598,0
86211,1
30660,0
71775,0
48266,0
111181,0
97225,0
124498,0
115226,0
37324,0
69574,0
119075,0
129579,0
133620,1
110049,0
22759,0
91571,0
84172,0
29201,0
23593,0
73967,1
189,0
140465,0
40802,0
106773,0
41443,0
116293,0
103048,0
25623,0
91601,0
114968,1
74241,0
76010,0
70055,0
114350,0
7170,0
69188,0
8244,0
82616,0
17279,1
26592,0
43279,1
81629,0
40879,0
1647,1
48005,0
72466,0
56025,0
30601,0
56644,0
126924,0
91591,0
55487,0
50139,0
136222,0
127880,1
72743,0
10186,0
135078,0
118321,0
69451,0
58893,0
120493,1
120948,0
19617,1
12926,0
40401,0
124191,0
590,0
94820,1
34724,0
23258,0
33552,1
81849,1
4690,0
107024,0
119378,0
105871,0
82249,1
133121,0
72021,0
14651,0
133472,0
123760,0
134728,1
43034,0
112588,0
122588,0
39802,0
138480,0
71650,0
72353,0
104380,0
69882,1
113625,0
130608,0
130102,0
34843,0
84922,0
99125,0
83089,0
75389,0
65380,0
72897,0
38279,0
9113,0
79337,0
102480,0
48628,0
107707,0
27605,0
38688,1
114870,1
72500,0
126303,0
125024,0
8252,0
121463,0
121525,0
97881,0
19121,0
56945,0
111954,0
58734,0
96276,0
98123,0
14578,0
52112,0
68020,0
15557,0
4401,0
63392,0
21813,0
37207,0
103277,0
59716,0
20043,0
131703,0
52677,0
93596,0
73715,0
1087,1
71989,1
38267,0
116043,0
92056,0
94729,0
60416,0
102343,0
85940,0
34951,0
121724,0
21578,0
75805,0
69585,0
137507,1
110525,0
91063,0
29271,0
137012,0
57206,0
125433,0
70538,1
23413,0
116536,1
60991,1
51796,0
60623,0
48935,1
21049,0
87698,0
5459,0
15184,0
97043,0
92012,0
14735,0
27,1
18940,0
11941,0
58587,0
122911,0
7567,0
51885,1
103197,1
15959,1
82164,0
135296,0
58940,1
116367,0
110654,0
102389,0
64926,1
84310,1
99628,1
98576,1
106632,0
115479,0
138738,0
98795,0
37373,0
91298,0
88968,0
130113,0
43882,0
103920,0
117397,0
138335,0
136193,1
64345,0
31479,0
82977,0
130521,0
59572,0
114561,1
114804,0
102867,0
108239,0
57167,0
69870,0
7545,0
33532,0
31511,0
34333,0
53543,0
61361,0
99930,0
62348,0
111828,0
48424,0
86085,1
88631,0
69904,0
91049,0
82395,0
68046,0
37192,0
22249,1
65565,0
36403,0
104641,0
108876,0
42586,0
82937,0
83868,0
4705,0
59187,0
122187,1
20855,0
126931,0
58651,0
107099,0
97441,1
96818,0
132782,1
56301,0
63646,0
86988,0
43112,0
48670,0
46386,0
107058,0
140010,0
62987,0
9746,0
113119,1
2053,0
59458,0
83313,0
16573,0
123943,0
25428,0
89106,0
96285,1
65399,0
101353,0
84080,1
60066,0
79450,0
42795,1
29579,0
93964,0
37760,0
16417,0
94416,0
18719,0
139287,0
104656,1
15787,1
45562,0
106147,0
72706,0
92490,0
69111,0
120904,0
28181,0
128900,0
79726,0
130495,1
83041,1
42923,0
66540,0
20769,0
36052,0
54710,0
59995,1
96369,0
54930,0
3514,0
70891,0
118507,0
23598,1
71200,1
3488,0
129789,0
78401,0
53294,0
100050,0
2473,0
83140,1
105348,0
114608,0
92454,0
91131,0
7082,0
127701,1
1463,0
107182,0
135046,0
118138,0
119716,0
114055,1
110468,0
42146,0
96725,0
23435,0
14812,0
54695,0
41215,0
74911,1
73218,0
132971,0
136111,0
124576,0
111847,0
19151,0
119624,0
114901,0
121328,0
9015,0
68800,0
60637,0
92781,0
122836,0
3833,0
102154,0
83335,0
24395,0
603,0
52567,0
10899,0
46655,0
2324,0
36133,0
28980,0
120896,0
80867,0
57161,0
35382,0
9703,1
14710,0
39809,1
17686,0
101368,0
34454,0
90004,0
6271,0
50685,0
73933,0
50586,0
81105,1
70232,0
32308,0
138561,0
109250,1
116876,1
116792,0
108815,1
130465,0
135489,0
17114,0
35047,0
132903,0
118249,0
18565,0
4173,0
8019,0
27208,0
97460,0
28178,0
85646,0
104585,0
112247,1
127511,0
98983,0
80051,0
48015,0
135667,1
106165,0
61550,0
130193,1
103783,1
55894,0
34516,1
39863,0
107077,0
48807,0
83975,0
109887,0
103335,0
15602,1
140640,0
75553,0
78152,0
83713,0
63009,0
8233,0
80324,0
92715,0
49712,1
134031,0
95171,0
95760,0
102187,0
34599,0
54613,0
124257,0
1111,0
17543,1
73125,0
37608,1
65685,1
105059,0
88474,0
23237,0
138351,0
6318,0
92994,0
30987,0
128251,0
88008,0
4536,0
100131,0
123280,0
132644,0
24782,0
7907,0
109238,0
35982,0
22569,0
45993,0
26119,0
80452,0
34327,1
39744,0
131971,0
127539,1
65775,0
100632,0
63406,0
89614,0
70568,0
46640,0
38814,0
106450,0
126264,1
89508,0
106707,0
45246,0
90320,0
107792,0
74301,0
72940,0
94235,1
114549,0
86662,0
52511,0
104408,0
67221,0
129959,0
78447,1
59055,0
17206,0
23433,0
96175,0
115974,0
70116,0
72870,0
51821,0
6924,1
1540,0
112792,0
31278,1
1503,0
80868,0
49940,0
50277,0
96689,0
75138,0
112088,0
43006,0
79573,0
40984,0
69128,0
100253,0
16061,0
127254,1
41354,0
63219,1
43740,0
106895,0
136886,0
100365,0
65375,0
36805,0
5773,1
88562,1
98642,1
70132,0
104685,0
31024,0
17426,0
103845,0
45033,0
26981,0
100074,0
115294,1
77756,0
89481,0
21817,0
109599,0
617,1
12651,1
84314,0
8674,0
113916,0
139136,0
52476,1
55091,0
125920,0
90569,0
115403,0
103758,0
4420,0
119262,0
77517,0
89087,0
26640,0
35110,1
71391,0
17484,0
77535,0
83059,1
37119,0
10111,0
78885,0
47512,0
5759,1
109378,1
89497,0
118010,0
122301,0
124322,0
110710,0
60427,0
63961,0
3412,0
135120,0
92768,0
119794,0
137712,0
61228,0
83884,0
6763,0
3838,0
80328,1
108637,0
65515,0
17643,0
102002,1
62055,1
58952,0
111887,0
38858,1
133156,0
46064,1
3164,0
96742,0
92440,0
132722,0
93299,0
87252,0
44391,0
89327,0
137542,0
40563,0
100047,0
107513,1
37339,0
92442,0
21269,0
118703,0
36857,0
83547,0
10629,0
88720,0
36788,0
111023,0
937,0
118036,0
55833,0
75557,0
20610,0
71602,0
49851,0
56065,0
122845,0
46682,0
53014,1
34433,1
74839,0
49943,0
102781,0
5740,1
57659,1
35826,1
11951,0
34863,0
87228,0
122443,0
137247,0
118572,1
71227,0
93206,0
133707,0
32952,0
23272,0
119832,0
24912,0
50349,0
137223,0
120177,0
7337,0
30454,0
10409,0
76207,0
117712,0
116962,1
10437,0
44856,0
67255,1
19342,0
85406,0
19885,1
80490,0
48694,0
121651,0
109115,0
129880,0
35290,0
36924,1
8972,0
93250,0
127832,0
57712,0
46310,0
2181,0
121403,0
18744,1
83304,1
7686,0
42714,0
42286,0
94880,0
853,0
3208,0
105259,0
73753,0
133264,0
121261,0
138442,0
39124,0
109095,1
60257,0
63558,0
69261,1
126644,0
8819,0
15538,0
18452,1
97570,0
40114,0
118942,1
6121,0
51620,1
75967,0
33185,0
50826,0
29703,0
59935,0
58354,0
140657,0
36654,0
113257,0
114143,0
108770,0
64003,0
101359,0
59883,1
111381,0
136792,0
38373,0
139817,1
118603,0
48396,0
12413,0
84243,1
35104,0
78680,0
60899,0
102518,0
93460,0
99906,0
97601,0
119763,0
12204,0
104187,0
107111,0
105480,0
20064,0
124189,0
3852,0
118793,0
117277,0
126062,0
10327,1
49085,0
91439,1
129104,0
55232,0
53429,0
130713,0
31289,0
135270,0
123320,0
50335,0
42296,0
71748,0
30095,0
20552,1
88220,0
104815,0
127387,0
109345,0
116296,1
43226,0
111995,0
26235,0
86760,0
25916,1
120997,0
126401,0
137556,0
24737,0
101828,0
133627,1
101784,0
73902,0
26110,1
111547,0
28300,0
63062,1
55426,0
90644,0
109053,0
77240,0
66631,1
22357,0
53288,0
32990,0
23842,0
40072,0
111584,0
33701,0
79783,0
48540,1
111261,0
52416,0
1413,0
113361,0
18229,0
105690,0
92146,1
36139,0
32241,0
93480,0
75100,1
82681,1
4934,0
25580,0
110056,0
120187,0
108181,0
47341,0
129760,1
102729,0
12013,0
74502,0
83280,0
2418,0
125534,0
901,0
7675,0
99211,0
62067,0
40624,1
38760,0
40382,0
37896,0
104113,0
133287,0
126986,0
112369,1
35267,1
71839,0
61909,0
111988,0
66460,0
135177,0
54718,0
121803,0
104771,1
128908,0
136846,0
83895,0
130974,0
85044,0
35487,0
133880,0
67358,0
125353,0
23008,0
21808,0
17704,0
61732,0
98491,0
124953,1
11157,0
60145,0
67590,1
86980,0
99179,0
60974,0
32051,0
5252,0
115072,1
123234,0
107575,0
94801,0
111879,0
15162,0
23716,0
43119,0
100570,0
78879,0
49245,0
40466,0
49138,0
28686,0
25684,0
84699,0
119080,0
38331,0
39232,0
53107,1
123615,0
134665,0
137771,0
96896,0
74270,0
8971,0
89842,0
93001,0
78397,1
127837,0
82551,0
29353,0
60077,0
62660,0
14498,0
64482,0
130374,0
117047,0
127365,0
41110,0
72845,0
38168,0
134858,0
44655,0
129985,0
8887,0
58843,0
60459,0
74624,1
2431,0
140291,0
134356,0
46162,0
137666,0
101764,0
6201,1
86503,0
83006,0
11655,0
111718,0
68383,0
123922,0
36676,0
62280,0
42480,0
91705,1
134594,0
133196,0
133945,0
91917,1
32949,0
89572,0
129824,1
47049,0
107116,0
62991,0
134111,0
100562,0
121932,0
132028,0
84158,0
63044,1
28457,0
116958,0
20565,0
95861,0
82884,0
52948,1
105001,0
40225,0
30319,1
109853,0
40222,0
108608,0
14304,0
65029,0
122424,0
130759,0
71297,1
2083,0
9103,0
84383,0
22061,0
82375,0
72767,0
22706,0
12588,0
15153,0
38701,0
91389,0
83201,0
5803,0
123036,0
102940,0
137327,1
10470,0
138593,0
6051,1
75294,0
117984,1
93071,0
131946,0
90386,0
140622,0
30694,0
87530,1
106427,0
115167,0
14536,1
21143,0
44785,0
140509,0
71039,1
18241,0
77987,1
62629,0
39691,1
55717,0
94545,1
113472,0
96608,0
79735,0
126963,0
78083,1
126019,0
116476,0
123594,0
54992,0
126562,0
85432,0
74319,0
19834,0
110550,0
122285,0
73699,0
99479,1
24480,0
82146,0
43460,0
82963,0
324,1
68936,0
82334,0
86516,0
134461,0
107573,0
120875,0
1452,0
43567,0
28011,0
130823,0
20745,0
4470,0
105198,0
26521,0
21647,0
32956,0
53578,0
14954,0
104828,0
81792,1
18047,0
138819,0
123933,0
129883,0
128789,1
66609,1
21778,0
94433,0
124746,0
89461,0
39018,0
82315,0
31691,0
3303,0
80258,0
112310,0
63706,0
127897,0
82372,0
109968,1
134094,0
90527,0
35980,0
78284,0
33957,0
47733,0
79397,0
68647,0
71303,0
77521,0
93193,0
70355,0
97485,1
127882,0
83891,0
14509,0
93940,0
3060,0
138600,1
122041,0
48909,0
26361,0
55018,0
64652,0
2669,0
3373,0
97806,0
128848,0
71895,0
19700,1
42835,1
60200,0
16919,1
117917,0
40861,0
88487,0
12014,0
26745,0
29802,0
81660,0
117304,0
21127,0
78731,0
60748,0
123127,1
38482,0
130845,0
125723,0
40086,0
5799,0
68451,0
37699,0
118159,0
116310,0
59433,0
13422,0
122378,0
92512,0
140257,1
27470,1
31317,0
23173,1
21681,0
68112,0
38800,0
54608,0
39726,1
60680,0
117813,0
117099,0
58020,0
110456,0
75425,0
31588,0
132531,0
135918,0
33512,0
131990,0
21709,0
79949,0
23327,0
13197,0
20277,1
41457,0
110877,0
16221,0
114037,0
75114,0
97230,0
127757,0
86223,0
6573,0
35064,0
81902,0
29481,0
130539,0
87162,0
24551,0
34421,0
79393,0
108369,0
79629,0
125898,0
37349,1
72593,0
30342,0
87259,0
110932,0
119724,0
29377,0
103090,0
50664,0
83755,0
62206,1
139981,0
20130,0
60048,0
70041,0
140236,1
140552,0
39134,0
25224,0
135596,0
107678,0
13513,0
36448,0
78091,0
53199,0
71097,0
19691,0
4938,0
34113,0
1363,0
46580,0
84832,0
120109,0
54368,0
79698,0
111477,0
82639,0
21315,0
77932,0
64513,0
112072,1
51170,0
86590,1
110353,0
24406,0
71720,0
89912,0
26958,0
71966,1
123117,0
74434,0
65824,0
4236,0
103445,0
66952,0
35711,0
101941,0
79139,0
35688,0
110365,1
103497,0
20451,0
110898,1
101773,0
64392,0
93328,1
18554,0
842,0
46036,0
87099,0
4671,0
33097,0
139043,0
124252,0
65139,0
67159,0
99973,1
69968,0
89557,0
12517,0
60452,1
19799,0
29447,0
91354,0
53960,0
39689,0
94330,0
17952,1
64376,0
102516,0
60596,0
74164,0
128761,0
56233,1
140366,0
65213,0
5443,0
111788,0
87571,0
94510,0
22181,1
72930,1
76548,0
20800,0
3183,0
87472,0
11817,1
117659,0
1747,0
119412,0
53954,0
37248,1
77555,0
104681,0
62088,0
79321,1
77124,0
83775,0
102528,0
11547,0
39190,0
71806,0
65231,1
94349,0
124339,0
31579,0
48876,1
32824,0
3,1
76617,1
118518,0
3693,0
38621,0
71913,0
69394,0
92819,0
124442,0
25782,0
123276,0
57732,0
19818,0
108170,0
90612,0
111491,0
71498,0
84061,0
22157,0
22106,0
61420,1
93392,0
348,0
26112,0
50494,0
92311,0
113731,0
36132,0
7936,0
92302,0
52679,0
101122,0
105684,0
72472,1
79213,0
129098,0
77537,0
23737,0
6993,0
67789,0
130779,0
19962,1
89749,1
82067,0
20224,0
44513,0
27945,0
50478,0
38370,0
80021,0
2310,1
101599,0
27279,0
13698,0
9295,0
66763,0
83944,0
22454,0
88545,0
98681,0
49075,0
123513,0
94655,0
23882,0
43660,0
128429,0
94598,0
94251,0
89030,0
98557,1
78420,0
72968,0
137745,1
1998,1
67383,0
76314,0
31552,0
40547,1
53331,1
89467,0
18895,0
113468,0
121820,0
126858,0
30825,0
79389,0
121616,0
88854,0
26127,0
128237,0
65767,0
11307,0
114057,0
25491,0
42163,1
321,1
125467,1
128680,0
122689,1
81581,0
119595,0
100231,0
62292,0
51567,0
58078,0
94667,0
94568,1
15186,1
88811,0
61728,0
58839,1
40893,0
63371,1
45145,1
21364,0
5710,0
119642,0
34895,0
10050,0
119107,1
25640,0
134905,0
62727,0
55478,0
100815,0
15113,0
29289,0
64703,0
14852,0
24739,0
112085,0
9879,1
76013,1
62888,0
43577,0
20914,0
139062,0
27891,0
119631,0
133652,0
47484,0
12404,0
96815,0
125838,1
10604,0
36840,0
42018,0
35705,0
98869,0
37877,0
101164,0
103851,1
16959,1
58380,0
129950,1
15221,0
119177,0
40683,0
90539,0
10217,0
104801,0
68009,0
111324,0
25282,0
9722,0
139658,1
130745,0
81002,0
45801,1
30468,1
50800,0
112091,1
97383,0
24040,0
27296,0
49684,1
138775,0
131411,0
74562,0
93000,0
103350,0
14643,0
137843,0
109767,0
66303,0
72496,0
139676,0
28241,1
65425,0
67544,0
78416,0
47784,0
43469,0
57019,0
110840,0
15430,0
6739,1
88859,1
99186,0
18118,0
1270,0
93909,0
29062,0
101898,0
49904,0
76988,0
114792,0
57121,0
1047,1
976,0
28352,0
118933,0
24656,1
58372,0
20806,0
126706,0
136831,0
68366,0
71165,0
60650,0
105544,0
77583,0
105047,0
111984,0
66782,0
46335,0
28229,0
65479,0
80063,0
89179,0
67124,0
7542,0
54034,0
109489,0
40293,0
19767,0
61953,0
20954,0
114530,0
83630,0
118388,0
1568,0
129216,0
122704,0
48212,0
83913,0
2405,0
68166,0
76097,1
58806,0
79350,1
27686,0
124218,0
136278,0
68384,0
134636,0
24143,0
118360,1
103772,1
122138,0
26417,0
108433,0
112038,0
4390,0
84710,0
74320,0
118204,0
137085,0
75432,0
111780,0
35369,0
136986,0
52959,0
108097,0
127216,1
20225,0
3773,0
115099,1
35232,1
125407,0
112164,1
53555,0
55447,0
134776,0
16973,0
46610,0
90035,0
55986,0
136737,1
130295,1
137244,0
47608,0
116035,0
56036,0
29085,0
54720,0
111800,0
109764,0
103526,0
66789,1
73234,0
129099,0
15213,0
91590,0
88939,0
75769,0
15876,0
72797,0
79110,1
133335,0
25311,0
71312,0
109878,1
37113,0
73813,0
74299,0
6720,1
17794,1
72697,0
45272,0
40272,0
81245,0
78154,0
83977,1
62373,0
29942,1
56368,0
70506,0
131334,1
18701,0
112216,0
77701,0
135302,0
17228,0
119415,0
32879,0
84118,1
125591,0
90089,0
118241,0
52313,1
121143,0
109131,0
109291,0
117543,1
65786,0
61325,0
132563,0
18468,0
23507,0
97515,0
36215,0
99962,0
54137,0
51657,0
89463,0
120154,1
54074,1
52037,0
10450,0
125834,1
64944,0
122937,0
116273,0
30742,0
69407,0
3816,0
6190,0
119289,1
93537,1
60661,1
61845,0
113548,0
57974,0
8653,0
18262,0
30092,0
94639,0
9234,0
42159,1
21418,0
100940,0
46995,0
53241,0
19916,0
120489,0
60876,0
121164,0
815,0
126867,0
2012,0
123578,0
35266,0
27547,0
72778,0
39582,0
88437,0
11106,0
36264,0
111890,1
44444,0
5757,0
35144,0
45467,0
114991,0
27975,0
36667,0
97735,1
93758,0
67841,0
34475,0
54627,0
135392,0
126417,0
117764,1
105874,0
135354,0
136206,0
126970,1
78124,0
55790,0
137716,0
49061,0
58182,0
46320,0
124938,1
53044,0
77484,0
2872,0
22568,0
16336,1
28831,0
90086,0
61577,0
131011,0
123434,0
80329,0
87644,0
111022,0
14331,0
80519,0
19584,1
126948,0
99885,0
5528,0
27136,0
23482,0
99854,0
60776,0
1383,0
87452,0
39500,0
116756,0
71808,0
56473,0
4477,0
76555,0
68471,1
59965,0
42643,0
138160,1
34869,0
98959,0
136325,0
116660,0
38146,0
3194,0
60734,0
129974,1
137896,0
81439,0
49850,1
44810,1
73022,0
7724,0
102415,0
86246,0
101735,0
9721,0
91936,0
109762,0
3087,0
139009,0
122074,1
55663,0
97167,1
19742,0
107005,0
11337,0
19878,0
83111,0
51247,0
76151,0
13379,0
129850,1
82166,1
87600,0
37340,0
118807,1
112853,1
65704,0
40136,0
25777,0
46691,0
123514,0
47794,1
64978,0
62057,0
32315,1
125850,0
83444,0
37795,0
86596,1
98056,0
108916,1
92712,0
9561,0
132783,0
41313,0
110565,0
44748,0
121671,0
132859,0
34914,0
52546,0
125607,0
63740,0
83897,1
83418,0
30600,1
95252,0
77989,0
48250,0
137683,0
52006,1
82066,0
16830,0
78279,1
72733,0
700,0
54837,0
38950,1
96208,0
105894,0
39201,0
125114,0
127650,0
47729,0
17715,0
62385,0
85755,0
111480,0
127579,0
2438,0
75442,0
45334,0
113239,0
63158,0
85517,0
37532,0
66670,0
105505,0
85191,1
94558,0
91610,1
41107,0
46340,0
11943,0
126610,0
31899,0
131228,0
39193,0
130025,0
101823,0
32934,0
9450,0
21432,0
1730,0
97179,0
48173,0
62347,0
111497,0
127470,0
53621,0
82631,1
110740,0
121649,0
37299,0
32283,0
7250,0
125419,0
70591,0
117350,0
21850,0
70148,0
96254,0
131467,0
34764,0
38955,0
99946,0
120886,0
112081,0
93980,0
61418,0
65994,0
6086,0
55649,1
66071,0
102522,1
77897,0
77152,1
126423,0
105947,0
104082,0
25554,0
75356,0
140096,0
140073,0
50172,0
139906,0
45845,0
76139,0
1934,1
65318,1
61801,0
70915,0
67155,0
30369,0
32450,0
66774,0
6440,0
48726,0
24839,0
32604,0
28440,0
98407,0
133896,0
114921,0
114102,0
63533,0
78606,0
81649,0
82263,0
69045,0
15836,0
87295,0
57992,0
108717,0
107685,1
25990,1
5015,0
88265,0
36739,0
138089,0
126320,0
139247,0
114206,0
91965,0
28982,0
55417,0
67282,0
548,0
125505,0
7445,0
37715,1
94875,0
48157,0
132144,0
43410,0
67438,0
131512,0
57447,0
31933,0
126962,0
120540,0
77249,0
67341,1
96859,1
14859,0
108719,0
50445,1
85630,0
33316,0
95359,1
94351,0
80262,0
75419,0
60170,0
38840,0
41050,0
31381,0
6830,0
103933,0
31106,0
11772,1
77337,0
49213,0
30488,0
9321,0
28140,0
115718,1
850,0
29510,1
60550,0
33387,0
127151,0
64791,0
111068,0
46509,0
63097,0
1054,0
10941,0
122644,0
26813,0
99066,0
127123,0
8294,0
110867,1
66702,0
47176,0
22508,0
66671,0
76938,0
96239,1
114070,0
74443,0
132089,1
80317,0
80497,0
14430,0
41884,0
66342,0
14228,0
5512,0
105603,0
100332,0
51612,1
127962,0
74841,1
135203,0
55030,0
109084,0
60633,0
40292,0
27642,0
84962,0
71690,1
122826,0
94938,0
30339,0
106288,1
30456,0
98761,0
73954,1
94885,0
92908,0
13216,0
6356,0
7324,1
42833,0
72022,0
60323,0
109509,0
72723,0
107404,1
92502,0
86618,0
113799,0
56257,1
116172,0
84204,1
120576,1
62011,0
73298,0
87534,0
32258,0
73591,0
80214,0
36955,0
90522,0
94790,0
51525,0
26015,0
20622,0
19279,1
126884,0
126239,0
30022,0
23589,0
69951,0
113280,0
7896,0
1818,1
29708,1
116944,1
127271,0
98848,0
41823,0
59097,0
124376,0
45968,1
67232,0
63039,0
126043,0
105577,0
106458,0
74033,0
53662,0
70458,0
136103,0
101895,0
73056,0
62631,0
114256,0
98004,0
78123,0
95201,0
74195,0
87463,0
42587,0
573,0
101977,1
124638,0
15634,0
25252,0
72074,0
133821,0
76217,0
91573,0
131316,0
32481,0
38964,0
89270,0
103281,0
12448,0
20259,0
70509,0
120254,0
99226,1
78060,1
55329,0
32780,0
139429,1
95033,0
20523,0
90720,0
56754,0
41089,0
115392,0
28707,0
26709,0
83727,0
92078,0
41193,0
110562,0
116459,0
33310,0
71396,1
52126,0
30690,0
29191,0
88191,0
113399,0
11932,0
120851,0
63848,0
75507,0
84600,0
45662,0
123562,0
115123,0
61608,0
69011,0
58443,0
89485,1
95922,0
69867,0
54670,1
6517,1
67016,0
105263,0
17150,1
96687,0
113194,0
108172,0
103747,0
12181,0
8991,0
2195,0
122018,0
15693,0
46280,0
114986,0
42589,0
119408,0
102196,0
56295,0
16752,0
50944,0
86758,0
87016,1
124509,0
83325,0
50351,0
61688,1
62542,0
20234,0
53419,1
67641,0
112226,0
66676,0
85818,1
20952,0
82653,0
136717,0
57887,1
131406,0
104135,0
119281,0
21259,0
123238,1
79512,0
22199,0
119892,0
64077,0
131577,0
33425,0
48933,0
111680,0
70861,0
137108,0
110890,0
78869,0
13406,0
20443,0
31560,0
6474,0
93465,0
80605,0
3486,0
11612,0
84379,0
3690,0
112560,1
1762,1
88791,0
139019,0
48662,0
31635,0
116699,0
35410,0
34982,0
110227,0
122878,0
92963,0
85912,0
110802,1
132929,0
62363,0
23455,0
42083,0
49699,0
27936,0
1154,0
35345,1
101924,1
82078,0
80555,0
48132,0
111443,0
118525,0
103855,0
47527,0
113561,0
83063,0
2004,0
54682,1
52756,0
8790,0
93092,0
129035,0
53079,0
41396,0
39425,0
9298,0
7335,0
23715,1
81313,0
7820,0
27392,0
39508,0
71179,0
129642,0
31415,0
87494,1
21609,0
137692,1
101158,0
138211,0
134349,0
88729,0
60900,0
38346,1
19989,0
41026,0
120334,1
3465,0
23620,0
9186,0
98978,0
41577,0
43961,0
8265,0
107405,0
22596,1
137096,1
102671,0
49514,0
20450,1
114650,0
80924,0
68165,0
93083,1
98941,0
97432,0
8714,0
76756,0
89390,1
14510,1
86577,0
120698,0
53293,0
122000,1
95519,0
95370,1
123745,0
69247,0
113536,0
135372,0
133443,0
95622,0
86927,0
18245,1
78631,0
130081,0
122960,0
96301,1
35069,1
45329,0
87869,0
82666,0
3578,0
52856,0
139210,0
105422,0
32382,0
125746,0
63167,1
26940,1
121168,0
85954,0
68659,0
136195,1
90859,0
46643,0
115546,0
125130,0
66316,0
19886,0
23472,0
115061,0
49314,0
7002,0
71440,0
29010,0
95933,0
56652,0
122088,0
6370,0
54401,0
112459,0
111027,0
55379,0
107673,0
117282,0
49036,0
133711,1
94781,0
42870,0
13502,1
107292,1
69223,0
11805,0
117476,1
33649,0
77406,0
123021,0
41326,0
59575,1
49542,0
70378,0
35713,1
119533,0
53540,0
30597,0
125143,0
24799,1
37099,0
68655,0
72529,0
19244,0
89112,0
80276,0
86770,0
85318,0
116806,0
83332,0
33596,0
124093,0
50956,0
96290,0
112400,0
5270,0
77263,0
72335,0
136120,0
94767,0
124639,1
50391,0
49747,0
102608,0
78572,0
136694,1
35921,0
135456,0
64165,0
49769,0
52439,1
32110,0
44353,0
39164,0
38344,0
69748,0
8111,0
4288,0
81803,0
139942,0
45103,0
105935,0
95351,1
69265,1
98174,0
21401,0
101230,0
123314,0
11468,1
84171,0
127932,1
23226,0
53587,0
25602,0
31798,0
44875,0
114234,0
129428,1
87298,0
121028,0
1222,1
74468,1
91425,0
139866,0
80873,0
39467,0
29415,0
2305,1
84304,0
93007,0
125080,0
13603,1
8904,0
126841,0
122709,0
24320,0
84531,0
60630,0
48810,0
43360,1
101995,0
90881,0
56189,0
129256,0
49587,1
66011,0
116946,0
8927,0
75960,0
68600,0
15244,0
47061,0
112871,1
5511,0
7711,0
27796,0
63933,1
72242,0
68024,0
118072,1
102969,0
126188,0
99086,0
41717,1
2832,0
41605,0
121513,0
130985,0
14327,0
92028,0
40133,1
14152,0
3973,0
55852,0
136597,0
34046,0
126934,1
77356,1
4091,0
5806,0
70525,0
44273,1
41130,0
101782,1
53510,0
66601,1
98224,0
112137,0
69797,0
107110,0
35790,0
26377,0
116967,0
40102,0
54521,0
40032,0
91460,0
85880,0
125187,0
14872,0
9787,0
62201,1
51066,1
15381,0
129310,0
72044,0
12546,0
9176,0
19758,0
13103,1
47291,0
16308,0
139666,1
19763,0
11914,0
94169,0
124169,0
39766,0
59546,0
92950,0
24827,0
136261,0
14818,0
39142,0
133368,0
97109,0
96597,0
91480,0
11602,0
23095,1
10975,1
96886,0
128108,0
40034,0
97172,0
76848,0
1395,0
24383,0
114990,0
123161,0
138001,0
27860,0
123182,1
8564,0
75340,0
130371,1
22599,0
52571,0
3774,0
34928,0
82394,0
5552,1
137762,0
82986,0
79605,0
136077,0
13840,0
100494,1
139747,0
6237,0
106692,0
16643,0
79182,0
126013,0
91654,1
33683,0
55553,0
136988,0
2008,0
3315,0
93371,0
51922,0
42597,0
36910,0
140584,1
96821,0
45796,0
114236,0
12331,0
96840,0
110899,0
94593,1
27839,0
126363,0
138752,0
7721,0
126000,1
97701,0
111494,0
64761,0
69300,1
122797,1
9255,0
48770,0
20899,0
15824,0
120367,0
82691,1
32722,1
9084,0
50574,1
20479,0
123720,0
6612,0
127415,0
7697,0
47596,1
87565,1
80371,0
129247,0
49653,0
120025,0
19428,0
24041,1
2416,0
48511,0
124609,0
41176,0
37144,0
59780,0
76994,0
16656,1
86675,1
107918,1
106454,0
138155,0
19262,0
131735,0
73554,0
32589,0
112946,0
110669,1
47156,0
8463,0
73260,0
55828,1
9205,1
74169,1
70622,0
34318,0
110430,0
112553,1
139081,1
70220,0
116594,0
28640,1
70161,0
84393,0
35833,1
4093,0
70951,0
134670,0
77078,0
17907,0
120497,0
60473,0
5114,0
101003,1
39945,0
6315,0
124656,0
18343,0
103464,0
102031,0
83408,1
109680,0
112850,0
111314,0
31283,0
9667,1
124643,0
95279,0
116971,0
36936,0
38434,1
12721,0
127211,0
119845,0
133772,0
24271,0
25968,0
134436,0
63889,0
85774,0
75102,0
129364,1
30782,0
19770,0
33502,0
97186,0
101110,0
136216,0
103115,0
127706,0
28678,0
137068,1
128717,0
138035,0
94257,0
40673,0
65512,0
68992,1
84743,0
119958,1
98262,0
3478,0
120020,1
28254,0
32350,0
32630,0
40200,0
96786,0
37663,0
78486,0
138064,0
103388,0
16552,0
91310,0
81954,0
90988,0
56646,0
51253,0
67452,0
40486,0
93382,0
40989,0
110650,0
11554,1
24177,0
43951,0
93453,0
67811,0
132569,0
102570,0
85736,1
132827,1
134713,0
55947,0
38530,0
103334,0
377,0
39869,0
44542,0
28874,0
27971,0
58162,1
29391,0
4104,0
118119,1
98512,0
64395,0
43721,0
74928,0
73546,0
111462,0
71259,0
91622,0
14015,0
59153,0
95576,0
16071,1
54843,0
52823,0
1143,0
42985,1
69342,0
62430,0
105299,1
82327,1
635,0
93514,0
35925,0
18636,1
41465,0
15573,0
113894,1
69597,0
42949,0
30511,0
62087,0
112706,0
43008,0
97924,0
22036,1
106175,0
136295,0
110327,1
12039,0
35579,0
5665,0
104050,1
9350,0
37995,0
85323,0
48771,0
77438,0
108380,0
98204,0
40134,0
51536,0
1014,0
505,0
121727,0
42262,1
69653,0
99140,0
24880,0
120865,0
59939,0
34413,0
91756,0
87749,1
64243,0
42610,0
15076,1
35827,1
135560,0
28772,1
20846,0
97006,1
3147,0
67540,0
94468,1
110683,1
38271,0
53774,0
14493,0
109141,0
111714,0
7596,0
14062,0
88292,0
53272,0
12583,0
90330,0
74580,1
56855,0
41581,1
37493,0
138562,0
6442,0
129437,1
7387,0
41473,0
123301,0
32155,0
435,0
110927,0
104861,1
35880,0
105154,0
10086,0
20062,0
58350,0
12879,0
3003,0
26101,0
45625,0
30929,0
85192,0
9537,1
51508,0
92975,0
89501,1
5765,1
21764,0
42837,0
42067,0
132617,0
112165,0
55320,0
69481,0
2014,0
11253,1
81675,0
122703,0
50551,0
12159,0
64000,0
72867,0
26037,0
8291,0
74574,0
132493,1
19801,0
95006,0
130055,1
90536,0
86955,0
116185,0
75972,0
116581,0
127001,0
31394,0
69626,0
77831,0
36452,0
61806,0
77896,0
99021,1
53862,0
43111,0
113666,0
34925,0
88515,0
112467,0
114250,0
39314,0
9147,0
4581,0
87240,0
128934,0
122562,0
58019,1
88449,0
133682,0
125624,0
111194,0
83938,1
82332,0
133351,0
97977,1
70415,1
11,0
81483,1
96232,0
89435,0
78407,1
140441,0
61127,0
15666,1
43637,1
33473,1
27091,0
30459,1
67965,0
73920,0
20490,1
40967,0
56784,1
43340,0
69146,0
43817,0
14336,1
139903,0
46833,0
31047,0
26445,0
65280,0
80993,0
128918,0
6382,0
105470,1
95204,1
48512,0
55392,0
45539,0
118053,0
1543,0
134331,0
111874,0
86691,0
77936,0
64124,0
60520,0
41353,0
75492,1
8367,0
132529,0
96217,0
28981,0
140607,0
83202,0
46834,0
73508,0
101844,0
46665,1
24187,0
64359,0
9568,0
55446,0
107841,0
93856,0
15424,0
98105,0
124528,0
76297,0
59528,0
111313,0
28689,0
135517,0
114216,0
80925,0
82221,0
100751,0
131233,0
103613,0
86829,0
52202,0
132316,0
51795,0
66480,0
21857,0
21357,1
51875,0
42051,1
103045,0
38158,0
127877,0
117636,0
50089,0
115220,0
57582,0
37702,0
136519,0
93655,0
72288,0
90008,0
53627,0
105957,0
94515,0
12979,0
90371,0
79805,0
102994,0
44741,0
49192,0
117024,0
41643,0
67194,0
41208,0
105339,1
136047,0
9283,0
112668,0
92106,0
55746,0
61422,1
66028,0
55615,1
23761,1
75512,0
10579,0
77819,0
45920,0
139045,1
81775,0
23483,0
111864,0
118850,0
30784,0
31545,0
104274,1
89101,1
107589,1
63941,0
11661,0
17726,1
103995,0
112198,0
43040,0
75600,0
131737,0
1583,0
66824,0
23684,0
62511,0
105741,1
65984,0
36107,0
71438,0
6608,0
45832,0
7256,1
132084,0
26906,0
29740,0
125870,0
80891,0
9385,1
64901,0
8191,0
81197,0
110374,0
11012,0
52865,1
83908,0
53982,0
40325,1
97577,0
22890,0
45010,0
98725,0
25658,1
23563,0
42737,0
103479,0
87113,0
64362,0
2560,0
52114,0
96726,1
117137,0
113080,0
63500,0
92717,0
82922,0
138159,0
99816,0
115100,0
61380,0
16480,0
62099,0
51478,0
90956,0
123740,0
129358,0
8075,0
54642,0
103894,0
15130,0
67704,0
91088,0
76274,0
102620,0
49605,1
12684,0
117041,0
124496,0
70706,0
41364,1
140358,0
37821,0
44479,0
99317,0
137023,0
17488,1
116077,0
8368,0
100485,0
140190,0
55387,0
129465,0
64845,0
39596,0
14574,0
81417,0
140357,0
14013,0
87422,1
30328,0
114682,0
118877,1
10635,0
43342,0
110989,0
80855,0
45494,0
35197,0
69735,1
75042,0
127345,0
87168,0
55629,0
63280,0
134066,0
116451,0
79262,0
3035,0
137485,0
87372,1
50630,0
120473,0
7414,1
87661,0
97406,0
99430,0
79027,0
60916,1
83917,0
133439,0
6650,0
130157,0
137400,0
11178,0
5657,0
43569,0
10247,0
110961,1
123954,1
71205,0
66294,0
113824,0
48278,0
61257,0
3720,0
79188,0
115949,1
74800,0
14433,0
938,0
87886,1
108179,0
123852,0
76270,1
99070,0
28583,1
83722,0
56084,0
5057,0
122910,0
77267,0
77709,0
87093,0
97854,0
110694,0
75020,0
60428,0
37834,0
130403,0
129386,1
129342,0
130119,0
112833,0
43394,0
23643,0
89073,0
138677,0
107079,0
121272,0
37926,1
75233,0
105106,1
69646,0
36513,0
106205,0
87953,0
85557,0
125667,0
39043,0
93763,1
98016,0
98401,0
24927,0
11688,0
34103,0
24152,0
2563,0
59026,0
109056,0
31872,1
38681,0
24310,0
21068,0
14099,0
139250,0
29061,0
113903,0
27472,0
121962,0
10010,1
105783,0
74142,0
126860,0
39080,0
113707,0
14728,0
27175,0
23007,0
14355,0
126305,0
95921,0
28485,0
33713,1
24435,0
52977,0
128674,0
68628,0
54341,0
101495,0
38813,0
106955,0
45016,0
135787,0
63903,0
28544,1
134026,1
129056,0
90478,0
21120,0
112630,0
100014,0
23792,0
109816,0
33158,0
63140,0
29374,0
4569,0
13329,1
74002,1
77925,1
75241,0
111414,0
102259,0
131329,0
69332,0
3047,0
106164,0
137874,0
78128,0
43048,0
109616,0
45194,0
47299,0
129702,0
98271,0
11501,0
47027,0
69289,0
85373,0
56790,0
14269,0
6715,1
120157,1
27626,0
32066,1
85401,0
35221,0
116654,0
138622,1
36612,1
98739,0
24731,0
138817,0
130249,0
16487,0
93717,1
134002,1
7048,0
51168,0
9869,0
17637,0
33514,0
86408,0
28737,0
65085,0
43960,0
106337,0
11870,0
109527,0
12521,0
31193,0
99304,0
122939,0
113047,0
45915,1
93365,0
129934,0
9775,0
75759,1
87456,0
139822,0
112271,0
19416,0
99364,0
111178,0
67500,0
6959,1
59742,0
18606,0
109845,0
104259,0
54454,0
8804,0
114026,0
73421,0
65544,0
104991,1
108060,0
52220,0
104166,0
54162,1
120553,1
5569,0
14415,1
93013,0
34446,0
22801,0
67378,0
120280,1
22464,0
134274,1
51265,0
63723,0
18815,0
62684,0
42578,0
115311,1
134844,1
92652,0
39641,0
68692,1
1857,0
15799,1
8528,1
75441,0
19077,0
102623,0
8572,0
18154,0
137194,1
24003,0
102951,0
9783,0
104310,1
6360,0
112823,0
56488,0
58717,0
11571,1
72378,1
125990,1
98806,0
78288,0
74018,0
42990,0
44314,0
77829,0
86531,0
140627,0
20040,0
98241,0
91800,0
95207,0
114502,0
33268,0
85830,0
58089,1
71848,0
14039,0
45275,0
135584,0
117230,1
108123,1
12582,0
108562,0
93472,0
62448,1
121872,0
61707,0
96353,1
39801,0
11150,0
49203,1
95403,0
6220,0
10867,0
139980,0
30721,0
134719,0
34121,0
100651,0
110869,0
80066,0
133764,0
128395,0
58064,1
47133,0
78396,0
60236,0
123366,0
98399,0
96655,1
27477,0
106,1
29642,0
40223,0
89392,1
22214,0
136957,0
26641,0
124889,0
38594,0
2528,0
15135,0
48193,1
19207,1
15549,0
48987,1
132506,0
84938,0
140594,1
103721,0
112361,1
22483,0
40316,0
2202,0
38676,0
140476,0
64855,1
22560,0
109304,0
129241,1
129107,0
117623,0
10929,0
116885,0
129383,0
112876,0
57735,1
50571,0
15734,0
95120,0
80382,0
79465,0
14917,0
14082,1
41382,0
30630,0
64645,0
64277,0
30804,0
37436,0
54315,0
75118,0
1171,0
29945,0
67188,1
115656,1
55412,0
72449,0
63888,0
115935,0
21860,1
135214,1
93707,1
73450,0
47307,0
19100,0
56827,0
12598,1
31973,1
53458,0
122361,1
120146,0
40218,0
100784,1
24502,1
64443,0
77879,0
33285,0
100934,1
8721,1
130832,0
55501,0
107864,0
2593,0
51093,0
85904,0
57266,0
63855,0
97964,0
96805,0
37445,0
25308,1
103074,1
82281,1
79564,0
113636,0
64733,0
108332,1
17884,1
131016,0
99565,0
54125,0
115450,0
77908,0
122846,0
91013,0
70020,0
111669,1
50899,0
51849,1
94834,1
112942,0
95377,0
109284,0
45658,0
79363,0
111009,0
91181,0
9555,0
100917,0
128181,0
117154,0
140090,1
134188,0
50062,0
65037,1
55678,0
65643,0
111910,0
51614,0
99168,0
48544,1
112839,0
81362,1
113842,1
48892,0
78289,0
70863,1
34000,0
98777,0
63468,0
46079,0
108748,0
54527,1
106229,0
100375,1
127219,0
123516,0
137733,0
122580,1
139409,0
57536,0
47787,0
11114,0
95376,0
66726,0
119900,0
19165,0
29298,1
95432,0
11512,0
16898,0
21527,1
113821,0
20048,0
18382,0
82668,0
24296,0
35976,0
75725,1
120906,0
71125,0
3834,0
90083,0
52400,0
55816,0
62382,1
125231,0
88059,1
112941,0
137809,0
27974,0
96352,0
33373,0
33153,0
21768,0
56991,0
72443,0
73427,0
128060,0
22082,0
12845,0
22153,0
89624,0
15385,0
17302,0
127167,1
39637,1
139042,0
14449,0
92116,0
118861,0
140507,1
57330,0
68691,0
1254,1
68807,0
42485,0
57644,0
7284,0
25349,0
134507,0
10862,0
96570,0
109202,1
69740,0
54016,0
2383,0
109809,0
110449,0
276,0
57771,0
67883,0
93293,0
34554,0
1458,0
41678,0
97821,0
134579,0
113456,0
38971,0
97099,0
56687,0
25648,0
61183,1
37721,0
94827,0
81192,0
41377,0
98255,0
126824,0
88464,0
125761,0
69412,0
134732,0
111829,0
98093,0
29328,0
61972,0
97065,0
98583,0
28690,1
129252,0
139385,0
55121,0
30249,0
51842,0
12222,0
120650,0
98998,0
17031,1
25464,0
132629,0
65934,1
87940,0
18853,0
125759,1
74606,1
87387,0
91878,0
127440,0
106906,0
114645,0
118216,1
126862,0
104376,0
5410,0
96526,0
123649,0
64019,1
99072,0
70833,0
30178,0
118325,0
15696,0
12403,1
18688,0
130510,0
114474,1
55753,0
113797,0
100456,0
70077,0
130889,0
136789,0
37989,0
127581,0
123772,1
22402,1
9250,0
79814,0
136173,0
106008,0
42983,0
49693,0
11274,0
35726,0
82050,1
4270,0
21528,0
98253,0
97661,0
67119,0
18342,0
13252,0
86093,1
76219,0
108879,0
96940,1
76396,0
49919,0
56193,0
91287,1
20017,0
73266,0
82997,0
109455,0
73083,0
139315,1
2497,0
6227,1
66779,0
60019,0
77133,0
60923,0
88835,0
112011,0
97910,0
80864,0
129162,0
119264,0
37705,0
64593,0
11234,0
95440,0
16572,0
108415,0
35463,0
73325,0
70151,0
62612,1
20284,1
43648,1
115588,0
37343,0
24343,0
21626,1
15374,0
43676,0
8848,1
131402,1
22624,0
49920,0
136652,0
108515,1
106796,0
79309,0
40722,1
109119,0
73800,0
26960,0
74233,0
37974,0
58148,0
73577,0
43606,0
103300,0
72931,0
37902,1
86354,0
124423,0
117757,0
107453,0
96731,0
94336,0
43922,0
123200,0
87574,0
58435,0
6213,0
119154,0
75035,0
53730,0
130595,0
104148,0
90046,1
78855,0
125765,0
138531,0
97414,0
116714,0
9275,0
56667,0
132298,0
89239,0
68871,0
5450,0
85311,0
15741,0
36993,0
93943,0
117328,0
83176,0
12671,0
7660,0
29946,0
37033,0
55179,0
7164,0
85514,0
54424,0
83095,0
25354,0
6995,0
64672,0
22231,0
59624,0
66231,0
82794,0
19631,1
86929,0
133973,0
74458,0
12629,1
24914,0
25112,0
36529,1
46868,0
72516,0
11598,1
106556,0
116648,0
30321,0
22603,0
103108,0
112391,0
88244,0
35426,0
14273,0
105057,0
114170,0
81723,0
41506,0
65416,0
126891,0
106070,0
41603,1
51906,0
104377,1
125206,0
82930,0
108692,0
1557,0
136256,0
99329,0
131637,1
30553,0
5008,1
58680,0
65609,0
22327,0
47412,0
54944,0
130161,1
65802,0
134148,1
47203,0
120550,0
112770,0
42808,0
38040,0
22776,0
101346,0
82105,0
72139,0
132727,0
111792,0
77180,0
115771,0
44900,0
63649,0
117760,0
99799,0
21499,0
78399,0
46766,0
125502,0
83447,1
59932,0
29882,0
43024,0
119734,1
136626,0
13395,1
126405,1
13925,0
16808,0
53170,1
126676,0
48444,0
136650,0
70678,0
66202,0
54895,0
130301,0
97448,0
107087,0
92265,0
67884,1
25880,0
79094,0
115657,0
83185,0
114700,0
53888,0
15146,1
99442,0
27881,0
59615,0
98786,0
110394,0
27958,0
17397,0
66138,0
8129,0
69090,0
90219,1
68967,0
13813,1
30947,0
133343,1
83370,0
128074,0
37968,0
46751,0
45849,0
90694,0
1825,0
74524,0
28029,0
59527,0
124115,0
33430,0
129740,0
46857,0
98929,0
74705,0
8115,0
42048,0
65060,0
92933,0
115862,0
26946,0
46367,0
125370,0
51886,0
60189,0
11329,1
3742,0
7379,0
50862,0
83565,0
61057,1
37874,0
17913,0
88097,0
77607,0
65623,0
21610,0
83978,0
8198,0
24481,1
26477,1
57103,1
67886,0
105475,0
100775,0
17235,0
17609,0
35775,0
124640,0
29458,0
44116,0
25408,0
91380,0
16076,0
62785,0
109966,0
96017,0
6669,0
107819,0
40010,0
121537,0
139672,1
98606,0
45713,0
32321,0
90715,0
98758,1
80236,0
70635,0
118287,0
45996,0
83169,0
9462,0
67101,0
64385,0
10027,0
132584,0
84659,0
12264,0
53165,1
74277,0
3360,0
62222,0
99944,0
103581,0
62224,0
115303,0
52954,0
62799,0
31373,0
32646,0
82162,0
116782,1
111618,0
15933,0
7726,0
101870,1
21631,0
106332,0
28019,0
112406,0
120741,0
47583,0
13025,0
59406,0
79660,0
61364,0
13413,1
100793,0
39049,0
63940,0
65233,0
70136,0
50747,0
101890,0
124574,0
104521,0
72691,0
121785,0
25242,0
49070,0
104322,0
66970,0
101548,1
75563,1
52749,0
72405,0
22590,0
97835,0
50674,0
114302,0
137767,0
58513,0
1255,0
129877,1
14673,0
93010,0
69667,0
38976,1
84266,0
28017,0
55034,0
59991,0
20912,0
58784,0
119783,0
5277,0
75839,0
140689,0
107827,0
139867,0
35161,0
63683,0
68830,0
136107,1
25944,0
106447,1
28016,0
115112,0
6095,0
130566,1
2529,0
11508,0
108391,0
63567,0
11301,1
66305,0
32374,0
93984,0
96358,0
129516,1
48448,0
102376,0
22069,0
90436,0
17577,0
12709,1
111452,0
68345,1
98862,0
58619,0
3083,0
352,0
63820,0
2695,1
95289,0
54383,1
34854,0
128962,0
128874,1
121644,0
22468,0
54407,0
86678,0
6003,1
118748,0
64398,0
106683,0
45212,0
108885,0
58268,0
55911,0
48682,0
8903,0
114553,0
128287,0
126351,0
32492,0
21325,0
139282,0
3752,0
69672,1
50541,0
88212,0
121894,0
136721,0
39790,0
122895,1
58803,0
89250,1
100952,0
49726,0
46681,0
110699,0
45760,0
91533,0
60674,0
138534,0
40098,0
69363,0
1688,1
73689,1
27371,1
78818,1
1654,0
11978,0
137095,1
71423,0
19245,0
59011,1
74344,0
1487,0
136561,0
33988,0
59475,0
57127,1
59577,0
79248,0
96323,0
109384,0
75583,0
137179,0
5891,0
119128,0
69497,0
102553,0
40294,1
55813,0
136386,0
74161,0
131102,0
114029,0
3648,0
101115,0
103718,0
140608,0
54134,1
52834,0
67364,0
90517,0
17631,0
7787,0
97817,0
139909,0
55752,0
78414,0
131731,0
92013,0
125146,0
29285,0
69860,0
59164,0
87664,1
118612,0
137454,0
85948,1
101899,0
94881,0
86102,0
77118,0
37393,1
69588,0
60474,0
80046,0
34082,0
956,1
11639,0
117357,0
94516,0
15953,1
104473,0
62513,0
50321,0
52981,0
133922,1
105264,0
100296,0
37648,0
39100,0
130243,1
31949,0
5758,1
81532,1
45836,0
76255,0
67745,0
55648,0
139269,0
124500,0
12658,0
35230,0
18592,1
131085,0
64053,0
49341,1
104424,0
64033,0
16545,0
48248,1
118599,0
11177,0
18351,0
7116,0
28940,0
51560,1
35918,0
82468,1
9447,1
24247,0
67555,1
94752,1
45642,0
139119,0
52622,0
108689,1
139853,0
93524,0
44782,1
53250,0
70753,0
107302,1
112513,0
20963,0
93380,0
1520,0
69787,1
57340,0
50503,0
30387,1
104499,0
125575,0
98481,0
96194,1
86261,1
52841,0
67126,0
62676,0
46999,0
123433,0
90469,0
31293,0
102533,0
67620,0
30201,0
140164,0
105167,0
100163,0
30735,0
2284,0
126523,0
86521,0
52932,1
112232,1
126344,0
16682,0
8477,0
130914,0
72569,0
111288,1
133098,1
113155,1
113380,0
89845,0
85396,0
44164,0
78780,0
40948,0
92539,1
68332,0
63807,0
5308,1
43955,1
2595,0
135484,0
72557,0
114135,0
10235,0
4132,0
11112,0
15524,0
74771,1
79419,1
49467,0
56762,0
107335,0
41767,0
77730,0
32999,0
126686,0
93541,0
10623,0
25546,0
118368,0
93720,0
113268,0
36241,0
439,0
89475,1
114444,0
10319,0
64789,0
3278,0
112274,1
50228,0
64153,0
30501,0
119870,1
46710,0
76741,0
27967,0
29683,1
32168,0
21864,1
66657,0
24044,0
79918,0
106782,1
88636,1
36885,0
91213,0
124089,0
91927,0
99050,0
54480,0
135803,0
110998,0
139763,0
54752,1
52149,0
33295,0
18357,0
97697,0
96813,1
67348,0
108669,1
42415,1
16332,0
135600,0
10008,0
102554,0
90283,0
15226,0
71627,0
10606,0
17070,0
98768,0
33848,1
101871,0
121524,0
4502,0
39831,0
58385,0
22736,0
75678,0
83905,1
83724,0
88495,0
7092,0
76834,0
30188,0
11921,0
71909,0
89891,0
91674,0
88814,0
6902,0
15433,0
5792,0
87094,0
118019,0
116965,0
135563,0
70284,1
82903,0
68954,1
78196,0
84351,0
9076,0
91685,0
68007,0
125600,0
68756,0
3803,0
106649,0
99618,0
96350,0
119784,0
6675,0
74578,0
126337,0
111977,1
123395,0
105453,0
108116,0
14234,0
136960,0
113450,0
100053,1
80963,0
100049,0
36630,0
123003,0
54966,1
113429,0
86899,0
23653,1
77482,0
96807,1
106181,0
60840,0
19787,0
66229,0
91485,0
21491,0
13946,0
101462,1
32359,0
110480,0
84149,0
131853,0
47790,0
101987,0
98757,0
105933,0
115721,0
20123,0
70226,0
83163,0
119942,1
109180,0
127204,0
56791,0
23305,0
140568,0
76799,0
21279,1
49537,0
50127,0
45971,0
9882,0
9771,0
62439,0
127217,0
92606,0
116472,0
30531,0
119980,0
130417,0
134256,1
30758,0
109784,0
98713,0
95098,1
57916,0
134027,0
75941,0
128958,0
24260,0
536,1
28574,0
130071,0
101067,0
96697,0
91606,0
97788,0
73079,0
98949,0
116509,0
80981,0
109491,1
51959,0
45005,0
5526,0
91350,1
68818,1
83439,0
86187,1
131529,0
80584,1
85400,0
49772,0
92536,0
93520,0
29269,0
47575,0
78735,1
74353,0
4660,0
59532,0
19286,0
95899,0
133680,0
83222,1
65627,0
83590,0
30497,0
140364,0
25955,0
29221,0
28024,0
116599,0
52055,0
102478,1
51831,1
95631,0
76869,0
32583,0
44769,0
63514,0
82404,0
56082,0
78005,0
89061,0
44255,0
105225,0
127870,1
12005,1
73892,1
4540,0
24045,0
126592,0
20956,0
130138,1
69165,0
52776,0
65290,0
76791,0
42580,1
75207,0
1754,0
62383,0
126234,0
99606,1
42781,0
97412,0
132212,0
95763,1
48245,0
101470,0
66855,0
25512,0
22856,0
42885,0
9061,0
14695,0
16495,0
43172,0
75895,0
113309,0
131170,0
125530,0
42180,0
126979,0
123333,0
70856,0
8162,0
2912,0
64639,0
126440,0
134294,0
51882,0
130085,0
126335,0
92042,0
57546,0
21639,0
130052,1
37882,0
121447,1
116532,1
109885,0
627,0
6426,0
102084,0
204,0
125930,0
78100,0
70651,0
32570,0
96238,0
108933,0
989,0
22196,1
133478,0
22179,0
94580,0
49122,0
103480,0
44543,0
18026,1
81646,0
22541,0
97126,0
101595,0
12077,1
92619,0
98899,0
31908,0
66074,0
27616,0
102235,0
29537,0
109069,0
56370,0
98920,0
136091,0
89437,0
64687,0
59076,0
68689,0
103553,0
104926,1
121857,0
10492,1
128257,0
21159,0
128612,0
114846,0
99633,0
67753,0
2729,0
77628,1
95558,0
75018,0
29836,1
30125,0
6575,0
43565,0
60968,0
139699,1
14400,1
35944,0
107933,0
64360,0
83118,0
123298,0
73377,1
83511,0
100012,1
85829,0
127045,0
128005,0
4668,0
36371,0
138303,0
4405,0
50587,0
127846,0
106333,0
136079,0
132046,0
33467,1
139771,0
72908,1
76606,0
76316,0
113499,0
32928,0
132615,0
44144,0
69504,0
139156,0
138468,0
31882,0
126212,0
139838,0
110064,1
42312,1
131378,1
79119,0
55885,0
114197,0
74091,1
62752,0
15570,0
33910,0
57278,0
66435,0
40730,0
60072,0
82027,0
64405,0
18631,0
84614,0
123783,0
123232,0
58981,0
35793,0
40224,0
58894,0
48395,0
72138,0
57450,0
54478,1
41021,0
35701,1
49988,1
87272,0
70978,0
97645,0
56342,0
71889,0
44045,0
96902,0
8869,0
81474,0
87011,0
52475,0
103657,0
62523,0
70152,0
104510,1
3664,0
11659,0
132353,0
16820,0
75707,0
122047,0
132400,0
45802,0
129131,0
66455,0
48371,0
29140,0
138913,0
13402,0
59125,0
7973,1
26814,0
134611,0
121084,0
26265,0
71792,0
42809,0
71998,0
117606,0
68059,0
57470,0
100468,0
99032,0
83471,0
131555,1
33881,0
20388,0
10362,0
8581,0
19365,0
134286,0
31924,0
12251,0
110261,0
103963,0
37038,0
71957,0
18370,1
99583,0
36275,0
16261,0
37107,0
63199,0
83815,0
44821,0
112999,1
17522,0
8883,1
57138,1
93494,0
135339,1
19656,0
66716,0
101662,1
58214,0
137449,0
34223,0
1253,0
54599,0
62315,0
138697,0
69435,1
77119,1
39981,0
89586,0
110361,0
53471,0
70370,0
131028,0
65855,0
25747,0
34325,0
75702,0
13239,0
20757,0
58642,1
84404,0
33482,0
92403,0
68438,0
4800,0
98514,0
87617,0
62855,0
18969,0
31485,1
73852,0
79747,0
96798,0
21823,0
22533,1
67074,0
11821,0
60289,0
113397,0
89376,1
110475,1
681,0
16334,0
42066,0
48782,0
85987,0
116340,0
24265,0
10705,0
103481,0
138860,0
32731,0
93357,0
93109,0
73790,1
72881,1
112789,0
22022,0
115502,0
87458,0
5116,0
76691,0
13151,0
8781,0
23337,1
3000,0
93022,0
54794,0
69540,0
64504,0
110582,0
58859,0
114483,0
124460,0
14701,0
38691,0
69135,0
113493,0
68356,1
73397,0
33775,0
71818,0
20560,0
104698,0
9828,0
139026,1
4949,1
36459,0
8826,0
61368,0
35831,1
89700,0
137955,1
14279,0
26263,1
87621,1
125685,0
138885,0
110656,0
114288,1
60725,0
64801,0
77571,0
66253,0
55035,0
49907,0
134183,0
30113,0
2774,1
95716,1
2899,0
132053,0
75976,1
33394,0
134057,0
11367,0
108024,1
56601,0
130886,0
40156,1
24666,0
79519,0
24951,0
73862,0
2103,0
20563,0
135543,0
130922,0
68065,0
68630,0
138999,1
61202,0
115844,0
102120,1
59899,0
53443,1
16494,0
41027,0
83850,0
113963,0
109725,0
11011,0
54632,0
124968,0
125636,0
11610,0
69798,1
128925,0
137710,0
114560,0
101020,0
116132,0
61293,0
121831,0
45224,0
67825,0
56865,0
25274,0
10701,0
11996,0
117039,1
117010,0
16080,0
44486,0
58079,0
110028,1
18040,0
102842,0
11442,0
94140,0
86057,0
124117,0
52387,0
137492,0
44175,1
29741,0
37845,0
110626,0
98666,0
138277,0
133320,0
81301,1
134291,0
93058,0
109165,1
24998,0
26877,0
119559,1
9536,0
457,1
18079,1
97454,0
102401,0
84135,0
136328,0
50251,0
84726,0
97235,0
114082,0
122208,0
62771,0
7028,0
95277,0
55493,0
77810,1
15561,0
41036,0
108373,0
75776,0
117289,1
127176,0
